
> dev-board@1.0.0 dev
> next dev

  ▲ Next.js 14.2.5
  - Local:        http://localhost:3000

 ✓ Starting...
 ✓ Ready in 978ms
 ○ Compiling / ...
 GET / 500 in 1299ms
 GET / 500 in 12ms
 GET / 500 in 19ms
 GET / 500 in 10ms
[?25h

> dev-board@1.0.0 dev
> next dev

▲ Next.js 16.1.6 (Turbopack)
- Local:         http://localhost:3000
- Network:       http://192.168.100.126:3000

✓ Starting...

  We detected TypeScript in your project and reconfigured your tsconfig.json file for you.
  The following suggested values were added to your tsconfig.json. These values can be changed to fit your project's needs:

  	- target was set to ES2017 (For top-level `await`. Note: Next.js only polyfills for the esmodules target.)
  	- include was updated to add '.next/dev/types/**/*.ts'

  The following mandatory changes were made to your tsconfig.json:

  	- jsx was set to react-jsx (next.js uses the React automatic runtime)

✓ Ready in 1005ms
 GET / 500 in 1165ms (compile: 1115ms, render: 50ms)
✓ Compiled in 29ms
[?25h

> dev-board@1.0.0 dev
> next dev

▲ Next.js 16.1.6 (Turbopack)
- Local:         http://localhost:3000
- Network:       http://192.168.100.126:3000

✓ Starting...
✓ Ready in 240ms
 GET / 200 in 242ms (compile: 199ms, render: 43ms)
 GET /api/tasks 200 in 155ms (compile: 147ms, render: 9ms)
 GET / 200 in 38ms (compile: 6ms, render: 32ms)
 GET /api/tasks 200 in 9ms (compile: 4ms, render: 5ms)
 POST /api/tasks 201 in 7ms (compile: 1945µs, render: 5ms)
 POST /api/tasks 201 in 10ms (compile: 6ms, render: 3ms)
 POST /api/tasks 201 in 14ms (compile: 11ms, render: 3ms)
 GET /api/tasks 200 in 8ms (compile: 3ms, render: 5ms)
 DELETE /api/tasks/0abd8a5b-2ef6-487d-a69b-0f5b64a2a4ec 404 in 632ms (compile: 549ms, render: 83ms)
 DELETE /api/tasks/75c9bb63-b93b-4d39-99a0-fc0bf88b3217 404 in 57ms (compile: 1637µs, render: 55ms)
 DELETE /api/tasks/6a94407f-425d-4bfc-8cd9-2720b03306cc 404 in 62ms (compile: 725µs, render: 61ms)
 GET / 200 in 10ms (compile: 741µs, render: 9ms)
 POST /api/tasks 201 in 3ms (compile: 1118µs, render: 1450µs)
 POST /api/tasks 201 in 1574µs (compile: 387µs, render: 1187µs)
 POST /api/tasks 201 in 1492µs (compile: 429µs, render: 1063µs)
 GET /api/tasks 200 in 8ms (compile: 3ms, render: 5ms)
 DELETE /api/tasks/0abd8a5b-2ef6-487d-a69b-0f5b64a2a4ec 404 in 147ms (compile: 5ms, render: 141ms)
 DELETE /api/tasks/75c9bb63-b93b-4d39-99a0-fc0bf88b3217 404 in 108ms (compile: 587µs, render: 108ms)
 DELETE /api/tasks/6a94407f-425d-4bfc-8cd9-2720b03306cc 404 in 102ms (compile: 565µs, render: 102ms)
 DELETE /api/tasks/47f76267-569a-46f9-9e53-3756a75c1c70 404 in 105ms (compile: 656µs, render: 104ms)
 DELETE /api/tasks/4bc4d10d-a115-4290-b5e0-12af50aa4a05 404 in 111ms (compile: 1350µs, render: 110ms)
 DELETE /api/tasks/96273273-84ab-49a5-a671-b636c0cb7570 404 in 111ms (compile: 1256µs, render: 110ms)
 POST /api/tasks 201 in 3ms (compile: 727µs, render: 1842µs)
 POST /api/tasks 201 in 3ms (compile: 612µs, render: 1919µs)
 POST /api/tasks 201 in 2ms (compile: 665µs, render: 1493µs)
 GET /api/tasks 200 in 8ms (compile: 3ms, render: 5ms)
 DELETE /api/tasks/0abd8a5b-2ef6-487d-a69b-0f5b64a2a4ec 404 in 177ms (compile: 5ms, render: 172ms)
 DELETE /api/tasks/75c9bb63-b93b-4d39-99a0-fc0bf88b3217 404 in 145ms (compile: 617µs, render: 144ms)
 DELETE /api/tasks/6a94407f-425d-4bfc-8cd9-2720b03306cc 404 in 148ms (compile: 538µs, render: 147ms)
 DELETE /api/tasks/47f76267-569a-46f9-9e53-3756a75c1c70 404 in 155ms (compile: 1315µs, render: 154ms)
 DELETE /api/tasks/4bc4d10d-a115-4290-b5e0-12af50aa4a05 404 in 152ms (compile: 630µs, render: 152ms)
 DELETE /api/tasks/96273273-84ab-49a5-a671-b636c0cb7570 404 in 172ms (compile: 1164µs, render: 171ms)
 DELETE /api/tasks/ce39f86b-4f61-4899-a284-e34983ae5092 404 in 167ms (compile: 1430µs, render: 166ms)
 DELETE /api/tasks/cc91684e-b898-41f7-bac6-29243c4ecafc 404 in 155ms (compile: 608µs, render: 154ms)
 DELETE /api/tasks/067133a9-0f16-4d7b-b5bc-c8552fe763ac 404 in 156ms (compile: 592µs, render: 155ms)
 POST /api/tasks 201 in 2ms (compile: 592µs, render: 1595µs)
 POST /api/tasks 201 in 1697µs (compile: 410µs, render: 1287µs)
 POST /api/tasks 201 in 1581µs (compile: 407µs, render: 1175µs)
 GET /api/tasks 200 in 6ms (compile: 2ms, render: 4ms)
 DELETE /api/tasks/0abd8a5b-2ef6-487d-a69b-0f5b64a2a4ec 404 in 261ms (compile: 5ms, render: 256ms)
 DELETE /api/tasks/75c9bb63-b93b-4d39-99a0-fc0bf88b3217 404 in 219ms (compile: 720µs, render: 218ms)
 DELETE /api/tasks/6a94407f-425d-4bfc-8cd9-2720b03306cc 404 in 231ms (compile: 1937µs, render: 229ms)
 DELETE /api/tasks/47f76267-569a-46f9-9e53-3756a75c1c70 404 in 235ms (compile: 612µs, render: 235ms)
 DELETE /api/tasks/4bc4d10d-a115-4290-b5e0-12af50aa4a05 404 in 249ms (compile: 3ms, render: 246ms)
 DELETE /api/tasks/96273273-84ab-49a5-a671-b636c0cb7570 404 in 211ms (compile: 579µs, render: 210ms)
 DELETE /api/tasks/ce39f86b-4f61-4899-a284-e34983ae5092 404 in 216ms (compile: 1846µs, render: 214ms)
 DELETE /api/tasks/cc91684e-b898-41f7-bac6-29243c4ecafc 404 in 220ms (compile: 581µs, render: 220ms)
 DELETE /api/tasks/067133a9-0f16-4d7b-b5bc-c8552fe763ac 404 in 232ms (compile: 1416µs, render: 230ms)
 DELETE /api/tasks/27645803-98f6-41bd-b7d8-8a49d3295f21 404 in 236ms (compile: 1179µs, render: 234ms)
 DELETE /api/tasks/62945608-7342-4c02-86a9-39bdcdfd749b 404 in 250ms (compile: 1618µs, render: 248ms)
 DELETE /api/tasks/c5311715-2c64-4154-b4c0-0423f8ef4fef 404 in 208ms (compile: 563µs, render: 208ms)
 POST /api/tasks 201 in 2ms (compile: 689µs, render: 1721µs)
 POST /api/tasks 201 in 1955µs (compile: 612µs, render: 1344µs)
 POST /api/tasks 201 in 1419µs (compile: 374µs, render: 1044µs)
 GET /api/tasks 200 in 6ms (compile: 2ms, render: 4ms)
 DELETE /api/tasks/0abd8a5b-2ef6-487d-a69b-0f5b64a2a4ec 404 in 294ms (compile: 5ms, render: 289ms)
 DELETE /api/tasks/75c9bb63-b93b-4d39-99a0-fc0bf88b3217 404 in 292ms (compile: 629µs, render: 291ms)
 DELETE /api/tasks/6a94407f-425d-4bfc-8cd9-2720b03306cc 404 in 252ms (compile: 2ms, render: 250ms)
 DELETE /api/tasks/47f76267-569a-46f9-9e53-3756a75c1c70 404 in 272ms (compile: 565µs, render: 271ms)
 DELETE /api/tasks/4bc4d10d-a115-4290-b5e0-12af50aa4a05 404 in 275ms (compile: 1268µs, render: 274ms)
 DELETE /api/tasks/96273273-84ab-49a5-a671-b636c0cb7570 404 in 272ms (compile: 497µs, render: 272ms)
 DELETE /api/tasks/ce39f86b-4f61-4899-a284-e34983ae5092 404 in 280ms (compile: 1488µs, render: 278ms)
 DELETE /api/tasks/cc91684e-b898-41f7-bac6-29243c4ecafc 404 in 280ms (compile: 1293µs, render: 279ms)
 DELETE /api/tasks/067133a9-0f16-4d7b-b5bc-c8552fe763ac 404 in 285ms (compile: 1583µs, render: 283ms)
 DELETE /api/tasks/27645803-98f6-41bd-b7d8-8a49d3295f21 404 in 295ms (compile: 576µs, render: 294ms)
 DELETE /api/tasks/62945608-7342-4c02-86a9-39bdcdfd749b 404 in 282ms (compile: 1683µs, render: 281ms)
 DELETE /api/tasks/c5311715-2c64-4154-b4c0-0423f8ef4fef 404 in 283ms (compile: 1175µs, render: 282ms)
 DELETE /api/tasks/6d2b0887-9eb4-4096-865e-cd446c356a9d 404 in 281ms (compile: 1581µs, render: 279ms)
 DELETE /api/tasks/20e1e0ed-9090-420b-80bd-e40d0b1d9c6b 404 in 273ms (compile: 565µs, render: 272ms)
 DELETE /api/tasks/77ee947e-1033-490d-a91b-5c46a3075c1c 404 in 280ms (compile: 1389µs, render: 279ms)
 POST /api/tasks 201 in 4ms (compile: 802µs, render: 3ms)
 POST /api/tasks 201 in 4ms (compile: 891µs, render: 3ms)
 POST /api/tasks 201 in 3ms (compile: 717µs, render: 1906µs)
 GET /api/tasks 200 in 10ms (compile: 3ms, render: 7ms)
 DELETE /api/tasks/0abd8a5b-2ef6-487d-a69b-0f5b64a2a4ec 404 in 334ms (compile: 5ms, render: 330ms)
 DELETE /api/tasks/75c9bb63-b93b-4d39-99a0-fc0bf88b3217 404 in 319ms (compile: 506µs, render: 319ms)
 DELETE /api/tasks/6a94407f-425d-4bfc-8cd9-2720b03306cc 404 in 329ms (compile: 1198µs, render: 328ms)
 DELETE /api/tasks/47f76267-569a-46f9-9e53-3756a75c1c70 404 in 341ms (compile: 525µs, render: 341ms)
 DELETE /api/tasks/4bc4d10d-a115-4290-b5e0-12af50aa4a05 404 in 352ms (compile: 1475µs, render: 351ms)
 DELETE /api/tasks/96273273-84ab-49a5-a671-b636c0cb7570 404 in 357ms (compile: 842µs, render: 356ms)
 DELETE /api/tasks/ce39f86b-4f61-4899-a284-e34983ae5092 404 in 339ms (compile: 1487µs, render: 337ms)
 DELETE /api/tasks/cc91684e-b898-41f7-bac6-29243c4ecafc 404 in 331ms (compile: 679µs, render: 331ms)
 DELETE /api/tasks/067133a9-0f16-4d7b-b5bc-c8552fe763ac 404 in 337ms (compile: 2ms, render: 335ms)
 DELETE /api/tasks/27645803-98f6-41bd-b7d8-8a49d3295f21 404 in 319ms (compile: 614µs, render: 319ms)
 DELETE /api/tasks/62945608-7342-4c02-86a9-39bdcdfd749b 404 in 343ms (compile: 1830µs, render: 341ms)
 DELETE /api/tasks/c5311715-2c64-4154-b4c0-0423f8ef4fef 404 in 361ms (compile: 1798µs, render: 359ms)
 DELETE /api/tasks/6d2b0887-9eb4-4096-865e-cd446c356a9d 404 in 336ms (compile: 1816µs, render: 335ms)
 DELETE /api/tasks/20e1e0ed-9090-420b-80bd-e40d0b1d9c6b 404 in 329ms (compile: 542µs, render: 328ms)
 DELETE /api/tasks/77ee947e-1033-490d-a91b-5c46a3075c1c 404 in 351ms (compile: 3ms, render: 348ms)
 DELETE /api/tasks/a7ab5504-c52a-4f2b-9b40-e3c45f741c79 404 in 344ms (compile: 645µs, render: 343ms)
 DELETE /api/tasks/b8f29efe-b333-42e3-b0ac-ff4427d4c6e3 404 in 353ms (compile: 1296µs, render: 351ms)
 DELETE /api/tasks/f1aa5db1-9b91-43df-8a74-9d9da72b98bb 404 in 341ms (compile: 652µs, render: 341ms)
 POST /api/tasks 201 in 3ms (compile: 708µs, render: 2ms)
 POST /api/tasks 201 in 1658µs (compile: 466µs, render: 1192µs)
 POST /api/tasks 201 in 1416µs (compile: 399µs, render: 1018µs)
 GET /api/tasks 200 in 6ms (compile: 2ms, render: 4ms)
 DELETE /api/tasks/0abd8a5b-2ef6-487d-a69b-0f5b64a2a4ec 404 in 386ms (compile: 5ms, render: 381ms)
 DELETE /api/tasks/75c9bb63-b93b-4d39-99a0-fc0bf88b3217 404 in 354ms (compile: 584µs, render: 353ms)
 DELETE /api/tasks/6a94407f-425d-4bfc-8cd9-2720b03306cc 404 in 388ms (compile: 1197µs, render: 387ms)
 DELETE /api/tasks/47f76267-569a-46f9-9e53-3756a75c1c70 404 in 376ms (compile: 1368µs, render: 375ms)
 DELETE /api/tasks/4bc4d10d-a115-4290-b5e0-12af50aa4a05 404 in 376ms (compile: 1270µs, render: 375ms)
 DELETE /api/tasks/96273273-84ab-49a5-a671-b636c0cb7570 404 in 396ms (compile: 3ms, render: 392ms)
 DELETE /api/tasks/ce39f86b-4f61-4899-a284-e34983ae5092 404 in 396ms (compile: 1347µs, render: 395ms)
 DELETE /api/tasks/cc91684e-b898-41f7-bac6-29243c4ecafc 404 in 390ms (compile: 1204µs, render: 389ms)
 DELETE /api/tasks/067133a9-0f16-4d7b-b5bc-c8552fe763ac 404 in 374ms (compile: 1339µs, render: 372ms)
 DELETE /api/tasks/27645803-98f6-41bd-b7d8-8a49d3295f21 404 in 390ms (compile: 1138µs, render: 389ms)
 DELETE /api/tasks/62945608-7342-4c02-86a9-39bdcdfd749b 404 in 397ms (compile: 1489µs, render: 395ms)
 DELETE /api/tasks/c5311715-2c64-4154-b4c0-0423f8ef4fef 404 in 389ms (compile: 1317µs, render: 388ms)
 DELETE /api/tasks/6d2b0887-9eb4-4096-865e-cd446c356a9d 404 in 389ms (compile: 1170µs, render: 388ms)
 DELETE /api/tasks/20e1e0ed-9090-420b-80bd-e40d0b1d9c6b 404 in 380ms (compile: 1513µs, render: 379ms)
 DELETE /api/tasks/77ee947e-1033-490d-a91b-5c46a3075c1c 404 in 382ms (compile: 1406µs, render: 381ms)
 DELETE /api/tasks/a7ab5504-c52a-4f2b-9b40-e3c45f741c79 404 in 391ms (compile: 1554µs, render: 390ms)
 DELETE /api/tasks/b8f29efe-b333-42e3-b0ac-ff4427d4c6e3 404 in 394ms (compile: 1270µs, render: 393ms)
 DELETE /api/tasks/f1aa5db1-9b91-43df-8a74-9d9da72b98bb 404 in 390ms (compile: 1235µs, render: 389ms)
 DELETE /api/tasks/a425e023-7f70-41e0-95aa-918d3c2aee81 404 in 376ms (compile: 1399µs, render: 375ms)
 DELETE /api/tasks/2879c139-1663-4e55-ad0e-f9987728c061 404 in 386ms (compile: 1217µs, render: 384ms)
 DELETE /api/tasks/6653fcdf-71b9-46cb-8ad8-366ea40c0395 404 in 402ms (compile: 1426µs, render: 401ms)
 POST /api/tasks 201 in 4ms (compile: 1637µs, render: 3ms)
 POST /api/tasks 201 in 3ms (compile: 1068µs, render: 1775µs)
 POST /api/tasks 201 in 4ms (compile: 998µs, render: 3ms)
 GET /api/tasks 200 in 6ms (compile: 2ms, render: 4ms)
 DELETE /api/tasks/0abd8a5b-2ef6-487d-a69b-0f5b64a2a4ec 404 in 439ms (compile: 5ms, render: 434ms)
 DELETE /api/tasks/75c9bb63-b93b-4d39-99a0-fc0bf88b3217 404 in 425ms (compile: 1451µs, render: 423ms)
 DELETE /api/tasks/6a94407f-425d-4bfc-8cd9-2720b03306cc 404 in 449ms (compile: 1324µs, render: 448ms)
 DELETE /api/tasks/47f76267-569a-46f9-9e53-3756a75c1c70 404 in 423ms (compile: 1407µs, render: 422ms)
 DELETE /api/tasks/4bc4d10d-a115-4290-b5e0-12af50aa4a05 404 in 442ms (compile: 1306µs, render: 441ms)
 DELETE /api/tasks/96273273-84ab-49a5-a671-b636c0cb7570 404 in 439ms (compile: 1329µs, render: 438ms)
 DELETE /api/tasks/ce39f86b-4f61-4899-a284-e34983ae5092 404 in 435ms (compile: 1499µs, render: 433ms)
 DELETE /api/tasks/cc91684e-b898-41f7-bac6-29243c4ecafc 404 in 456ms (compile: 2ms, render: 454ms)
 DELETE /api/tasks/067133a9-0f16-4d7b-b5bc-c8552fe763ac 404 in 445ms (compile: 1448µs, render: 444ms)
 DELETE /api/tasks/27645803-98f6-41bd-b7d8-8a49d3295f21 404 in 437ms (compile: 1475µs, render: 436ms)
 DELETE /api/tasks/62945608-7342-4c02-86a9-39bdcdfd749b 404 in 434ms (compile: 1556µs, render: 433ms)
 DELETE /api/tasks/c5311715-2c64-4154-b4c0-0423f8ef4fef 404 in 436ms (compile: 1486µs, render: 435ms)
 DELETE /api/tasks/6d2b0887-9eb4-4096-865e-cd446c356a9d 404 in 436ms (compile: 1299µs, render: 435ms)
 DELETE /api/tasks/20e1e0ed-9090-420b-80bd-e40d0b1d9c6b 404 in 441ms (compile: 1296µs, render: 440ms)
 DELETE /api/tasks/77ee947e-1033-490d-a91b-5c46a3075c1c 404 in 445ms (compile: 1925µs, render: 443ms)
 DELETE /api/tasks/a7ab5504-c52a-4f2b-9b40-e3c45f741c79 404 in 435ms (compile: 1224µs, render: 434ms)
 DELETE /api/tasks/b8f29efe-b333-42e3-b0ac-ff4427d4c6e3 404 in 443ms (compile: 1546µs, render: 441ms)
 DELETE /api/tasks/f1aa5db1-9b91-43df-8a74-9d9da72b98bb 404 in 436ms (compile: 1466µs, render: 435ms)
 DELETE /api/tasks/a425e023-7f70-41e0-95aa-918d3c2aee81 404 in 439ms (compile: 1592µs, render: 437ms)
 DELETE /api/tasks/2879c139-1663-4e55-ad0e-f9987728c061 404 in 429ms (compile: 1521µs, render: 428ms)
 DELETE /api/tasks/6653fcdf-71b9-46cb-8ad8-366ea40c0395 404 in 481ms (compile: 1173µs, render: 480ms)
 DELETE /api/tasks/38ce7c4d-64ef-4575-8fd0-ff4f4d863c29 404 in 455ms (compile: 1671µs, render: 453ms)
 DELETE /api/tasks/b149ea0d-b993-4deb-99d7-ca4a4886f1ce 404 in 445ms (compile: 1374µs, render: 444ms)
 DELETE /api/tasks/095b0aed-1231-443c-bbe2-718b8c90c0ac 404 in 439ms (compile: 1489µs, render: 437ms)
 POST /api/tasks 201 in 3ms (compile: 691µs, render: 1917µs)
 POST /api/tasks 201 in 2ms (compile: 605µs, render: 1477µs)
 POST /api/tasks 201 in 1826µs (compile: 362µs, render: 1464µs)
 GET /api/tasks 200 in 6ms (compile: 2ms, render: 3ms)
 DELETE /api/tasks/0abd8a5b-2ef6-487d-a69b-0f5b64a2a4ec 404 in 511ms (compile: 4ms, render: 507ms)
 DELETE /api/tasks/75c9bb63-b93b-4d39-99a0-fc0bf88b3217 404 in 475ms (compile: 1175µs, render: 474ms)
 DELETE /api/tasks/6a94407f-425d-4bfc-8cd9-2720b03306cc 404 in 498ms (compile: 3ms, render: 495ms)
 DELETE /api/tasks/47f76267-569a-46f9-9e53-3756a75c1c70 404 in 491ms (compile: 1523µs, render: 489ms)
 DELETE /api/tasks/4bc4d10d-a115-4290-b5e0-12af50aa4a05 404 in 501ms (compile: 1459µs, render: 500ms)
 DELETE /api/tasks/96273273-84ab-49a5-a671-b636c0cb7570 404 in 483ms (compile: 1345µs, render: 481ms)
 DELETE /api/tasks/ce39f86b-4f61-4899-a284-e34983ae5092 404 in 512ms (compile: 1462µs, render: 511ms)
 DELETE /api/tasks/cc91684e-b898-41f7-bac6-29243c4ecafc 404 in 475ms (compile: 1311µs, render: 474ms)
 DELETE /api/tasks/067133a9-0f16-4d7b-b5bc-c8552fe763ac 404 in 507ms (compile: 1577µs, render: 505ms)
 DELETE /api/tasks/27645803-98f6-41bd-b7d8-8a49d3295f21 404 in 491ms (compile: 1348µs, render: 490ms)
 DELETE /api/tasks/62945608-7342-4c02-86a9-39bdcdfd749b 404 in 509ms (compile: 3ms, render: 505ms)
 DELETE /api/tasks/c5311715-2c64-4154-b4c0-0423f8ef4fef 404 in 495ms (compile: 1345µs, render: 494ms)
 DELETE /api/tasks/6d2b0887-9eb4-4096-865e-cd446c356a9d 404 in 499ms (compile: 1744µs, render: 497ms)
 DELETE /api/tasks/20e1e0ed-9090-420b-80bd-e40d0b1d9c6b 404 in 490ms (compile: 1354µs, render: 489ms)
 DELETE /api/tasks/77ee947e-1033-490d-a91b-5c46a3075c1c 404 in 504ms (compile: 1659µs, render: 502ms)
 DELETE /api/tasks/a7ab5504-c52a-4f2b-9b40-e3c45f741c79 404 in 532ms (compile: 1394µs, render: 531ms)
 DELETE /api/tasks/b8f29efe-b333-42e3-b0ac-ff4427d4c6e3 404 in 494ms (compile: 3ms, render: 491ms)
 DELETE /api/tasks/f1aa5db1-9b91-43df-8a74-9d9da72b98bb 404 in 490ms (compile: 1344µs, render: 489ms)
 DELETE /api/tasks/a425e023-7f70-41e0-95aa-918d3c2aee81 404 in 502ms (compile: 2ms, render: 500ms)
 DELETE /api/tasks/2879c139-1663-4e55-ad0e-f9987728c061 404 in 484ms (compile: 1605µs, render: 482ms)
 DELETE /api/tasks/6653fcdf-71b9-46cb-8ad8-366ea40c0395 404 in 505ms (compile: 3ms, render: 502ms)
 DELETE /api/tasks/38ce7c4d-64ef-4575-8fd0-ff4f4d863c29 404 in 483ms (compile: 1435µs, render: 482ms)
 DELETE /api/tasks/b149ea0d-b993-4deb-99d7-ca4a4886f1ce 404 in 507ms (compile: 4ms, render: 504ms)
 DELETE /api/tasks/095b0aed-1231-443c-bbe2-718b8c90c0ac 404 in 488ms (compile: 1436µs, render: 486ms)
 DELETE /api/tasks/ac521e16-50e2-454b-8517-f3f5f3d12ae3 404 in 496ms (compile: 1412µs, render: 495ms)
 DELETE /api/tasks/22303dff-a450-48e5-a62c-b4803ceb6e46 404 in 492ms (compile: 1297µs, render: 491ms)
 DELETE /api/tasks/d5e126e8-d287-4f3f-8355-7345a2e23eb2 404 in 492ms (compile: 1510µs, render: 491ms)
 POST /api/tasks 201 in 3ms (compile: 655µs, render: 1983µs)
 POST /api/tasks 201 in 1661µs (compile: 473µs, render: 1188µs)
 POST /api/tasks 201 in 1752µs (compile: 429µs, render: 1323µs)
 GET /api/tasks 200 in 6ms (compile: 2ms, render: 4ms)
 DELETE /api/tasks/0abd8a5b-2ef6-487d-a69b-0f5b64a2a4ec 404 in 547ms (compile: 4ms, render: 543ms)
 DELETE /api/tasks/75c9bb63-b93b-4d39-99a0-fc0bf88b3217 404 in 535ms (compile: 1549µs, render: 534ms)
 DELETE /api/tasks/6a94407f-425d-4bfc-8cd9-2720b03306cc 404 in 552ms (compile: 1451µs, render: 551ms)
 DELETE /api/tasks/47f76267-569a-46f9-9e53-3756a75c1c70 404 in 546ms (compile: 1393µs, render: 544ms)
 DELETE /api/tasks/4bc4d10d-a115-4290-b5e0-12af50aa4a05 404 in 546ms (compile: 1569µs, render: 545ms)
 DELETE /api/tasks/96273273-84ab-49a5-a671-b636c0cb7570 404 in 568ms (compile: 1249µs, render: 566ms)
 DELETE /api/tasks/ce39f86b-4f61-4899-a284-e34983ae5092 404 in 556ms (compile: 2ms, render: 554ms)
 DELETE /api/tasks/cc91684e-b898-41f7-bac6-29243c4ecafc 404 in 561ms (compile: 4ms, render: 557ms)
 DELETE /api/tasks/067133a9-0f16-4d7b-b5bc-c8552fe763ac 404 in 547ms (compile: 1272µs, render: 545ms)
 DELETE /api/tasks/27645803-98f6-41bd-b7d8-8a49d3295f21 404 in 559ms (compile: 2ms, render: 557ms)
 DELETE /api/tasks/62945608-7342-4c02-86a9-39bdcdfd749b 404 in 539ms (compile: 1480µs, render: 537ms)
 DELETE /api/tasks/c5311715-2c64-4154-b4c0-0423f8ef4fef 404 in 569ms (compile: 1565µs, render: 568ms)
 DELETE /api/tasks/6d2b0887-9eb4-4096-865e-cd446c356a9d 404 in 548ms (compile: 1320µs, render: 547ms)
 DELETE /api/tasks/20e1e0ed-9090-420b-80bd-e40d0b1d9c6b 404 in 608ms (compile: 1496µs, render: 607ms)
 DELETE /api/tasks/77ee947e-1033-490d-a91b-5c46a3075c1c 404 in 580ms (compile: 1525µs, render: 578ms)
 DELETE /api/tasks/a7ab5504-c52a-4f2b-9b40-e3c45f741c79 404 in 612ms (compile: 2ms, render: 610ms)
 DELETE /api/tasks/b8f29efe-b333-42e3-b0ac-ff4427d4c6e3 404 in 555ms (compile: 1581µs, render: 553ms)
 DELETE /api/tasks/f1aa5db1-9b91-43df-8a74-9d9da72b98bb 404 in 568ms (compile: 1736µs, render: 566ms)
 DELETE /api/tasks/a425e023-7f70-41e0-95aa-918d3c2aee81 404 in 547ms (compile: 1333µs, render: 546ms)
 DELETE /api/tasks/2879c139-1663-4e55-ad0e-f9987728c061 404 in 563ms (compile: 1348µs, render: 562ms)
 DELETE /api/tasks/6653fcdf-71b9-46cb-8ad8-366ea40c0395 404 in 555ms (compile: 1296µs, render: 554ms)
 DELETE /api/tasks/38ce7c4d-64ef-4575-8fd0-ff4f4d863c29 404 in 559ms (compile: 3ms, render: 557ms)
 DELETE /api/tasks/b149ea0d-b993-4deb-99d7-ca4a4886f1ce 404 in 548ms (compile: 1309µs, render: 546ms)
 DELETE /api/tasks/095b0aed-1231-443c-bbe2-718b8c90c0ac 404 in 586ms (compile: 1419µs, render: 585ms)
 DELETE /api/tasks/ac521e16-50e2-454b-8517-f3f5f3d12ae3 404 in 559ms (compile: 1418µs, render: 558ms)
 DELETE /api/tasks/22303dff-a450-48e5-a62c-b4803ceb6e46 404 in 560ms (compile: 3ms, render: 557ms)
 DELETE /api/tasks/d5e126e8-d287-4f3f-8355-7345a2e23eb2 404 in 551ms (compile: 1420µs, render: 549ms)
 DELETE /api/tasks/d597aaec-fd44-45db-85e0-47c1cf8baead 404 in 562ms (compile: 1552µs, render: 561ms)
 DELETE /api/tasks/c52dedfd-ed05-4ac6-a4cc-b0f72ae554ae 404 in 543ms (compile: 1254µs, render: 542ms)
 DELETE /api/tasks/1b2252be-cc6a-456e-be4e-6ef486a04d23 404 in 559ms (compile: 2ms, render: 557ms)
 POST /api/tasks 201 in 3ms (compile: 891µs, render: 2ms)
 POST /api/tasks 201 in 1710µs (compile: 467µs, render: 1243µs)
 POST /api/tasks 201 in 1374µs (compile: 357µs, render: 1017µs)
 GET /api/tasks 200 in 6ms (compile: 2ms, render: 4ms)
 DELETE /api/tasks/0abd8a5b-2ef6-487d-a69b-0f5b64a2a4ec 404 in 614ms (compile: 4ms, render: 610ms)
 DELETE /api/tasks/75c9bb63-b93b-4d39-99a0-fc0bf88b3217 404 in 599ms (compile: 1592µs, render: 597ms)
 DELETE /api/tasks/6a94407f-425d-4bfc-8cd9-2720b03306cc 404 in 598ms (compile: 1252µs, render: 597ms)
 DELETE /api/tasks/47f76267-569a-46f9-9e53-3756a75c1c70 404 in 608ms (compile: 1219µs, render: 607ms)
 DELETE /api/tasks/4bc4d10d-a115-4290-b5e0-12af50aa4a05 404 in 586ms (compile: 1303µs, render: 584ms)
 DELETE /api/tasks/96273273-84ab-49a5-a671-b636c0cb7570 404 in 634ms (compile: 3ms, render: 631ms)
 DELETE /api/tasks/ce39f86b-4f61-4899-a284-e34983ae5092 404 in 604ms (compile: 1331µs, render: 603ms)
 DELETE /api/tasks/cc91684e-b898-41f7-bac6-29243c4ecafc 404 in 592ms (compile: 1478µs, render: 590ms)
 DELETE /api/tasks/067133a9-0f16-4d7b-b5bc-c8552fe763ac 404 in 608ms (compile: 1176µs, render: 607ms)
 DELETE /api/tasks/27645803-98f6-41bd-b7d8-8a49d3295f21 404 in 625ms (compile: 1353µs, render: 624ms)
 DELETE /api/tasks/62945608-7342-4c02-86a9-39bdcdfd749b 404 in 621ms (compile: 1455µs, render: 620ms)
 DELETE /api/tasks/c5311715-2c64-4154-b4c0-0423f8ef4fef 404 in 606ms (compile: 1234µs, render: 605ms)
 DELETE /api/tasks/6d2b0887-9eb4-4096-865e-cd446c356a9d 404 in 618ms (compile: 1356µs, render: 616ms)
 DELETE /api/tasks/20e1e0ed-9090-420b-80bd-e40d0b1d9c6b 404 in 614ms (compile: 1195µs, render: 613ms)
 DELETE /api/tasks/77ee947e-1033-490d-a91b-5c46a3075c1c 404 in 596ms (compile: 1298µs, render: 595ms)
 DELETE /api/tasks/a7ab5504-c52a-4f2b-9b40-e3c45f741c79 404 in 623ms (compile: 2ms, render: 621ms)
 DELETE /api/tasks/b8f29efe-b333-42e3-b0ac-ff4427d4c6e3 404 in 605ms (compile: 1348µs, render: 604ms)
 DELETE /api/tasks/f1aa5db1-9b91-43df-8a74-9d9da72b98bb 404 in 598ms (compile: 1657µs, render: 596ms)
 DELETE /api/tasks/a425e023-7f70-41e0-95aa-918d3c2aee81 404 in 613ms (compile: 1590µs, render: 611ms)
 DELETE /api/tasks/2879c139-1663-4e55-ad0e-f9987728c061 404 in 593ms (compile: 1358µs, render: 592ms)
 DELETE /api/tasks/6653fcdf-71b9-46cb-8ad8-366ea40c0395 404 in 628ms (compile: 3ms, render: 626ms)
 DELETE /api/tasks/38ce7c4d-64ef-4575-8fd0-ff4f4d863c29 404 in 615ms (compile: 1471µs, render: 613ms)
 DELETE /api/tasks/b149ea0d-b993-4deb-99d7-ca4a4886f1ce 404 in 607ms (compile: 1366µs, render: 606ms)
 DELETE /api/tasks/095b0aed-1231-443c-bbe2-718b8c90c0ac 404 in 626ms (compile: 1419µs, render: 624ms)
 DELETE /api/tasks/ac521e16-50e2-454b-8517-f3f5f3d12ae3 404 in 606ms (compile: 1489µs, render: 605ms)
 DELETE /api/tasks/22303dff-a450-48e5-a62c-b4803ceb6e46 404 in 654ms (compile: 2ms, render: 651ms)
 DELETE /api/tasks/d5e126e8-d287-4f3f-8355-7345a2e23eb2 404 in 615ms (compile: 1541µs, render: 613ms)
 DELETE /api/tasks/d597aaec-fd44-45db-85e0-47c1cf8baead 404 in 615ms (compile: 1322µs, render: 613ms)
 DELETE /api/tasks/c52dedfd-ed05-4ac6-a4cc-b0f72ae554ae 404 in 612ms (compile: 1178µs, render: 611ms)
 DELETE /api/tasks/1b2252be-cc6a-456e-be4e-6ef486a04d23 404 in 605ms (compile: 1413µs, render: 603ms)
 DELETE /api/tasks/de0a14a9-1db4-47f8-819d-291ca0af8e15 404 in 625ms (compile: 1765µs, render: 623ms)
 DELETE /api/tasks/5ec876ab-7000-4e58-bf93-06a3c8090faf 404 in 621ms (compile: 1797µs, render: 619ms)
 DELETE /api/tasks/c304ce45-4779-4769-8716-c9d4eb8a6ff7 404 in 604ms (compile: 1241µs, render: 603ms)
 POST /api/tasks 201 in 3ms (compile: 1372µs, render: 2ms)
 POST /api/tasks 201 in 1699µs (compile: 368µs, render: 1331µs)
 POST /api/tasks 201 in 1783µs (compile: 390µs, render: 1393µs)
 GET /api/tasks 200 in 6ms (compile: 1881µs, render: 4ms)
 DELETE /api/tasks/0abd8a5b-2ef6-487d-a69b-0f5b64a2a4ec 404 in 714ms (compile: 4ms, render: 710ms)
 DELETE /api/tasks/75c9bb63-b93b-4d39-99a0-fc0bf88b3217 404 in 666ms (compile: 1482µs, render: 664ms)
 DELETE /api/tasks/6a94407f-425d-4bfc-8cd9-2720b03306cc 404 in 678ms (compile: 1595µs, render: 676ms)
 DELETE /api/tasks/47f76267-569a-46f9-9e53-3756a75c1c70 404 in 666ms (compile: 1294µs, render: 664ms)
 DELETE /api/tasks/4bc4d10d-a115-4290-b5e0-12af50aa4a05 404 in 671ms (compile: 1282µs, render: 670ms)
 DELETE /api/tasks/96273273-84ab-49a5-a671-b636c0cb7570 404 in 665ms (compile: 1594µs, render: 663ms)
 DELETE /api/tasks/ce39f86b-4f61-4899-a284-e34983ae5092 404 in 702ms (compile: 3ms, render: 699ms)
 DELETE /api/tasks/cc91684e-b898-41f7-bac6-29243c4ecafc 404 in 676ms (compile: 1643µs, render: 674ms)
 DELETE /api/tasks/067133a9-0f16-4d7b-b5bc-c8552fe763ac 404 in 663ms (compile: 1534µs, render: 662ms)
 DELETE /api/tasks/27645803-98f6-41bd-b7d8-8a49d3295f21 404 in 707ms (compile: 3ms, render: 704ms)
 DELETE /api/tasks/62945608-7342-4c02-86a9-39bdcdfd749b 404 in 659ms (compile: 1615µs, render: 657ms)
 DELETE /api/tasks/c5311715-2c64-4154-b4c0-0423f8ef4fef 404 in 656ms (compile: 1602µs, render: 655ms)
 DELETE /api/tasks/6d2b0887-9eb4-4096-865e-cd446c356a9d 404 in 667ms (compile: 1628µs, render: 665ms)
 DELETE /api/tasks/20e1e0ed-9090-420b-80bd-e40d0b1d9c6b 404 in 686ms (compile: 1308µs, render: 685ms)
 DELETE /api/tasks/77ee947e-1033-490d-a91b-5c46a3075c1c 404 in 651ms (compile: 1385µs, render: 649ms)
 DELETE /api/tasks/a7ab5504-c52a-4f2b-9b40-e3c45f741c79 404 in 668ms (compile: 1406µs, render: 666ms)
 DELETE /api/tasks/b8f29efe-b333-42e3-b0ac-ff4427d4c6e3 404 in 685ms (compile: 1390µs, render: 683ms)
 DELETE /api/tasks/f1aa5db1-9b91-43df-8a74-9d9da72b98bb 404 in 665ms (compile: 1572µs, render: 663ms)
 DELETE /api/tasks/a425e023-7f70-41e0-95aa-918d3c2aee81 404 in 666ms (compile: 1806µs, render: 664ms)
 DELETE /api/tasks/2879c139-1663-4e55-ad0e-f9987728c061 404 in 666ms (compile: 1371µs, render: 664ms)
 DELETE /api/tasks/6653fcdf-71b9-46cb-8ad8-366ea40c0395 404 in 627ms (compile: 1243µs, render: 626ms)
 DELETE /api/tasks/38ce7c4d-64ef-4575-8fd0-ff4f4d863c29 404 in 687ms (compile: 1821µs, render: 685ms)
 DELETE /api/tasks/b149ea0d-b993-4deb-99d7-ca4a4886f1ce 404 in 670ms (compile: 2ms, render: 668ms)
 DELETE /api/tasks/095b0aed-1231-443c-bbe2-718b8c90c0ac 404 in 646ms (compile: 1213µs, render: 645ms)
 DELETE /api/tasks/ac521e16-50e2-454b-8517-f3f5f3d12ae3 404 in 670ms (compile: 3ms, render: 667ms)
 DELETE /api/tasks/22303dff-a450-48e5-a62c-b4803ceb6e46 404 in 660ms (compile: 1263µs, render: 659ms)
 DELETE /api/tasks/d5e126e8-d287-4f3f-8355-7345a2e23eb2 404 in 661ms (compile: 1299µs, render: 660ms)
 DELETE /api/tasks/d597aaec-fd44-45db-85e0-47c1cf8baead 404 in 703ms (compile: 1600µs, render: 702ms)
 DELETE /api/tasks/c52dedfd-ed05-4ac6-a4cc-b0f72ae554ae 404 in 675ms (compile: 1671µs, render: 674ms)
 DELETE /api/tasks/1b2252be-cc6a-456e-be4e-6ef486a04d23 404 in 651ms (compile: 1248µs, render: 650ms)
 DELETE /api/tasks/de0a14a9-1db4-47f8-819d-291ca0af8e15 404 in 680ms (compile: 3ms, render: 677ms)
 DELETE /api/tasks/5ec876ab-7000-4e58-bf93-06a3c8090faf 404 in 662ms (compile: 1282µs, render: 661ms)
 DELETE /api/tasks/c304ce45-4779-4769-8716-c9d4eb8a6ff7 404 in 646ms (compile: 1528µs, render: 644ms)
 DELETE /api/tasks/6a8e2dd6-3d46-4579-a796-b14e4d289c87 404 in 666ms (compile: 1393µs, render: 665ms)
 DELETE /api/tasks/e239550b-3965-416a-9c8e-e7c0c5fc82c9 404 in 665ms (compile: 1481µs, render: 664ms)
 DELETE /api/tasks/e6ee2b28-01a3-44a3-ab4a-c08120ad8f67 404 in 655ms (compile: 1447µs, render: 654ms)
 POST /api/tasks 201 in 6ms (compile: 4ms, render: 2ms)
 POST /api/tasks 201 in 2ms (compile: 546µs, render: 1724µs)
 POST /api/tasks 201 in 1881µs (compile: 422µs, render: 1459µs)
 GET /api/tasks 200 in 6ms (compile: 2ms, render: 4ms)
 DELETE /api/tasks/0abd8a5b-2ef6-487d-a69b-0f5b64a2a4ec 404 in 741ms (compile: 5ms, render: 736ms)
 DELETE /api/tasks/75c9bb63-b93b-4d39-99a0-fc0bf88b3217 404 in 780ms (compile: 1373µs, render: 779ms)
 DELETE /api/tasks/6a94407f-425d-4bfc-8cd9-2720b03306cc 404 in 730ms (compile: 1373µs, render: 728ms)
 DELETE /api/tasks/47f76267-569a-46f9-9e53-3756a75c1c70 404 in 732ms (compile: 1400µs, render: 730ms)
 DELETE /api/tasks/4bc4d10d-a115-4290-b5e0-12af50aa4a05 404 in 717ms (compile: 1427µs, render: 715ms)
 DELETE /api/tasks/96273273-84ab-49a5-a671-b636c0cb7570 404 in 734ms (compile: 1793µs, render: 732ms)
 DELETE /api/tasks/ce39f86b-4f61-4899-a284-e34983ae5092 404 in 726ms (compile: 1211µs, render: 725ms)
 DELETE /api/tasks/cc91684e-b898-41f7-bac6-29243c4ecafc 404 in 729ms (compile: 1522µs, render: 728ms)
 DELETE /api/tasks/067133a9-0f16-4d7b-b5bc-c8552fe763ac 404 in 715ms (compile: 1357µs, render: 714ms)
 DELETE /api/tasks/27645803-98f6-41bd-b7d8-8a49d3295f21 404 in 732ms (compile: 2ms, render: 730ms)
 DELETE /api/tasks/62945608-7342-4c02-86a9-39bdcdfd749b 404 in 747ms (compile: 1321µs, render: 746ms)
 DELETE /api/tasks/c5311715-2c64-4154-b4c0-0423f8ef4fef 404 in 811ms (compile: 1600µs, render: 810ms)
 DELETE /api/tasks/6d2b0887-9eb4-4096-865e-cd446c356a9d 404 in 832ms (compile: 1396µs, render: 831ms)
 DELETE /api/tasks/20e1e0ed-9090-420b-80bd-e40d0b1d9c6b 404 in 836ms (compile: 1837µs, render: 834ms)
 DELETE /api/tasks/77ee947e-1033-490d-a91b-5c46a3075c1c 404 in 773ms (compile: 2ms, render: 771ms)
 DELETE /api/tasks/a7ab5504-c52a-4f2b-9b40-e3c45f741c79 404 in 766ms (compile: 1711µs, render: 765ms)
 DELETE /api/tasks/b8f29efe-b333-42e3-b0ac-ff4427d4c6e3 404 in 751ms (compile: 1479µs, render: 750ms)
 DELETE /api/tasks/f1aa5db1-9b91-43df-8a74-9d9da72b98bb 404 in 773ms (compile: 2ms, render: 770ms)
 DELETE /api/tasks/a425e023-7f70-41e0-95aa-918d3c2aee81 404 in 731ms (compile: 1461µs, render: 729ms)
 DELETE /api/tasks/2879c139-1663-4e55-ad0e-f9987728c061 404 in 728ms (compile: 1487µs, render: 726ms)
 DELETE /api/tasks/6653fcdf-71b9-46cb-8ad8-366ea40c0395 404 in 717ms (compile: 1356µs, render: 715ms)
 DELETE /api/tasks/38ce7c4d-64ef-4575-8fd0-ff4f4d863c29 404 in 731ms (compile: 1685µs, render: 729ms)
 DELETE /api/tasks/b149ea0d-b993-4deb-99d7-ca4a4886f1ce 404 in 725ms (compile: 1499µs, render: 723ms)
 DELETE /api/tasks/095b0aed-1231-443c-bbe2-718b8c90c0ac 404 in 732ms (compile: 1411µs, render: 730ms)
 DELETE /api/tasks/ac521e16-50e2-454b-8517-f3f5f3d12ae3 404 in 712ms (compile: 1296µs, render: 711ms)
 DELETE /api/tasks/22303dff-a450-48e5-a62c-b4803ceb6e46 404 in 719ms (compile: 1371µs, render: 718ms)
 DELETE /api/tasks/d5e126e8-d287-4f3f-8355-7345a2e23eb2 404 in 756ms (compile: 1420µs, render: 755ms)
 DELETE /api/tasks/d597aaec-fd44-45db-85e0-47c1cf8baead 404 in 717ms (compile: 1289µs, render: 716ms)
 DELETE /api/tasks/c52dedfd-ed05-4ac6-a4cc-b0f72ae554ae 404 in 729ms (compile: 1419µs, render: 728ms)
 DELETE /api/tasks/1b2252be-cc6a-456e-be4e-6ef486a04d23 404 in 725ms (compile: 1227µs, render: 724ms)
 DELETE /api/tasks/de0a14a9-1db4-47f8-819d-291ca0af8e15 404 in 732ms (compile: 1407µs, render: 731ms)
 DELETE /api/tasks/5ec876ab-7000-4e58-bf93-06a3c8090faf 404 in 715ms (compile: 1467µs, render: 713ms)
 DELETE /api/tasks/c304ce45-4779-4769-8716-c9d4eb8a6ff7 404 in 734ms (compile: 1409µs, render: 733ms)
 DELETE /api/tasks/6a8e2dd6-3d46-4579-a796-b14e4d289c87 404 in 719ms (compile: 1331µs, render: 717ms)
 DELETE /api/tasks/e239550b-3965-416a-9c8e-e7c0c5fc82c9 404 in 729ms (compile: 1472µs, render: 727ms)
 DELETE /api/tasks/e6ee2b28-01a3-44a3-ab4a-c08120ad8f67 404 in 708ms (compile: 1401µs, render: 707ms)
 DELETE /api/tasks/6a79b9fb-1f48-44cf-8261-b41aeb2c7104 404 in 718ms (compile: 1306µs, render: 717ms)
 DELETE /api/tasks/d8389c60-65d7-4211-8c70-e94f71af0d08 404 in 726ms (compile: 1331µs, render: 724ms)
 DELETE /api/tasks/960969b6-8eed-48d3-8b6d-c673730c50b5 404 in 715ms (compile: 1451µs, render: 714ms)
 POST /api/tasks 201 in 5ms (compile: 1836µs, render: 3ms)
 POST /api/tasks 201 in 2ms (compile: 557µs, render: 1640µs)
 POST /api/tasks 201 in 2ms (compile: 460µs, render: 1669µs)
 GET /api/tasks 200 in 6ms (compile: 2ms, render: 4ms)
 DELETE /api/tasks/0abd8a5b-2ef6-487d-a69b-0f5b64a2a4ec 404 in 830ms (compile: 5ms, render: 825ms)
 DELETE /api/tasks/75c9bb63-b93b-4d39-99a0-fc0bf88b3217 404 in 794ms (compile: 1593µs, render: 792ms)
 DELETE /api/tasks/6a94407f-425d-4bfc-8cd9-2720b03306cc 404 in 774ms (compile: 1356µs, render: 773ms)
 DELETE /api/tasks/47f76267-569a-46f9-9e53-3756a75c1c70 404 in 784ms (compile: 1537µs, render: 782ms)
 DELETE /api/tasks/4bc4d10d-a115-4290-b5e0-12af50aa4a05 404 in 765ms (compile: 1426µs, render: 763ms)
 DELETE /api/tasks/96273273-84ab-49a5-a671-b636c0cb7570 404 in 792ms (compile: 3ms, render: 789ms)
 DELETE /api/tasks/ce39f86b-4f61-4899-a284-e34983ae5092 404 in 777ms (compile: 1257µs, render: 776ms)
 DELETE /api/tasks/cc91684e-b898-41f7-bac6-29243c4ecafc 404 in 835ms (compile: 1337µs, render: 834ms)
 DELETE /api/tasks/067133a9-0f16-4d7b-b5bc-c8552fe763ac 200 in 29ms (compile: 25ms, render: 4ms)
 DELETE /api/tasks/27645803-98f6-41bd-b7d8-8a49d3295f21 200 in 2ms (compile: 473µs, render: 1712µs)
 DELETE /api/tasks/62945608-7342-4c02-86a9-39bdcdfd749b 200 in 1942µs (compile: 470µs, render: 1472µs)
 DELETE /api/tasks/c5311715-2c64-4154-b4c0-0423f8ef4fef 200 in 2ms (compile: 622µs, render: 1561µs)
 DELETE /api/tasks/6d2b0887-9eb4-4096-865e-cd446c356a9d 200 in 2ms (compile: 515µs, render: 1660µs)
 DELETE /api/tasks/20e1e0ed-9090-420b-80bd-e40d0b1d9c6b 200 in 1875µs (compile: 439µs, render: 1436µs)
 DELETE /api/tasks/77ee947e-1033-490d-a91b-5c46a3075c1c 200 in 2ms (compile: 544µs, render: 1483µs)
 DELETE /api/tasks/a7ab5504-c52a-4f2b-9b40-e3c45f741c79 200 in 1519µs (compile: 366µs, render: 1153µs)
 DELETE /api/tasks/b8f29efe-b333-42e3-b0ac-ff4427d4c6e3 200 in 2ms (compile: 560µs, render: 1586µs)
 DELETE /api/tasks/f1aa5db1-9b91-43df-8a74-9d9da72b98bb 200 in 1929µs (compile: 427µs, render: 1502µs)
 DELETE /api/tasks/a425e023-7f70-41e0-95aa-918d3c2aee81 200 in 1590µs (compile: 437µs, render: 1153µs)
 DELETE /api/tasks/2879c139-1663-4e55-ad0e-f9987728c061 200 in 1970µs (compile: 392µs, render: 1578µs)
 DELETE /api/tasks/6653fcdf-71b9-46cb-8ad8-366ea40c0395 200 in 1946µs (compile: 457µs, render: 1489µs)
 DELETE /api/tasks/38ce7c4d-64ef-4575-8fd0-ff4f4d863c29 200 in 2ms (compile: 605µs, render: 1575µs)
 DELETE /api/tasks/b149ea0d-b993-4deb-99d7-ca4a4886f1ce 200 in 1675µs (compile: 400µs, render: 1275µs)
 DELETE /api/tasks/095b0aed-1231-443c-bbe2-718b8c90c0ac 200 in 1834µs (compile: 508µs, render: 1326µs)
 DELETE /api/tasks/ac521e16-50e2-454b-8517-f3f5f3d12ae3 200 in 1559µs (compile: 396µs, render: 1163µs)
 DELETE /api/tasks/22303dff-a450-48e5-a62c-b4803ceb6e46 200 in 1994µs (compile: 642µs, render: 1352µs)
 DELETE /api/tasks/d5e126e8-d287-4f3f-8355-7345a2e23eb2 200 in 1823µs (compile: 418µs, render: 1405µs)
 DELETE /api/tasks/d597aaec-fd44-45db-85e0-47c1cf8baead 200 in 1604µs (compile: 442µs, render: 1162µs)
 DELETE /api/tasks/c52dedfd-ed05-4ac6-a4cc-b0f72ae554ae 200 in 2ms (compile: 494µs, render: 1570µs)
 DELETE /api/tasks/1b2252be-cc6a-456e-be4e-6ef486a04d23 200 in 1653µs (compile: 442µs, render: 1210µs)
 DELETE /api/tasks/de0a14a9-1db4-47f8-819d-291ca0af8e15 200 in 2ms (compile: 783µs, render: 1542µs)
 DELETE /api/tasks/5ec876ab-7000-4e58-bf93-06a3c8090faf 200 in 1659µs (compile: 409µs, render: 1250µs)
 DELETE /api/tasks/c304ce45-4779-4769-8716-c9d4eb8a6ff7 200 in 2ms (compile: 613µs, render: 1597µs)
 DELETE /api/tasks/6a8e2dd6-3d46-4579-a796-b14e4d289c87 200 in 2ms (compile: 545µs, render: 1490µs)
 DELETE /api/tasks/e239550b-3965-416a-9c8e-e7c0c5fc82c9 200 in 1773µs (compile: 539µs, render: 1234µs)
 DELETE /api/tasks/e6ee2b28-01a3-44a3-ab4a-c08120ad8f67 200 in 1852µs (compile: 449µs, render: 1403µs)
 DELETE /api/tasks/6a79b9fb-1f48-44cf-8261-b41aeb2c7104 200 in 3ms (compile: 735µs, render: 2ms)
 DELETE /api/tasks/d8389c60-65d7-4211-8c70-e94f71af0d08 200 in 2ms (compile: 628µs, render: 1699µs)
 DELETE /api/tasks/960969b6-8eed-48d3-8b6d-c673730c50b5 200 in 1849µs (compile: 518µs, render: 1330µs)
 DELETE /api/tasks/d3c0662d-caeb-4372-94b9-b31f08e4734a 200 in 2ms (compile: 592µs, render: 1584µs)
 DELETE /api/tasks/c9032375-1c6e-44dd-a4b8-ff83745a8cf2 200 in 3ms (compile: 1050µs, render: 2ms)
 DELETE /api/tasks/41956380-bd47-4423-a27b-7ad709ff24e0 200 in 2ms (compile: 580µs, render: 1478µs)
 POST /api/tasks 201 in 2ms (compile: 603µs, render: 1720µs)
 POST /api/tasks 201 in 1516µs (compile: 362µs, render: 1154µs)
 POST /api/tasks 201 in 3ms (compile: 615µs, render: 1939µs)
 GET /api/tasks 200 in 6ms (compile: 2ms, render: 4ms)
 DELETE /api/tasks/0abd8a5b-2ef6-487d-a69b-0f5b64a2a4ec 200 in 10ms (compile: 5ms, render: 5ms)
 DELETE /api/tasks/75c9bb63-b93b-4d39-99a0-fc0bf88b3217 200 in 6ms (compile: 2ms, render: 4ms)
 DELETE /api/tasks/6a94407f-425d-4bfc-8cd9-2720b03306cc 200 in 5ms (compile: 1463µs, render: 4ms)
 DELETE /api/tasks/47f76267-569a-46f9-9e53-3756a75c1c70 200 in 5ms (compile: 1397µs, render: 3ms)
 DELETE /api/tasks/4bc4d10d-a115-4290-b5e0-12af50aa4a05 200 in 4ms (compile: 1265µs, render: 3ms)
 DELETE /api/tasks/96273273-84ab-49a5-a671-b636c0cb7570 200 in 4ms (compile: 1201µs, render: 3ms)
 DELETE /api/tasks/ce39f86b-4f61-4899-a284-e34983ae5092 200 in 3ms (compile: 962µs, render: 2ms)
 DELETE /api/tasks/cc91684e-b898-41f7-bac6-29243c4ecafc 200 in 3ms (compile: 769µs, render: 1971µs)
 DELETE /api/tasks/7fb67039-380b-47e4-b782-3614551b0efb 200 in 2ms (compile: 596µs, render: 1892µs)
 DELETE /api/tasks/ae5743d6-f627-4f10-9948-88af491ae0e4 200 in 2ms (compile: 583µs, render: 1560µs)
 DELETE /api/tasks/502d2a06-98d7-45e4-90e1-2feebfdedd9d 200 in 2ms (compile: 608µs, render: 1539µs)
 POST /api/tasks 201 in 3ms (compile: 695µs, render: 1989µs)
 POST /api/tasks 201 in 2ms (compile: 528µs, render: 1676µs)
 POST /api/tasks 201 in 3ms (compile: 1100µs, render: 1860µs)
 GET /api/tasks 200 in 6ms (compile: 2ms, render: 4ms)
 DELETE /api/tasks/e10c2f10-e696-4e75-a5a2-ae58d383a4a7 200 in 10ms (compile: 5ms, render: 5ms)
 DELETE /api/tasks/3fee6055-5c17-4570-8dcc-895770cc5a7e 200 in 6ms (compile: 1885µs, render: 4ms)
 DELETE /api/tasks/e98d7058-807d-404a-a702-256c5652e56b 200 in 5ms (compile: 1571µs, render: 4ms)
 POST /api/tasks 201 in 4ms (compile: 1168µs, render: 3ms)
 POST /api/tasks 201 in 5ms (compile: 1350µs, render: 3ms)
 POST /api/tasks 201 in 3ms (compile: 839µs, render: 3ms)
 GET /api/tasks 200 in 6ms (compile: 2ms, render: 4ms)
 DELETE /api/tasks/3423782d-c925-443e-a872-955305392e01 200 in 10ms (compile: 5ms, render: 5ms)
 DELETE /api/tasks/3d9f6333-1f0b-4a96-8a0e-1281d94ace4d 200 in 7ms (compile: 3ms, render: 4ms)
 DELETE /api/tasks/5f42fe6b-ce12-4cff-906e-00b51fb01bbc 200 in 5ms (compile: 1572µs, render: 4ms)
 POST /api/tasks 201 in 6ms (compile: 1588µs, render: 4ms)
 POST /api/tasks 201 in 17ms (compile: 14ms, render: 2ms)
 POST /api/tasks 201 in 2ms (compile: 658µs, render: 1764µs)
 GET /api/tasks 200 in 6ms (compile: 2ms, render: 4ms)
 DELETE /api/tasks/7719f0a3-0d28-4bbe-8a20-dd5e17e110a4 200 in 10ms (compile: 5ms, render: 5ms)
 DELETE /api/tasks/4ed9d632-bee2-45c1-a782-cd5bb014ce27 200 in 6ms (compile: 1955µs, render: 4ms)
 DELETE /api/tasks/88fef990-f799-4d4c-a960-a81610c36ba7 200 in 5ms (compile: 1497µs, render: 3ms)
 POST /api/tasks 201 in 4ms (compile: 925µs, render: 3ms)
 POST /api/tasks 201 in 4ms (compile: 1302µs, render: 3ms)
 POST /api/tasks 201 in 3ms (compile: 1090µs, render: 2ms)
 GET /api/tasks 200 in 6ms (compile: 2ms, render: 4ms)
 DELETE /api/tasks/b1ffaa8b-7328-45b9-bfd3-58fce59a82a0 200 in 11ms (compile: 6ms, render: 5ms)
 DELETE /api/tasks/d2d2e5e7-9fc1-4189-b4e3-24d2487ecf23 200 in 5ms (compile: 1386µs, render: 4ms)
 DELETE /api/tasks/1463697f-9276-4fe1-9df3-61a9a0d96573 200 in 5ms (compile: 1427µs, render: 4ms)
 POST /api/tasks 201 in 5ms (compile: 1041µs, render: 4ms)
 POST /api/tasks 201 in 4ms (compile: 1288µs, render: 3ms)
 POST /api/tasks 201 in 4ms (compile: 1008µs, render: 3ms)
 GET /api/tasks 200 in 4ms (compile: 1412µs, render: 2ms)
 DELETE /api/tasks/571d3052-1dee-424f-ad62-e474e1693bbe 200 in 6ms (compile: 2ms, render: 3ms)
 DELETE /api/tasks/03ea382b-f906-4319-8ee2-ac9c92fa355d 200 in 4ms (compile: 1230µs, render: 3ms)
 DELETE /api/tasks/385cb465-cf9d-4ad0-bca5-ffa963199e7c 200 in 4ms (compile: 1112µs, render: 3ms)
 POST /api/tasks 201 in 4ms (compile: 994µs, render: 3ms)
 POST /api/tasks 201 in 2ms (compile: 615µs, render: 1807µs)
 POST /api/tasks 201 in 2ms (compile: 626µs, render: 1516µs)
 GET /api/tasks 200 in 4ms (compile: 1476µs, render: 3ms)
 DELETE /api/tasks/4048b89d-ca4c-4d19-a840-39479d1825ff 200 in 7ms (compile: 3ms, render: 4ms)
 DELETE /api/tasks/14eebaf9-39af-4381-9822-dedfa0c68816 200 in 4ms (compile: 1210µs, render: 3ms)
 DELETE /api/tasks/f50e65d7-1c04-4a13-9743-6227d77280f2 200 in 5ms (compile: 1367µs, render: 3ms)
 POST /api/tasks 201 in 4ms (compile: 1186µs, render: 3ms)
 POST /api/tasks 201 in 2ms (compile: 673µs, render: 1688µs)
 POST /api/tasks 201 in 2ms (compile: 735µs, render: 1459µs)
 GET /api/tasks 200 in 5ms (compile: 1308µs, render: 4ms)
 DELETE /api/tasks/6bb2aa5f-4331-4c97-b670-b891240685fc 200 in 7ms (compile: 3ms, render: 4ms)
 DELETE /api/tasks/3c8d5cf4-a3a7-4ab5-8a58-77ab494e8bec 200 in 4ms (compile: 1006µs, render: 3ms)
 DELETE /api/tasks/b0966460-cc03-413f-b205-38296e52da9c 200 in 4ms (compile: 1265µs, render: 3ms)
 POST /api/tasks 201 in 4ms (compile: 1089µs, render: 3ms)
 POST /api/tasks 201 in 2ms (compile: 595µs, render: 1725µs)
 POST /api/tasks 201 in 2ms (compile: 613µs, render: 1399µs)
 GET /api/tasks 200 in 6ms (compile: 2ms, render: 4ms)
 DELETE /api/tasks/a6604d31-b199-47c6-89d4-e48e62a8e717 200 in 10ms (compile: 5ms, render: 5ms)
 DELETE /api/tasks/1802bfd9-2a2e-4976-a82d-192d22263449 200 in 5ms (compile: 1281µs, render: 4ms)
 DELETE /api/tasks/b1f05657-a1af-43f0-a656-e0004229a64b 200 in 6ms (compile: 1832µs, render: 4ms)
 POST /api/tasks 201 in 5ms (compile: 1344µs, render: 3ms)
 POST /api/tasks 201 in 4ms (compile: 1345µs, render: 3ms)
 POST /api/tasks 201 in 3ms (compile: 802µs, render: 2ms)
 GET /api/tasks 200 in 6ms (compile: 2ms, render: 4ms)
 DELETE /api/tasks/0a32f19f-96d1-4d76-9900-25cb466c6175 200 in 9ms (compile: 4ms, render: 5ms)
 DELETE /api/tasks/1709b3bf-e3df-4aa8-887e-6ae920f9d541 200 in 5ms (compile: 1837µs, render: 4ms)
 DELETE /api/tasks/8f9c242f-0e5c-4106-8e4a-2d747c8ee515 200 in 5ms (compile: 1500µs, render: 4ms)
 POST /api/tasks 201 in 4ms (compile: 991µs, render: 3ms)
 POST /api/tasks 201 in 4ms (compile: 1247µs, render: 3ms)
 POST /api/tasks 201 in 4ms (compile: 1178µs, render: 3ms)
 GET /api/tasks 200 in 6ms (compile: 2ms, render: 4ms)
 DELETE /api/tasks/b6bfd1fa-39b7-4593-b41f-2654a706929a 200 in 10ms (compile: 5ms, render: 5ms)
 DELETE /api/tasks/eb6486c4-431b-49a7-b1d4-b7293a7929d1 200 in 5ms (compile: 1651µs, render: 4ms)
 DELETE /api/tasks/dd1baf64-d36c-4b9a-a431-cd9364367032 200 in 5ms (compile: 1766µs, render: 3ms)
 POST /api/tasks 201 in 5ms (compile: 1018µs, render: 4ms)
 POST /api/tasks 201 in 5ms (compile: 1319µs, render: 3ms)
 POST /api/tasks 201 in 4ms (compile: 985µs, render: 3ms)
 GET /api/tasks 200 in 6ms (compile: 2ms, render: 3ms)
 DELETE /api/tasks/5aa7d9d2-ed7f-42e6-974c-ca015c9f5c79 200 in 9ms (compile: 4ms, render: 5ms)
 DELETE /api/tasks/0cb7399d-de4c-40df-9642-4a6b09f7327f 200 in 6ms (compile: 1861µs, render: 4ms)
 DELETE /api/tasks/2a77851b-155c-4702-9ac3-3aa42be26b72 200 in 5ms (compile: 1701µs, render: 3ms)
 POST /api/tasks 201 in 5ms (compile: 1166µs, render: 4ms)
 POST /api/tasks 201 in 4ms (compile: 1123µs, render: 3ms)
 POST /api/tasks 201 in 4ms (compile: 936µs, render: 3ms)
 GET /api/tasks 200 in 6ms (compile: 2ms, render: 4ms)
 DELETE /api/tasks/c468f05e-7fa7-4d9c-9708-aba39a5690b5 200 in 11ms (compile: 6ms, render: 5ms)
 DELETE /api/tasks/98e835c5-7401-402c-82c3-89e4b2e0b9ed 200 in 6ms (compile: 2ms, render: 4ms)
 DELETE /api/tasks/1da5a72a-57d2-4b28-9fb8-0d0ba7d0f538 200 in 6ms (compile: 3ms, render: 3ms)
 POST /api/tasks 201 in 5ms (compile: 954µs, render: 4ms)
 POST /api/tasks 201 in 5ms (compile: 1440µs, render: 3ms)
 POST /api/tasks 201 in 3ms (compile: 865µs, render: 3ms)
 GET /api/tasks 200 in 6ms (compile: 1882µs, render: 4ms)
 DELETE /api/tasks/fc0815fe-7103-4fc9-b66b-4d93fe7c053c 200 in 10ms (compile: 5ms, render: 5ms)
 DELETE /api/tasks/34a0134c-e154-4661-9a6f-848e54f02f31 200 in 6ms (compile: 1536µs, render: 4ms)
 DELETE /api/tasks/97978c0f-75e7-44d2-aa15-d231aff90dc5 200 in 5ms (compile: 1450µs, render: 3ms)
 POST /api/tasks 201 in 5ms (compile: 1174µs, render: 3ms)
 POST /api/tasks 201 in 4ms (compile: 1065µs, render: 3ms)
 POST /api/tasks 201 in 4ms (compile: 980µs, render: 3ms)
 GET /api/tasks 200 in 6ms (compile: 2ms, render: 4ms)
 DELETE /api/tasks/015cfaf2-e36a-4c3a-8dfd-74314fc55786 200 in 10ms (compile: 5ms, render: 5ms)
 DELETE /api/tasks/b4ccbaf6-5554-4daf-918b-f293208b80f4 200 in 6ms (compile: 1937µs, render: 4ms)
 DELETE /api/tasks/7573f70a-5e8a-49d5-9c27-6efb81704b5e 200 in 6ms (compile: 1747µs, render: 4ms)
 POST /api/tasks 201 in 5ms (compile: 1397µs, render: 3ms)
 POST /api/tasks 201 in 4ms (compile: 1340µs, render: 3ms)
 POST /api/tasks 201 in 4ms (compile: 1121µs, render: 2ms)
 GET /api/tasks 200 in 7ms (compile: 3ms, render: 5ms)
 DELETE /api/tasks/6dc79c10-dfa8-4ebe-9900-98f80656b4ac 200 in 11ms (compile: 6ms, render: 5ms)
 DELETE /api/tasks/a44346a4-4bd2-4b98-8f70-bf626676a2f1 200 in 7ms (compile: 2ms, render: 5ms)
 DELETE /api/tasks/35b32157-cabb-4a6f-8d8f-19c92cde90ec 200 in 5ms (compile: 1302µs, render: 3ms)
 POST /api/tasks 201 in 4ms (compile: 1069µs, render: 3ms)
 POST /api/tasks 201 in 3ms (compile: 1065µs, render: 2ms)
 POST /api/tasks 201 in 3ms (compile: 639µs, render: 2ms)
 GET /api/tasks 200 in 6ms (compile: 2ms, render: 3ms)
 DELETE /api/tasks/647600ed-a964-4a9c-9676-524b6b9f9fad 200 in 10ms (compile: 5ms, render: 5ms)
 DELETE /api/tasks/3da12655-33c6-4aee-994b-5322debae102 200 in 6ms (compile: 1662µs, render: 5ms)
 DELETE /api/tasks/8c0aea32-74b0-44c9-bac6-7df1f00ddb0d 200 in 4ms (compile: 1122µs, render: 3ms)
 POST /api/tasks 201 in 3ms (compile: 815µs, render: 2ms)
 POST /api/tasks 201 in 3ms (compile: 934µs, render: 2ms)
 POST /api/tasks 201 in 3ms (compile: 756µs, render: 2ms)
 GET /api/tasks 200 in 7ms (compile: 2ms, render: 4ms)
 DELETE /api/tasks/ce218de5-5074-4a7a-8d7e-c1b2f40dc718 200 in 10ms (compile: 5ms, render: 5ms)
 DELETE /api/tasks/e2e7e397-9223-4dde-8b0e-9e26e5728975 200 in 5ms (compile: 1309µs, render: 4ms)
 DELETE /api/tasks/8af2fac5-4d05-47ef-9f2f-7b3a119edc49 200 in 5ms (compile: 1428µs, render: 3ms)
 POST /api/tasks 201 in 5ms (compile: 1161µs, render: 3ms)
 POST /api/tasks 201 in 3ms (compile: 849µs, render: 2ms)
 POST /api/tasks 201 in 3ms (compile: 880µs, render: 2ms)
 GET /api/tasks 200 in 8ms (compile: 2ms, render: 6ms)
 DELETE /api/tasks/4e570f65-c9d4-45bb-9f58-9fad0b4457f6 200 in 10ms (compile: 5ms, render: 5ms)
 DELETE /api/tasks/3755da57-17d0-4c19-b95b-e59614a43e6d 200 in 6ms (compile: 1871µs, render: 4ms)
 DELETE /api/tasks/41d5cc75-0d05-4a57-999d-52668ad68274 200 in 6ms (compile: 1884µs, render: 4ms)
 POST /api/tasks 201 in 5ms (compile: 1461µs, render: 4ms)
 POST /api/tasks 201 in 4ms (compile: 941µs, render: 3ms)
 POST /api/tasks 201 in 3ms (compile: 736µs, render: 1835µs)
 GET /api/tasks 200 in 7ms (compile: 2ms, render: 4ms)
 DELETE /api/tasks/c2c59e28-3d08-44a1-8e5a-fe0050026de7 200 in 10ms (compile: 4ms, render: 5ms)
 DELETE /api/tasks/cf424f59-83d5-4705-9e4e-7756c796c549 200 in 6ms (compile: 1878µs, render: 4ms)
 DELETE /api/tasks/d6c8ae93-cdf6-419c-ae74-e7a0d3ccc641 200 in 4ms (compile: 1163µs, render: 3ms)
 POST /api/tasks 201 in 4ms (compile: 997µs, render: 3ms)
 POST /api/tasks 201 in 4ms (compile: 930µs, render: 3ms)
 POST /api/tasks 201 in 2ms (compile: 594µs, render: 1800µs)
 GET /api/tasks 200 in 5ms (compile: 1849µs, render: 4ms)
 DELETE /api/tasks/a289c194-be3f-4bcf-b66a-52a3bf56aea3 200 in 10ms (compile: 5ms, render: 5ms)
 DELETE /api/tasks/80f0dac2-6f22-4a0c-be8a-54a445127e36 200 in 6ms (compile: 1983µs, render: 4ms)
 DELETE /api/tasks/e9f0a61b-0265-42d4-b170-73d94de0138c 200 in 5ms (compile: 1403µs, render: 4ms)
 POST /api/tasks 201 in 4ms (compile: 957µs, render: 3ms)
 POST /api/tasks 201 in 4ms (compile: 1080µs, render: 2ms)
 POST /api/tasks 201 in 3ms (compile: 731µs, render: 2ms)
 GET /api/tasks 200 in 6ms (compile: 2ms, render: 3ms)
 DELETE /api/tasks/b6148954-ac60-45e6-bcab-e558314d1666 200 in 10ms (compile: 5ms, render: 5ms)
 DELETE /api/tasks/cab8f33c-303c-4fd1-b9e3-eec332e2331f 200 in 6ms (compile: 1827µs, render: 4ms)
 DELETE /api/tasks/83fae43c-4f79-43b5-9a06-c3f3d83bd4f9 200 in 5ms (compile: 1179µs, render: 3ms)
 POST /api/tasks 201 in 4ms (compile: 1250µs, render: 3ms)
 POST /api/tasks 201 in 4ms (compile: 1242µs, render: 2ms)
 POST /api/tasks 201 in 3ms (compile: 840µs, render: 2ms)
 GET /api/tasks 200 in 6ms (compile: 2ms, render: 4ms)
 DELETE /api/tasks/b1b6fc9e-cd2a-49e8-95b3-6d5546579a4a 200 in 11ms (compile: 5ms, render: 5ms)
 DELETE /api/tasks/6a02e2f3-1ceb-41fe-9d89-45317c8080ab 200 in 6ms (compile: 1924µs, render: 4ms)
 DELETE /api/tasks/46cdfc4e-e8b0-46fa-a1e2-d2194dc20c0e 200 in 5ms (compile: 1494µs, render: 4ms)
 POST /api/tasks 201 in 4ms (compile: 1036µs, render: 3ms)
 POST /api/tasks 201 in 4ms (compile: 933µs, render: 3ms)
 POST /api/tasks 201 in 3ms (compile: 741µs, render: 3ms)
 GET /api/tasks 200 in 5ms (compile: 1625µs, render: 4ms)
 DELETE /api/tasks/3ba7b7c4-2234-4f13-8338-32f4c00fe467 200 in 9ms (compile: 4ms, render: 5ms)
 DELETE /api/tasks/cafba088-1f32-43ea-b9a1-b6905c8c7152 200 in 6ms (compile: 1923µs, render: 4ms)
 DELETE /api/tasks/2230e65f-88cb-462e-bc8e-afff959a081b 200 in 5ms (compile: 1432µs, render: 4ms)
 POST /api/tasks 201 in 5ms (compile: 1020µs, render: 4ms)
 POST /api/tasks 201 in 4ms (compile: 994µs, render: 3ms)
 POST /api/tasks 201 in 3ms (compile: 728µs, render: 1939µs)
 GET /api/tasks 200 in 6ms (compile: 2ms, render: 4ms)
 DELETE /api/tasks/8e80f174-abe1-423b-a84f-8f42a0d1cb0d 200 in 11ms (compile: 6ms, render: 5ms)
 DELETE /api/tasks/fc110baf-ad30-42b1-9a36-43ba9fe910d8 200 in 6ms (compile: 1501µs, render: 4ms)
 DELETE /api/tasks/e5c760e3-009f-494e-88e0-ddbf72f35a40 200 in 5ms (compile: 1852µs, render: 3ms)
 POST /api/tasks 201 in 5ms (compile: 1307µs, render: 3ms)
 POST /api/tasks 201 in 6ms (compile: 3ms, render: 3ms)
 POST /api/tasks 201 in 3ms (compile: 768µs, render: 2ms)
 GET /api/tasks 200 in 6ms (compile: 1999µs, render: 4ms)
 DELETE /api/tasks/50e751de-3c68-4fca-9260-1c14e8d493f3 200 in 9ms (compile: 4ms, render: 5ms)
 DELETE /api/tasks/763226e2-bfa2-42c3-a212-c332a713a3c4 200 in 6ms (compile: 1468µs, render: 4ms)
 DELETE /api/tasks/d7941ff7-9345-4740-8e5e-35d4400a358c 200 in 5ms (compile: 1450µs, render: 3ms)
 POST /api/tasks 201 in 4ms (compile: 1127µs, render: 3ms)
 POST /api/tasks 201 in 4ms (compile: 1254µs, render: 3ms)
 POST /api/tasks 201 in 3ms (compile: 1003µs, render: 2ms)
 GET /api/tasks 200 in 6ms (compile: 2ms, render: 4ms)
 DELETE /api/tasks/8f76b554-6b08-425b-b562-a3d117d5dd4b 200 in 10ms (compile: 6ms, render: 5ms)
 DELETE /api/tasks/d543ce90-789b-450f-99dd-f2b1f7c0e056 200 in 6ms (compile: 1865µs, render: 4ms)
 DELETE /api/tasks/f3fa481b-65d4-4b06-9cad-d4b3205f589c 200 in 6ms (compile: 1654µs, render: 4ms)
 POST /api/tasks 201 in 4ms (compile: 1176µs, render: 3ms)
 POST /api/tasks 201 in 5ms (compile: 1390µs, render: 3ms)
 POST /api/tasks 201 in 4ms (compile: 1061µs, render: 3ms)
 GET /api/tasks 200 in 7ms (compile: 2ms, render: 4ms)
 DELETE /api/tasks/167548e0-5442-4f48-ba05-777ce5cc79b4 200 in 11ms (compile: 6ms, render: 5ms)
 DELETE /api/tasks/751f78c0-112c-43b1-9733-a0ef2581ff26 200 in 6ms (compile: 1907µs, render: 4ms)
 DELETE /api/tasks/098a4b25-6148-4b0c-bbef-160a01c4e9e6 200 in 6ms (compile: 2ms, render: 4ms)
 POST /api/tasks 201 in 5ms (compile: 1145µs, render: 3ms)
 POST /api/tasks 201 in 4ms (compile: 1126µs, render: 3ms)
 POST /api/tasks 201 in 4ms (compile: 1097µs, render: 3ms)
 GET /api/tasks 200 in 6ms (compile: 1935µs, render: 4ms)
 DELETE /api/tasks/cb66fc33-d16d-4cec-92e0-c1fc96424f18 200 in 9ms (compile: 5ms, render: 5ms)
 DELETE /api/tasks/8bd2ad6a-e63c-4147-ad59-4acab6a08fa2 200 in 5ms (compile: 1365µs, render: 4ms)
 DELETE /api/tasks/5226d0e9-39ec-4924-ba00-ee35b9262617 200 in 5ms (compile: 1476µs, render: 3ms)
 POST /api/tasks 201 in 4ms (compile: 1311µs, render: 3ms)
 POST /api/tasks 201 in 4ms (compile: 1090µs, render: 3ms)
 POST /api/tasks 201 in 3ms (compile: 704µs, render: 2ms)
 GET /api/tasks 200 in 6ms (compile: 1728µs, render: 4ms)
 DELETE /api/tasks/5eb3dff1-1bfb-45de-aa69-1c48a5d91f0d 200 in 11ms (compile: 5ms, render: 5ms)
 DELETE /api/tasks/4480fe87-d2f7-4963-9e3b-07dcfbe9c04e 200 in 7ms (compile: 2ms, render: 5ms)
 DELETE /api/tasks/00b04e3b-47b9-45da-ba44-9304d954a1ca 200 in 3ms (compile: 945µs, render: 2ms)
 POST /api/tasks 201 in 3ms (compile: 775µs, render: 2ms)
 POST /api/tasks 201 in 3ms (compile: 714µs, render: 2ms)
 POST /api/tasks 201 in 3ms (compile: 752µs, render: 2ms)
 GET /api/tasks 200 in 6ms (compile: 2ms, render: 3ms)
 DELETE /api/tasks/a07843f0-c083-4146-aba4-2a8c31de7090 200 in 9ms (compile: 4ms, render: 5ms)
 DELETE /api/tasks/2ee2a27d-9462-467c-bb9c-e8878fadcb49 200 in 6ms (compile: 1893µs, render: 4ms)
 DELETE /api/tasks/5639df48-00ed-49d4-89ad-c00b42a728a3 200 in 5ms (compile: 1181µs, render: 4ms)
 POST /api/tasks 201 in 5ms (compile: 1055µs, render: 4ms)
 POST /api/tasks 201 in 4ms (compile: 807µs, render: 3ms)
 POST /api/tasks 201 in 3ms (compile: 780µs, render: 2ms)
 GET /api/tasks 200 in 7ms (compile: 1818µs, render: 5ms)
 DELETE /api/tasks/733ab8ba-fd72-4110-8a5c-395476d65175 200 in 9ms (compile: 4ms, render: 5ms)
 DELETE /api/tasks/43837cc9-50d6-4f4e-85f7-d3d858dea415 200 in 6ms (compile: 1764µs, render: 4ms)
 DELETE /api/tasks/aea27bcb-81ae-4340-90ac-4d9527507f7d 200 in 4ms (compile: 1220µs, render: 3ms)
 POST /api/tasks 201 in 4ms (compile: 976µs, render: 3ms)
 POST /api/tasks 201 in 4ms (compile: 1332µs, render: 3ms)
 POST /api/tasks 201 in 3ms (compile: 921µs, render: 1915µs)
 GET /api/tasks 200 in 5ms (compile: 1930µs, render: 3ms)
 DELETE /api/tasks/6e4eaf1c-afff-4446-9ab5-fc14a828fb7e 200 in 10ms (compile: 5ms, render: 5ms)
 DELETE /api/tasks/e5d89fca-763e-4ab0-a863-3b2886388684 200 in 6ms (compile: 1945µs, render: 4ms)
 DELETE /api/tasks/e6350f65-dcfa-40a8-bed8-51a0a1dce6fa 200 in 5ms (compile: 1406µs, render: 3ms)
 POST /api/tasks 201 in 7ms (compile: 4ms, render: 3ms)
 POST /api/tasks 201 in 4ms (compile: 1373µs, render: 3ms)
 POST /api/tasks 201 in 4ms (compile: 967µs, render: 3ms)
 GET /api/tasks 200 in 6ms (compile: 2ms, render: 4ms)
 DELETE /api/tasks/40ac1c03-554c-437d-b5e2-b77d9abf5347 200 in 9ms (compile: 5ms, render: 4ms)
 DELETE /api/tasks/f693718c-12d1-4235-bce6-c4e78815e305 200 in 6ms (compile: 1478µs, render: 4ms)
 DELETE /api/tasks/9e327343-118e-41c7-9c43-dfa661ecac02 200 in 6ms (compile: 3ms, render: 4ms)
 POST /api/tasks 201 in 5ms (compile: 1335µs, render: 3ms)
 POST /api/tasks 201 in 5ms (compile: 1582µs, render: 4ms)
 POST /api/tasks 201 in 4ms (compile: 1049µs, render: 3ms)
 GET /api/tasks 200 in 6ms (compile: 2ms, render: 4ms)
 DELETE /api/tasks/4f793e0f-855f-4279-8872-9370a652ea20 200 in 10ms (compile: 5ms, render: 5ms)
 DELETE /api/tasks/4e74ea18-1060-41be-b65c-56683a35fbd5 200 in 5ms (compile: 1220µs, render: 4ms)
 DELETE /api/tasks/2bbbae3f-49b1-437e-98d7-948e7f870038 200 in 5ms (compile: 1432µs, render: 3ms)
 POST /api/tasks 201 in 4ms (compile: 862µs, render: 3ms)
 POST /api/tasks 201 in 4ms (compile: 864µs, render: 3ms)
 POST /api/tasks 201 in 4ms (compile: 1033µs, render: 3ms)
 GET /api/tasks 200 in 5ms (compile: 2ms, render: 3ms)
 DELETE /api/tasks/71dc460d-d412-4812-8a8d-9cd7b6bc3bf5 200 in 9ms (compile: 5ms, render: 4ms)
 DELETE /api/tasks/337cbe26-b0ec-4a24-877e-39db169c4e6d 200 in 6ms (compile: 1571µs, render: 4ms)
 DELETE /api/tasks/2705c00a-a4ff-47e4-a23e-c2570919c62f 200 in 6ms (compile: 1906µs, render: 4ms)
 POST /api/tasks 201 in 5ms (compile: 1477µs, render: 4ms)
 POST /api/tasks 201 in 4ms (compile: 1054µs, render: 3ms)
 POST /api/tasks 201 in 3ms (compile: 765µs, render: 3ms)
 GET /api/tasks 200 in 6ms (compile: 2ms, render: 4ms)
 DELETE /api/tasks/0ca44754-3532-4289-bbf9-0ba100bfe37a 200 in 10ms (compile: 5ms, render: 5ms)
 DELETE /api/tasks/0acc00d9-acab-4b84-a5f0-f0e98df383f1 200 in 5ms (compile: 1715µs, render: 3ms)
 DELETE /api/tasks/a97626e8-a49d-4fd5-bfa0-33015d0fe04a 200 in 5ms (compile: 1888µs, render: 4ms)
 POST /api/tasks 201 in 4ms (compile: 1215µs, render: 3ms)
 POST /api/tasks 201 in 4ms (compile: 1132µs, render: 3ms)
 POST /api/tasks 201 in 3ms (compile: 902µs, render: 2ms)
[?25h

> dev-board@1.0.0 dev
> next dev

▲ Next.js 16.1.6 (Turbopack)
- Local:         http://localhost:3000
- Network:       http://192.168.100.126:3000

✓ Starting...
✓ Ready in 232ms
 GET /api/tasks 200 in 112ms (compile: 101ms, render: 10ms)
 DELETE /api/tasks/c006bbb7-8aa9-44e4-9170-1749a37073d1 200 in 414ms (compile: 410ms, render: 4ms)
 GET / 200 in 354ms (compile: 301ms, render: 54ms)
 GET /api/tasks 200 in 5ms (compile: 2ms, render: 3ms)
 GET /api/tasks 200 in 10ms (compile: 3ms, render: 6ms)
 PUT /api/tasks/639890ca-de09-4b4b-a1f4-a5efc6b7b1b2 200 in 15ms (compile: 6ms, render: 9ms)
 PUT /api/tasks/3b107005-f4b8-40c2-954a-82077fd4d532 200 in 8ms (compile: 3ms, render: 5ms)
 GET /api/tasks 200 in 8ms (compile: 3ms, render: 5ms)
 PUT /api/tasks/639890ca-de09-4b4b-a1f4-a5efc6b7b1b2 200 in 13ms (compile: 6ms, render: 7ms)
 PUT /api/tasks/3b107005-f4b8-40c2-954a-82077fd4d532 200 in 7ms (compile: 3ms, render: 5ms)
 GET /api/tasks 200 in 8ms (compile: 3ms, render: 5ms)
 PUT /api/tasks/639890ca-de09-4b4b-a1f4-a5efc6b7b1b2 200 in 12ms (compile: 6ms, render: 6ms)
 PUT /api/tasks/3b107005-f4b8-40c2-954a-82077fd4d532 200 in 7ms (compile: 1551µs, render: 5ms)
 GET / 200 in 23ms (compile: 2ms, render: 21ms)
 GET /api/tasks 200 in 7ms (compile: 3ms, render: 4ms)
 PUT /api/tasks/639890ca-de09-4b4b-a1f4-a5efc6b7b1b2 200 in 12ms (compile: 5ms, render: 6ms)
 PUT /api/tasks/3b107005-f4b8-40c2-954a-82077fd4d532 200 in 7ms (compile: 2ms, render: 5ms)
 GET /api/tasks 200 in 7ms (compile: 2ms, render: 5ms)
 PUT /api/tasks/639890ca-de09-4b4b-a1f4-a5efc6b7b1b2 200 in 11ms (compile: 5ms, render: 6ms)
 PUT /api/tasks/3b107005-f4b8-40c2-954a-82077fd4d532 200 in 7ms (compile: 1638µs, render: 5ms)
 GET /api/tasks 200 in 6ms (compile: 2ms, render: 4ms)
 PUT /api/tasks/639890ca-de09-4b4b-a1f4-a5efc6b7b1b2 200 in 11ms (compile: 5ms, render: 6ms)
 PUT /api/tasks/3b107005-f4b8-40c2-954a-82077fd4d532 200 in 6ms (compile: 1806µs, render: 5ms)
 GET /api/tasks 200 in 7ms (compile: 3ms, render: 5ms)
 PUT /api/tasks/639890ca-de09-4b4b-a1f4-a5efc6b7b1b2 200 in 10ms (compile: 4ms, render: 5ms)
 PUT /api/tasks/3b107005-f4b8-40c2-954a-82077fd4d532 200 in 7ms (compile: 1659µs, render: 5ms)
 GET /api/tasks 200 in 6ms (compile: 3ms, render: 4ms)
 PUT /api/tasks/639890ca-de09-4b4b-a1f4-a5efc6b7b1b2 200 in 10ms (compile: 5ms, render: 5ms)
 PUT /api/tasks/3b107005-f4b8-40c2-954a-82077fd4d532 200 in 6ms (compile: 2ms, render: 4ms)
 GET /api/tasks 200 in 6ms (compile: 2ms, render: 4ms)
 PUT /api/tasks/639890ca-de09-4b4b-a1f4-a5efc6b7b1b2 200 in 12ms (compile: 6ms, render: 6ms)
 PUT /api/tasks/3b107005-f4b8-40c2-954a-82077fd4d532 200 in 7ms (compile: 1699µs, render: 6ms)
 GET /api/tasks 200 in 8ms (compile: 3ms, render: 5ms)
 PUT /api/tasks/639890ca-de09-4b4b-a1f4-a5efc6b7b1b2 200 in 11ms (compile: 5ms, render: 6ms)
 PUT /api/tasks/3b107005-f4b8-40c2-954a-82077fd4d532 200 in 8ms (compile: 2ms, render: 5ms)
 GET /api/tasks 200 in 8ms (compile: 3ms, render: 5ms)
 PUT /api/tasks/639890ca-de09-4b4b-a1f4-a5efc6b7b1b2 200 in 11ms (compile: 5ms, render: 6ms)
 PUT /api/tasks/3b107005-f4b8-40c2-954a-82077fd4d532 200 in 7ms (compile: 1878µs, render: 5ms)
 GET /api/tasks 200 in 7ms (compile: 2ms, render: 4ms)
 PUT /api/tasks/639890ca-de09-4b4b-a1f4-a5efc6b7b1b2 200 in 10ms (compile: 5ms, render: 5ms)
 PUT /api/tasks/3b107005-f4b8-40c2-954a-82077fd4d532 200 in 6ms (compile: 1908µs, render: 4ms)
 GET /api/tasks 200 in 7ms (compile: 3ms, render: 4ms)
 PUT /api/tasks/639890ca-de09-4b4b-a1f4-a5efc6b7b1b2 200 in 10ms (compile: 5ms, render: 5ms)
 PUT /api/tasks/3b107005-f4b8-40c2-954a-82077fd4d532 200 in 6ms (compile: 1834µs, render: 4ms)
 GET /api/tasks 200 in 7ms (compile: 3ms, render: 4ms)
 PUT /api/tasks/639890ca-de09-4b4b-a1f4-a5efc6b7b1b2 200 in 11ms (compile: 5ms, render: 6ms)
 PUT /api/tasks/3b107005-f4b8-40c2-954a-82077fd4d532 200 in 6ms (compile: 1678µs, render: 4ms)
 GET /api/tasks 200 in 7ms (compile: 3ms, render: 5ms)
 PUT /api/tasks/639890ca-de09-4b4b-a1f4-a5efc6b7b1b2 200 in 12ms (compile: 6ms, render: 5ms)
 PUT /api/tasks/3b107005-f4b8-40c2-954a-82077fd4d532 200 in 6ms (compile: 1739µs, render: 5ms)
 GET /api/tasks 200 in 7ms (compile: 2ms, render: 4ms)
 PUT /api/tasks/639890ca-de09-4b4b-a1f4-a5efc6b7b1b2 200 in 10ms (compile: 4ms, render: 5ms)
 PUT /api/tasks/3b107005-f4b8-40c2-954a-82077fd4d532 200 in 6ms (compile: 1867µs, render: 4ms)
 GET /api/tasks 200 in 6ms (compile: 2ms, render: 4ms)
 PUT /api/tasks/639890ca-de09-4b4b-a1f4-a5efc6b7b1b2 200 in 9ms (compile: 4ms, render: 5ms)
 PUT /api/tasks/3b107005-f4b8-40c2-954a-82077fd4d532 200 in 6ms (compile: 1495µs, render: 4ms)
 GET /api/tasks 200 in 8ms (compile: 3ms, render: 5ms)
 PUT /api/tasks/639890ca-de09-4b4b-a1f4-a5efc6b7b1b2 200 in 11ms (compile: 5ms, render: 6ms)
 PUT /api/tasks/3b107005-f4b8-40c2-954a-82077fd4d532 200 in 4ms (compile: 1105µs, render: 3ms)
 GET /api/tasks 200 in 7ms (compile: 2ms, render: 5ms)
 PUT /api/tasks/639890ca-de09-4b4b-a1f4-a5efc6b7b1b2 200 in 9ms (compile: 4ms, render: 5ms)
 PUT /api/tasks/3b107005-f4b8-40c2-954a-82077fd4d532 200 in 6ms (compile: 1626µs, render: 4ms)
 GET /api/tasks 200 in 6ms (compile: 2ms, render: 4ms)
 PUT /api/tasks/639890ca-de09-4b4b-a1f4-a5efc6b7b1b2 200 in 9ms (compile: 4ms, render: 5ms)
 PUT /api/tasks/3b107005-f4b8-40c2-954a-82077fd4d532 200 in 6ms (compile: 1716µs, render: 4ms)
 GET /api/tasks 200 in 5ms (compile: 1792µs, render: 4ms)
 PUT /api/tasks/639890ca-de09-4b4b-a1f4-a5efc6b7b1b2 200 in 12ms (compile: 7ms, render: 5ms)
 PUT /api/tasks/3b107005-f4b8-40c2-954a-82077fd4d532 200 in 8ms (compile: 2ms, render: 6ms)
 GET /api/tasks 200 in 7ms (compile: 2ms, render: 5ms)
 PUT /api/tasks/639890ca-de09-4b4b-a1f4-a5efc6b7b1b2 200 in 10ms (compile: 5ms, render: 5ms)
 PUT /api/tasks/3b107005-f4b8-40c2-954a-82077fd4d532 200 in 5ms (compile: 1415µs, render: 4ms)
 GET /api/tasks 200 in 7ms (compile: 2ms, render: 5ms)
 PUT /api/tasks/639890ca-de09-4b4b-a1f4-a5efc6b7b1b2 200 in 10ms (compile: 5ms, render: 6ms)
 PUT /api/tasks/3b107005-f4b8-40c2-954a-82077fd4d532 200 in 7ms (compile: 1698µs, render: 5ms)
 GET /api/tasks 200 in 7ms (compile: 3ms, render: 4ms)
 PUT /api/tasks/639890ca-de09-4b4b-a1f4-a5efc6b7b1b2 200 in 10ms (compile: 5ms, render: 6ms)
 PUT /api/tasks/3b107005-f4b8-40c2-954a-82077fd4d532 200 in 7ms (compile: 1723µs, render: 5ms)
 GET /api/tasks 200 in 8ms (compile: 3ms, render: 5ms)
 PUT /api/tasks/639890ca-de09-4b4b-a1f4-a5efc6b7b1b2 200 in 11ms (compile: 5ms, render: 6ms)
 PUT /api/tasks/3b107005-f4b8-40c2-954a-82077fd4d532 200 in 6ms (compile: 1861µs, render: 5ms)
 GET /api/tasks 200 in 6ms (compile: 2ms, render: 4ms)
 PUT /api/tasks/639890ca-de09-4b4b-a1f4-a5efc6b7b1b2 200 in 11ms (compile: 5ms, render: 6ms)
 PUT /api/tasks/3b107005-f4b8-40c2-954a-82077fd4d532 200 in 7ms (compile: 1959µs, render: 5ms)
 GET /api/tasks 200 in 7ms (compile: 3ms, render: 4ms)
 PUT /api/tasks/639890ca-de09-4b4b-a1f4-a5efc6b7b1b2 200 in 10ms (compile: 4ms, render: 5ms)
 PUT /api/tasks/3b107005-f4b8-40c2-954a-82077fd4d532 200 in 7ms (compile: 2ms, render: 5ms)
 GET /api/tasks 200 in 8ms (compile: 3ms, render: 5ms)
 PUT /api/tasks/639890ca-de09-4b4b-a1f4-a5efc6b7b1b2 200 in 11ms (compile: 5ms, render: 6ms)
 PUT /api/tasks/3b107005-f4b8-40c2-954a-82077fd4d532 200 in 6ms (compile: 1482µs, render: 4ms)
 GET /api/tasks 200 in 6ms (compile: 2ms, render: 4ms)
 PUT /api/tasks/639890ca-de09-4b4b-a1f4-a5efc6b7b1b2 200 in 10ms (compile: 5ms, render: 5ms)
 PUT /api/tasks/3b107005-f4b8-40c2-954a-82077fd4d532 200 in 6ms (compile: 1634µs, render: 4ms)
 GET /api/tasks 200 in 7ms (compile: 3ms, render: 4ms)
 PUT /api/tasks/639890ca-de09-4b4b-a1f4-a5efc6b7b1b2 200 in 10ms (compile: 5ms, render: 5ms)
 PUT /api/tasks/3b107005-f4b8-40c2-954a-82077fd4d532 200 in 6ms (compile: 1641µs, render: 4ms)
 GET /api/tasks 200 in 6ms (compile: 2ms, render: 4ms)
 PUT /api/tasks/639890ca-de09-4b4b-a1f4-a5efc6b7b1b2 200 in 11ms (compile: 5ms, render: 6ms)
 PUT /api/tasks/3b107005-f4b8-40c2-954a-82077fd4d532 200 in 6ms (compile: 1716µs, render: 4ms)
 GET /api/tasks 200 in 6ms (compile: 2ms, render: 4ms)
 PUT /api/tasks/639890ca-de09-4b4b-a1f4-a5efc6b7b1b2 200 in 11ms (compile: 6ms, render: 6ms)
 PUT /api/tasks/3b107005-f4b8-40c2-954a-82077fd4d532 200 in 6ms (compile: 1721µs, render: 4ms)
 GET /api/tasks 200 in 6ms (compile: 2ms, render: 4ms)
 PUT /api/tasks/639890ca-de09-4b4b-a1f4-a5efc6b7b1b2 200 in 10ms (compile: 4ms, render: 5ms)
 PUT /api/tasks/3b107005-f4b8-40c2-954a-82077fd4d532 200 in 5ms (compile: 1538µs, render: 4ms)
 GET /api/tasks 200 in 8ms (compile: 3ms, render: 5ms)
 PUT /api/tasks/639890ca-de09-4b4b-a1f4-a5efc6b7b1b2 200 in 8ms (compile: 4ms, render: 5ms)
 PUT /api/tasks/3b107005-f4b8-40c2-954a-82077fd4d532 200 in 5ms (compile: 1537µs, render: 4ms)
 GET /api/tasks 200 in 7ms (compile: 3ms, render: 4ms)
 PUT /api/tasks/639890ca-de09-4b4b-a1f4-a5efc6b7b1b2 200 in 7ms (compile: 4ms, render: 4ms)
 PUT /api/tasks/3b107005-f4b8-40c2-954a-82077fd4d532 200 in 3ms (compile: 790µs, render: 2ms)
 GET /api/tasks 200 in 6ms (compile: 3ms, render: 4ms)
 PUT /api/tasks/639890ca-de09-4b4b-a1f4-a5efc6b7b1b2 200 in 9ms (compile: 4ms, render: 5ms)
 PUT /api/tasks/3b107005-f4b8-40c2-954a-82077fd4d532 200 in 5ms (compile: 1418µs, render: 4ms)
 GET /api/tasks 200 in 6ms (compile: 2ms, render: 4ms)
 PUT /api/tasks/639890ca-de09-4b4b-a1f4-a5efc6b7b1b2 200 in 11ms (compile: 6ms, render: 5ms)
 PUT /api/tasks/3b107005-f4b8-40c2-954a-82077fd4d532 200 in 6ms (compile: 1676µs, render: 4ms)
 GET /api/tasks 200 in 7ms (compile: 2ms, render: 5ms)
 PUT /api/tasks/639890ca-de09-4b4b-a1f4-a5efc6b7b1b2 200 in 11ms (compile: 5ms, render: 6ms)
 PUT /api/tasks/3b107005-f4b8-40c2-954a-82077fd4d532 200 in 7ms (compile: 1915µs, render: 5ms)
 GET /api/tasks 200 in 6ms (compile: 2ms, render: 4ms)
 PUT /api/tasks/639890ca-de09-4b4b-a1f4-a5efc6b7b1b2 200 in 10ms (compile: 5ms, render: 5ms)
 PUT /api/tasks/3b107005-f4b8-40c2-954a-82077fd4d532 200 in 6ms (compile: 1592µs, render: 4ms)
 GET /api/tasks 200 in 7ms (compile: 3ms, render: 4ms)
 PUT /api/tasks/639890ca-de09-4b4b-a1f4-a5efc6b7b1b2 200 in 10ms (compile: 5ms, render: 5ms)
 PUT /api/tasks/3b107005-f4b8-40c2-954a-82077fd4d532 200 in 6ms (compile: 1564µs, render: 4ms)
 GET /api/tasks 200 in 6ms (compile: 3ms, render: 4ms)
 PUT /api/tasks/639890ca-de09-4b4b-a1f4-a5efc6b7b1b2 200 in 10ms (compile: 5ms, render: 5ms)
 PUT /api/tasks/3b107005-f4b8-40c2-954a-82077fd4d532 200 in 7ms (compile: 1820µs, render: 5ms)
 GET /api/tasks 200 in 6ms (compile: 2ms, render: 4ms)
 PUT /api/tasks/639890ca-de09-4b4b-a1f4-a5efc6b7b1b2 200 in 11ms (compile: 6ms, render: 6ms)
 PUT /api/tasks/3b107005-f4b8-40c2-954a-82077fd4d532 200 in 7ms (compile: 1977µs, render: 5ms)
 GET /api/tasks 200 in 7ms (compile: 2ms, render: 4ms)
 PUT /api/tasks/639890ca-de09-4b4b-a1f4-a5efc6b7b1b2 200 in 11ms (compile: 6ms, render: 6ms)
 PUT /api/tasks/3b107005-f4b8-40c2-954a-82077fd4d532 200 in 6ms (compile: 1681µs, render: 5ms)
 GET /api/tasks 200 in 7ms (compile: 2ms, render: 4ms)
 PUT /api/tasks/639890ca-de09-4b4b-a1f4-a5efc6b7b1b2 200 in 12ms (compile: 6ms, render: 6ms)
 PUT /api/tasks/3b107005-f4b8-40c2-954a-82077fd4d532 200 in 5ms (compile: 1949µs, render: 4ms)
 GET /api/tasks 200 in 6ms (compile: 2ms, render: 3ms)
 PUT /api/tasks/639890ca-de09-4b4b-a1f4-a5efc6b7b1b2 200 in 10ms (compile: 5ms, render: 6ms)
 PUT /api/tasks/3b107005-f4b8-40c2-954a-82077fd4d532 200 in 6ms (compile: 1529µs, render: 4ms)
 GET /api/tasks 200 in 6ms (compile: 2ms, render: 4ms)
 PUT /api/tasks/639890ca-de09-4b4b-a1f4-a5efc6b7b1b2 200 in 10ms (compile: 5ms, render: 5ms)
 PUT /api/tasks/3b107005-f4b8-40c2-954a-82077fd4d532 200 in 6ms (compile: 1586µs, render: 4ms)
 GET /api/tasks 200 in 6ms (compile: 3ms, render: 4ms)
 PUT /api/tasks/639890ca-de09-4b4b-a1f4-a5efc6b7b1b2 200 in 9ms (compile: 4ms, render: 5ms)
 PUT /api/tasks/3b107005-f4b8-40c2-954a-82077fd4d532 200 in 6ms (compile: 1462µs, render: 4ms)
 GET /api/tasks 200 in 6ms (compile: 2ms, render: 4ms)
 PUT /api/tasks/639890ca-de09-4b4b-a1f4-a5efc6b7b1b2 200 in 10ms (compile: 5ms, render: 5ms)
 PUT /api/tasks/3b107005-f4b8-40c2-954a-82077fd4d532 200 in 6ms (compile: 1720µs, render: 4ms)
 GET /api/tasks 200 in 6ms (compile: 2ms, render: 4ms)
 PUT /api/tasks/639890ca-de09-4b4b-a1f4-a5efc6b7b1b2 200 in 10ms (compile: 4ms, render: 5ms)
 PUT /api/tasks/3b107005-f4b8-40c2-954a-82077fd4d532 200 in 7ms (compile: 2ms, render: 5ms)
 GET /api/tasks 200 in 6ms (compile: 2ms, render: 4ms)
 PUT /api/tasks/639890ca-de09-4b4b-a1f4-a5efc6b7b1b2 200 in 10ms (compile: 5ms, render: 5ms)
 PUT /api/tasks/3b107005-f4b8-40c2-954a-82077fd4d532 200 in 6ms (compile: 1407µs, render: 4ms)
 GET /api/tasks 200 in 6ms (compile: 2ms, render: 4ms)
 PUT /api/tasks/639890ca-de09-4b4b-a1f4-a5efc6b7b1b2 200 in 9ms (compile: 4ms, render: 5ms)
 PUT /api/tasks/3b107005-f4b8-40c2-954a-82077fd4d532 200 in 5ms (compile: 1436µs, render: 3ms)
 GET /api/tasks 200 in 6ms (compile: 2ms, render: 4ms)
 PUT /api/tasks/639890ca-de09-4b4b-a1f4-a5efc6b7b1b2 200 in 10ms (compile: 5ms, render: 5ms)
 PUT /api/tasks/3b107005-f4b8-40c2-954a-82077fd4d532 200 in 6ms (compile: 1800µs, render: 5ms)
 GET /api/tasks 200 in 6ms (compile: 3ms, render: 4ms)
 PUT /api/tasks/639890ca-de09-4b4b-a1f4-a5efc6b7b1b2 200 in 11ms (compile: 6ms, render: 6ms)
 PUT /api/tasks/3b107005-f4b8-40c2-954a-82077fd4d532 200 in 6ms (compile: 2ms, render: 4ms)
 GET /api/tasks 200 in 7ms (compile: 2ms, render: 4ms)
 PUT /api/tasks/639890ca-de09-4b4b-a1f4-a5efc6b7b1b2 200 in 12ms (compile: 7ms, render: 5ms)
 PUT /api/tasks/3b107005-f4b8-40c2-954a-82077fd4d532 200 in 6ms (compile: 1698µs, render: 4ms)
 GET /api/tasks 200 in 6ms (compile: 2ms, render: 4ms)
 PUT /api/tasks/639890ca-de09-4b4b-a1f4-a5efc6b7b1b2 200 in 9ms (compile: 4ms, render: 5ms)
 PUT /api/tasks/3b107005-f4b8-40c2-954a-82077fd4d532 200 in 6ms (compile: 1421µs, render: 4ms)
 GET /api/tasks 200 in 6ms (compile: 2ms, render: 4ms)
 PUT /api/tasks/639890ca-de09-4b4b-a1f4-a5efc6b7b1b2 200 in 10ms (compile: 5ms, render: 5ms)
 PUT /api/tasks/3b107005-f4b8-40c2-954a-82077fd4d532 200 in 6ms (compile: 1587µs, render: 4ms)
 GET /api/tasks 200 in 6ms (compile: 2ms, render: 4ms)
 PUT /api/tasks/639890ca-de09-4b4b-a1f4-a5efc6b7b1b2 200 in 10ms (compile: 5ms, render: 5ms)
 PUT /api/tasks/3b107005-f4b8-40c2-954a-82077fd4d532 200 in 6ms (compile: 1899µs, render: 4ms)
 GET /api/tasks 200 in 7ms (compile: 2ms, render: 4ms)
 PUT /api/tasks/639890ca-de09-4b4b-a1f4-a5efc6b7b1b2 200 in 11ms (compile: 6ms, render: 5ms)
 PUT /api/tasks/3b107005-f4b8-40c2-954a-82077fd4d532 200 in 6ms (compile: 1610µs, render: 5ms)
 GET /api/tasks 200 in 6ms (compile: 2ms, render: 4ms)
 PUT /api/tasks/639890ca-de09-4b4b-a1f4-a5efc6b7b1b2 200 in 11ms (compile: 5ms, render: 6ms)
 PUT /api/tasks/3b107005-f4b8-40c2-954a-82077fd4d532 200 in 6ms (compile: 1643µs, render: 4ms)
 GET /api/tasks 200 in 6ms (compile: 2ms, render: 4ms)
 PUT /api/tasks/639890ca-de09-4b4b-a1f4-a5efc6b7b1b2 200 in 10ms (compile: 5ms, render: 5ms)
 PUT /api/tasks/3b107005-f4b8-40c2-954a-82077fd4d532 200 in 6ms (compile: 1611µs, render: 4ms)
 GET /api/tasks 200 in 6ms (compile: 2ms, render: 4ms)
 PUT /api/tasks/639890ca-de09-4b4b-a1f4-a5efc6b7b1b2 200 in 11ms (compile: 5ms, render: 5ms)
 PUT /api/tasks/3b107005-f4b8-40c2-954a-82077fd4d532 200 in 6ms (compile: 1604µs, render: 4ms)
 GET /api/tasks 200 in 7ms (compile: 2ms, render: 4ms)
 PUT /api/tasks/639890ca-de09-4b4b-a1f4-a5efc6b7b1b2 200 in 12ms (compile: 6ms, render: 6ms)
 PUT /api/tasks/3b107005-f4b8-40c2-954a-82077fd4d532 200 in 6ms (compile: 1609µs, render: 4ms)
 GET /api/tasks 200 in 6ms (compile: 2ms, render: 4ms)
 PUT /api/tasks/639890ca-de09-4b4b-a1f4-a5efc6b7b1b2 200 in 9ms (compile: 4ms, render: 5ms)
 PUT /api/tasks/3b107005-f4b8-40c2-954a-82077fd4d532 200 in 6ms (compile: 1526µs, render: 4ms)
 GET /api/tasks 200 in 6ms (compile: 2ms, render: 4ms)
 PUT /api/tasks/639890ca-de09-4b4b-a1f4-a5efc6b7b1b2 200 in 11ms (compile: 5ms, render: 6ms)
 PUT /api/tasks/3b107005-f4b8-40c2-954a-82077fd4d532 200 in 6ms (compile: 1546µs, render: 4ms)
 GET /api/tasks 200 in 6ms (compile: 2ms, render: 4ms)
 PUT /api/tasks/639890ca-de09-4b4b-a1f4-a5efc6b7b1b2 200 in 9ms (compile: 5ms, render: 5ms)
 PUT /api/tasks/3b107005-f4b8-40c2-954a-82077fd4d532 200 in 5ms (compile: 1565µs, render: 4ms)
 GET /api/tasks 200 in 6ms (compile: 3ms, render: 4ms)
 PUT /api/tasks/639890ca-de09-4b4b-a1f4-a5efc6b7b1b2 200 in 11ms (compile: 5ms, render: 6ms)
 PUT /api/tasks/3b107005-f4b8-40c2-954a-82077fd4d532 200 in 8ms (compile: 4ms, render: 5ms)
 GET /api/tasks 200 in 8ms (compile: 3ms, render: 5ms)
 PUT /api/tasks/639890ca-de09-4b4b-a1f4-a5efc6b7b1b2 200 in 10ms (compile: 4ms, render: 6ms)
 PUT /api/tasks/3b107005-f4b8-40c2-954a-82077fd4d532 200 in 6ms (compile: 2ms, render: 4ms)
 GET /api/tasks 200 in 6ms (compile: 2ms, render: 4ms)
 PUT /api/tasks/639890ca-de09-4b4b-a1f4-a5efc6b7b1b2 200 in 11ms (compile: 5ms, render: 6ms)
 PUT /api/tasks/3b107005-f4b8-40c2-954a-82077fd4d532 200 in 7ms (compile: 1699µs, render: 5ms)
 GET /api/tasks 200 in 6ms (compile: 1784µs, render: 4ms)
 PUT /api/tasks/639890ca-de09-4b4b-a1f4-a5efc6b7b1b2 200 in 14ms (compile: 5ms, render: 9ms)
 PUT /api/tasks/3b107005-f4b8-40c2-954a-82077fd4d532 200 in 3ms (compile: 685µs, render: 1970µs)
 GET /api/tasks 200 in 6ms (compile: 2ms, render: 4ms)
 PUT /api/tasks/639890ca-de09-4b4b-a1f4-a5efc6b7b1b2 200 in 11ms (compile: 6ms, render: 5ms)
 PUT /api/tasks/3b107005-f4b8-40c2-954a-82077fd4d532 200 in 6ms (compile: 1673µs, render: 4ms)
 GET /api/tasks 200 in 3ms (compile: 1064µs, render: 2ms)
 PUT /api/tasks/639890ca-de09-4b4b-a1f4-a5efc6b7b1b2 200 in 6ms (compile: 3ms, render: 3ms)
 PUT /api/tasks/3b107005-f4b8-40c2-954a-82077fd4d532 200 in 4ms (compile: 1088µs, render: 3ms)
 GET /api/tasks 200 in 6ms (compile: 2ms, render: 4ms)
 PUT /api/tasks/639890ca-de09-4b4b-a1f4-a5efc6b7b1b2 200 in 11ms (compile: 5ms, render: 5ms)
 PUT /api/tasks/3b107005-f4b8-40c2-954a-82077fd4d532 200 in 6ms (compile: 1678µs, render: 5ms)
 GET /api/tasks 200 in 6ms (compile: 2ms, render: 4ms)
 PUT /api/tasks/639890ca-de09-4b4b-a1f4-a5efc6b7b1b2 200 in 10ms (compile: 5ms, render: 5ms)
 PUT /api/tasks/3b107005-f4b8-40c2-954a-82077fd4d532 200 in 5ms (compile: 1562µs, render: 4ms)
 GET /api/tasks 200 in 6ms (compile: 2ms, render: 4ms)
 PUT /api/tasks/639890ca-de09-4b4b-a1f4-a5efc6b7b1b2 200 in 11ms (compile: 6ms, render: 5ms)
 PUT /api/tasks/3b107005-f4b8-40c2-954a-82077fd4d532 200 in 5ms (compile: 1427µs, render: 4ms)
 GET /api/tasks 200 in 7ms (compile: 3ms, render: 4ms)
 PUT /api/tasks/639890ca-de09-4b4b-a1f4-a5efc6b7b1b2 200 in 10ms (compile: 5ms, render: 5ms)
 PUT /api/tasks/3b107005-f4b8-40c2-954a-82077fd4d532 200 in 5ms (compile: 1472µs, render: 4ms)
 GET /api/tasks 200 in 6ms (compile: 1964µs, render: 4ms)
 PUT /api/tasks/639890ca-de09-4b4b-a1f4-a5efc6b7b1b2 200 in 7ms (compile: 4ms, render: 4ms)
 PUT /api/tasks/3b107005-f4b8-40c2-954a-82077fd4d532 200 in 4ms (compile: 1068µs, render: 3ms)
 GET /api/tasks 200 in 6ms (compile: 2ms, render: 4ms)
 PUT /api/tasks/639890ca-de09-4b4b-a1f4-a5efc6b7b1b2 200 in 10ms (compile: 5ms, render: 5ms)
 PUT /api/tasks/3b107005-f4b8-40c2-954a-82077fd4d532 200 in 6ms (compile: 1640µs, render: 4ms)
 GET /api/tasks 200 in 6ms (compile: 2ms, render: 4ms)
 PUT /api/tasks/639890ca-de09-4b4b-a1f4-a5efc6b7b1b2 200 in 10ms (compile: 4ms, render: 6ms)
 PUT /api/tasks/3b107005-f4b8-40c2-954a-82077fd4d532 200 in 6ms (compile: 1583µs, render: 5ms)
 GET /api/tasks 200 in 6ms (compile: 2ms, render: 4ms)
 PUT /api/tasks/639890ca-de09-4b4b-a1f4-a5efc6b7b1b2 200 in 10ms (compile: 5ms, render: 6ms)
 PUT /api/tasks/3b107005-f4b8-40c2-954a-82077fd4d532 200 in 7ms (compile: 1799µs, render: 5ms)
 GET /api/tasks 200 in 6ms (compile: 1829µs, render: 4ms)
 PUT /api/tasks/639890ca-de09-4b4b-a1f4-a5efc6b7b1b2 200 in 11ms (compile: 5ms, render: 6ms)
 PUT /api/tasks/3b107005-f4b8-40c2-954a-82077fd4d532 200 in 6ms (compile: 1571µs, render: 4ms)
 GET /api/tasks 200 in 6ms (compile: 2ms, render: 4ms)
 PUT /api/tasks/639890ca-de09-4b4b-a1f4-a5efc6b7b1b2 200 in 9ms (compile: 4ms, render: 5ms)
 PUT /api/tasks/3b107005-f4b8-40c2-954a-82077fd4d532 200 in 6ms (compile: 1439µs, render: 4ms)
 GET /api/tasks 200 in 7ms (compile: 2ms, render: 5ms)
 PUT /api/tasks/639890ca-de09-4b4b-a1f4-a5efc6b7b1b2 200 in 9ms (compile: 5ms, render: 5ms)
 PUT /api/tasks/3b107005-f4b8-40c2-954a-82077fd4d532 200 in 6ms (compile: 1661µs, render: 4ms)
 GET /api/tasks 200 in 7ms (compile: 2ms, render: 4ms)
 PUT /api/tasks/639890ca-de09-4b4b-a1f4-a5efc6b7b1b2 200 in 11ms (compile: 6ms, render: 6ms)
 PUT /api/tasks/3b107005-f4b8-40c2-954a-82077fd4d532 200 in 6ms (compile: 1799µs, render: 4ms)
 GET /api/tasks 200 in 7ms (compile: 2ms, render: 4ms)
 PUT /api/tasks/639890ca-de09-4b4b-a1f4-a5efc6b7b1b2 200 in 10ms (compile: 5ms, render: 5ms)
 PUT /api/tasks/3b107005-f4b8-40c2-954a-82077fd4d532 200 in 6ms (compile: 2ms, render: 3ms)
 GET /api/tasks 200 in 6ms (compile: 1868µs, render: 4ms)
 PUT /api/tasks/639890ca-de09-4b4b-a1f4-a5efc6b7b1b2 200 in 11ms (compile: 6ms, render: 6ms)
 PUT /api/tasks/3b107005-f4b8-40c2-954a-82077fd4d532 200 in 5ms (compile: 1471µs, render: 4ms)
 GET /api/tasks 200 in 6ms (compile: 2ms, render: 4ms)
 PUT /api/tasks/639890ca-de09-4b4b-a1f4-a5efc6b7b1b2 200 in 9ms (compile: 4ms, render: 5ms)
 PUT /api/tasks/3b107005-f4b8-40c2-954a-82077fd4d532 200 in 5ms (compile: 1542µs, render: 4ms)
 GET /api/tasks 200 in 6ms (compile: 2ms, render: 4ms)
 PUT /api/tasks/639890ca-de09-4b4b-a1f4-a5efc6b7b1b2 200 in 10ms (compile: 5ms, render: 5ms)
 PUT /api/tasks/3b107005-f4b8-40c2-954a-82077fd4d532 200 in 5ms (compile: 1469µs, render: 4ms)
 GET /api/tasks 200 in 6ms (compile: 2ms, render: 4ms)
 PUT /api/tasks/639890ca-de09-4b4b-a1f4-a5efc6b7b1b2 200 in 10ms (compile: 5ms, render: 5ms)
 PUT /api/tasks/3b107005-f4b8-40c2-954a-82077fd4d532 200 in 5ms (compile: 1463µs, render: 4ms)
 GET /api/tasks 200 in 6ms (compile: 2ms, render: 4ms)
 PUT /api/tasks/639890ca-de09-4b4b-a1f4-a5efc6b7b1b2 200 in 11ms (compile: 6ms, render: 5ms)
 PUT /api/tasks/3b107005-f4b8-40c2-954a-82077fd4d532 200 in 6ms (compile: 2ms, render: 4ms)
 GET /api/tasks 200 in 6ms (compile: 2ms, render: 4ms)
 PUT /api/tasks/639890ca-de09-4b4b-a1f4-a5efc6b7b1b2 200 in 11ms (compile: 5ms, render: 6ms)
 PUT /api/tasks/3b107005-f4b8-40c2-954a-82077fd4d532 200 in 7ms (compile: 1867µs, render: 5ms)
 GET /api/tasks 200 in 6ms (compile: 2ms, render: 4ms)
 PUT /api/tasks/639890ca-de09-4b4b-a1f4-a5efc6b7b1b2 200 in 9ms (compile: 4ms, render: 5ms)
 PUT /api/tasks/3b107005-f4b8-40c2-954a-82077fd4d532 200 in 6ms (compile: 1413µs, render: 4ms)
 GET /api/tasks 200 in 6ms (compile: 2ms, render: 4ms)
 PUT /api/tasks/639890ca-de09-4b4b-a1f4-a5efc6b7b1b2 200 in 11ms (compile: 5ms, render: 6ms)
 PUT /api/tasks/3b107005-f4b8-40c2-954a-82077fd4d532 200 in 6ms (compile: 1704µs, render: 5ms)
 GET /api/tasks 200 in 6ms (compile: 2ms, render: 4ms)
 PUT /api/tasks/639890ca-de09-4b4b-a1f4-a5efc6b7b1b2 200 in 10ms (compile: 5ms, render: 5ms)
 PUT /api/tasks/3b107005-f4b8-40c2-954a-82077fd4d532 200 in 5ms (compile: 1509µs, render: 4ms)
 GET /api/tasks 200 in 7ms (compile: 2ms, render: 4ms)
 PUT /api/tasks/639890ca-de09-4b4b-a1f4-a5efc6b7b1b2 200 in 11ms (compile: 5ms, render: 6ms)
 PUT /api/tasks/3b107005-f4b8-40c2-954a-82077fd4d532 200 in 6ms (compile: 1602µs, render: 4ms)
 GET /api/tasks 200 in 6ms (compile: 2ms, render: 4ms)
 PUT /api/tasks/639890ca-de09-4b4b-a1f4-a5efc6b7b1b2 200 in 11ms (compile: 6ms, render: 5ms)
 PUT /api/tasks/3b107005-f4b8-40c2-954a-82077fd4d532 200 in 5ms (compile: 1482µs, render: 4ms)
 GET /api/tasks 200 in 6ms (compile: 2ms, render: 4ms)
 PUT /api/tasks/639890ca-de09-4b4b-a1f4-a5efc6b7b1b2 200 in 10ms (compile: 5ms, render: 5ms)
 PUT /api/tasks/3b107005-f4b8-40c2-954a-82077fd4d532 200 in 5ms (compile: 1436µs, render: 4ms)
 GET /api/tasks 200 in 6ms (compile: 2ms, render: 4ms)
 PUT /api/tasks/639890ca-de09-4b4b-a1f4-a5efc6b7b1b2 200 in 11ms (compile: 6ms, render: 5ms)
 PUT /api/tasks/3b107005-f4b8-40c2-954a-82077fd4d532 200 in 6ms (compile: 1560µs, render: 4ms)
 GET /api/tasks 200 in 6ms (compile: 2ms, render: 4ms)
 PUT /api/tasks/639890ca-de09-4b4b-a1f4-a5efc6b7b1b2 200 in 10ms (compile: 5ms, render: 5ms)
 PUT /api/tasks/3b107005-f4b8-40c2-954a-82077fd4d532 200 in 5ms (compile: 1495µs, render: 4ms)
 GET /api/tasks 200 in 6ms (compile: 2ms, render: 4ms)
 PUT /api/tasks/639890ca-de09-4b4b-a1f4-a5efc6b7b1b2 200 in 10ms (compile: 5ms, render: 5ms)
 PUT /api/tasks/3b107005-f4b8-40c2-954a-82077fd4d532 200 in 6ms (compile: 1638µs, render: 5ms)
 GET /api/tasks 200 in 6ms (compile: 3ms, render: 4ms)
 PUT /api/tasks/639890ca-de09-4b4b-a1f4-a5efc6b7b1b2 200 in 10ms (compile: 5ms, render: 5ms)
 PUT /api/tasks/3b107005-f4b8-40c2-954a-82077fd4d532 200 in 5ms (compile: 1406µs, render: 4ms)
 GET /api/tasks 200 in 6ms (compile: 2ms, render: 4ms)
 PUT /api/tasks/639890ca-de09-4b4b-a1f4-a5efc6b7b1b2 200 in 9ms (compile: 4ms, render: 5ms)
 PUT /api/tasks/3b107005-f4b8-40c2-954a-82077fd4d532 200 in 6ms (compile: 1282µs, render: 4ms)
 GET /api/tasks 200 in 6ms (compile: 2ms, render: 3ms)
 PUT /api/tasks/639890ca-de09-4b4b-a1f4-a5efc6b7b1b2 200 in 10ms (compile: 5ms, render: 5ms)
 PUT /api/tasks/3b107005-f4b8-40c2-954a-82077fd4d532 200 in 6ms (compile: 1587µs, render: 4ms)
 GET /api/tasks 200 in 6ms (compile: 2ms, render: 4ms)
 PUT /api/tasks/639890ca-de09-4b4b-a1f4-a5efc6b7b1b2 200 in 11ms (compile: 6ms, render: 5ms)
 PUT /api/tasks/3b107005-f4b8-40c2-954a-82077fd4d532 200 in 6ms (compile: 1537µs, render: 4ms)
 GET /api/tasks 200 in 6ms (compile: 2ms, render: 4ms)
 PUT /api/tasks/639890ca-de09-4b4b-a1f4-a5efc6b7b1b2 200 in 12ms (compile: 5ms, render: 6ms)
 PUT /api/tasks/3b107005-f4b8-40c2-954a-82077fd4d532 200 in 4ms (compile: 905µs, render: 3ms)
 GET /api/tasks 200 in 6ms (compile: 2ms, render: 4ms)
 PUT /api/tasks/639890ca-de09-4b4b-a1f4-a5efc6b7b1b2 200 in 10ms (compile: 5ms, render: 5ms)
 PUT /api/tasks/3b107005-f4b8-40c2-954a-82077fd4d532 200 in 5ms (compile: 1541µs, render: 4ms)
 GET /api/tasks 200 in 6ms (compile: 2ms, render: 4ms)
 PUT /api/tasks/639890ca-de09-4b4b-a1f4-a5efc6b7b1b2 200 in 10ms (compile: 5ms, render: 5ms)
 PUT /api/tasks/3b107005-f4b8-40c2-954a-82077fd4d532 200 in 6ms (compile: 1827µs, render: 4ms)
 GET /api/tasks 200 in 6ms (compile: 2ms, render: 4ms)
 PUT /api/tasks/639890ca-de09-4b4b-a1f4-a5efc6b7b1b2 200 in 10ms (compile: 5ms, render: 5ms)
 PUT /api/tasks/3b107005-f4b8-40c2-954a-82077fd4d532 200 in 5ms (compile: 1457µs, render: 4ms)
 GET /api/tasks 200 in 6ms (compile: 2ms, render: 4ms)
 PUT /api/tasks/639890ca-de09-4b4b-a1f4-a5efc6b7b1b2 200 in 10ms (compile: 5ms, render: 5ms)
 PUT /api/tasks/3b107005-f4b8-40c2-954a-82077fd4d532 200 in 6ms (compile: 1614µs, render: 4ms)
 GET /api/tasks 200 in 6ms (compile: 2ms, render: 4ms)
 PUT /api/tasks/639890ca-de09-4b4b-a1f4-a5efc6b7b1b2 200 in 11ms (compile: 5ms, render: 5ms)
 PUT /api/tasks/3b107005-f4b8-40c2-954a-82077fd4d532 200 in 6ms (compile: 1558µs, render: 4ms)
 GET /api/tasks 200 in 4ms (compile: 1707µs, render: 3ms)
 PUT /api/tasks/639890ca-de09-4b4b-a1f4-a5efc6b7b1b2 200 in 8ms (compile: 4ms, render: 4ms)
 PUT /api/tasks/3b107005-f4b8-40c2-954a-82077fd4d532 200 in 4ms (compile: 1164µs, render: 3ms)
 GET /api/tasks 200 in 6ms (compile: 2ms, render: 4ms)
 PUT /api/tasks/639890ca-de09-4b4b-a1f4-a5efc6b7b1b2 200 in 11ms (compile: 5ms, render: 5ms)
 PUT /api/tasks/3b107005-f4b8-40c2-954a-82077fd4d532 200 in 5ms (compile: 1454µs, render: 4ms)
 GET /api/tasks 200 in 6ms (compile: 2ms, render: 4ms)
 PUT /api/tasks/639890ca-de09-4b4b-a1f4-a5efc6b7b1b2 200 in 10ms (compile: 5ms, render: 6ms)
 PUT /api/tasks/3b107005-f4b8-40c2-954a-82077fd4d532 200 in 6ms (compile: 1788µs, render: 5ms)
 GET /api/tasks 200 in 6ms (compile: 2ms, render: 4ms)
 PUT /api/tasks/639890ca-de09-4b4b-a1f4-a5efc6b7b1b2 200 in 11ms (compile: 5ms, render: 6ms)
 PUT /api/tasks/3b107005-f4b8-40c2-954a-82077fd4d532 200 in 6ms (compile: 1740µs, render: 5ms)
 GET /api/tasks 200 in 5ms (compile: 2ms, render: 3ms)
 PUT /api/tasks/639890ca-de09-4b4b-a1f4-a5efc6b7b1b2 200 in 10ms (compile: 5ms, render: 5ms)
 PUT /api/tasks/3b107005-f4b8-40c2-954a-82077fd4d532 200 in 5ms (compile: 1427µs, render: 4ms)
 GET /api/tasks 200 in 6ms (compile: 2ms, render: 4ms)
 PUT /api/tasks/639890ca-de09-4b4b-a1f4-a5efc6b7b1b2 200 in 10ms (compile: 4ms, render: 5ms)
 PUT /api/tasks/3b107005-f4b8-40c2-954a-82077fd4d532 200 in 5ms (compile: 1461µs, render: 4ms)
 GET /api/tasks 200 in 6ms (compile: 3ms, render: 4ms)
 PUT /api/tasks/639890ca-de09-4b4b-a1f4-a5efc6b7b1b2 200 in 10ms (compile: 4ms, render: 5ms)
 PUT /api/tasks/3b107005-f4b8-40c2-954a-82077fd4d532 200 in 5ms (compile: 1568µs, render: 4ms)
 GET /api/tasks 200 in 6ms (compile: 2ms, render: 4ms)
 PUT /api/tasks/639890ca-de09-4b4b-a1f4-a5efc6b7b1b2 200 in 10ms (compile: 5ms, render: 6ms)
 PUT /api/tasks/3b107005-f4b8-40c2-954a-82077fd4d532 200 in 7ms (compile: 2ms, render: 5ms)
 GET /api/tasks 200 in 6ms (compile: 2ms, render: 4ms)
 PUT /api/tasks/639890ca-de09-4b4b-a1f4-a5efc6b7b1b2 200 in 10ms (compile: 5ms, render: 5ms)
 PUT /api/tasks/3b107005-f4b8-40c2-954a-82077fd4d532 200 in 6ms (compile: 1630µs, render: 4ms)
 GET /api/tasks 200 in 6ms (compile: 2ms, render: 4ms)
 PUT /api/tasks/639890ca-de09-4b4b-a1f4-a5efc6b7b1b2 200 in 11ms (compile: 5ms, render: 6ms)
 PUT /api/tasks/3b107005-f4b8-40c2-954a-82077fd4d532 200 in 6ms (compile: 1646µs, render: 4ms)
 GET /api/tasks 200 in 6ms (compile: 2ms, render: 4ms)
 PUT /api/tasks/639890ca-de09-4b4b-a1f4-a5efc6b7b1b2 200 in 11ms (compile: 5ms, render: 6ms)
 PUT /api/tasks/3b107005-f4b8-40c2-954a-82077fd4d532 200 in 5ms (compile: 1758µs, render: 4ms)
 GET /api/tasks 200 in 6ms (compile: 2ms, render: 4ms)
 PUT /api/tasks/639890ca-de09-4b4b-a1f4-a5efc6b7b1b2 200 in 11ms (compile: 5ms, render: 5ms)
 PUT /api/tasks/3b107005-f4b8-40c2-954a-82077fd4d532 200 in 5ms (compile: 1454µs, render: 4ms)
 GET /api/tasks 200 in 6ms (compile: 2ms, render: 4ms)
 PUT /api/tasks/639890ca-de09-4b4b-a1f4-a5efc6b7b1b2 200 in 10ms (compile: 5ms, render: 5ms)
 PUT /api/tasks/3b107005-f4b8-40c2-954a-82077fd4d532 200 in 5ms (compile: 1438µs, render: 4ms)
 GET /api/tasks 200 in 6ms (compile: 2ms, render: 4ms)
 PUT /api/tasks/639890ca-de09-4b4b-a1f4-a5efc6b7b1b2 200 in 11ms (compile: 5ms, render: 6ms)
 PUT /api/tasks/3b107005-f4b8-40c2-954a-82077fd4d532 200 in 6ms (compile: 1501µs, render: 4ms)
 GET /api/tasks 200 in 6ms (compile: 2ms, render: 4ms)
 PUT /api/tasks/639890ca-de09-4b4b-a1f4-a5efc6b7b1b2 200 in 10ms (compile: 5ms, render: 5ms)
 PUT /api/tasks/3b107005-f4b8-40c2-954a-82077fd4d532 200 in 5ms (compile: 1521µs, render: 4ms)
 GET /api/tasks 200 in 6ms (compile: 2ms, render: 4ms)
 PUT /api/tasks/639890ca-de09-4b4b-a1f4-a5efc6b7b1b2 200 in 10ms (compile: 5ms, render: 5ms)
 PUT /api/tasks/3b107005-f4b8-40c2-954a-82077fd4d532 200 in 6ms (compile: 1947µs, render: 4ms)
 GET /api/tasks 200 in 6ms (compile: 2ms, render: 4ms)
 PUT /api/tasks/639890ca-de09-4b4b-a1f4-a5efc6b7b1b2 200 in 10ms (compile: 5ms, render: 6ms)
 PUT /api/tasks/3b107005-f4b8-40c2-954a-82077fd4d532 200 in 6ms (compile: 1658µs, render: 4ms)
 GET /api/tasks 200 in 6ms (compile: 2ms, render: 4ms)
 PUT /api/tasks/639890ca-de09-4b4b-a1f4-a5efc6b7b1b2 200 in 11ms (compile: 5ms, render: 6ms)
 PUT /api/tasks/3b107005-f4b8-40c2-954a-82077fd4d532 200 in 6ms (compile: 1667µs, render: 4ms)
 GET /api/tasks 200 in 6ms (compile: 3ms, render: 4ms)
 PUT /api/tasks/639890ca-de09-4b4b-a1f4-a5efc6b7b1b2 200 in 10ms (compile: 4ms, render: 5ms)
 PUT /api/tasks/3b107005-f4b8-40c2-954a-82077fd4d532 200 in 6ms (compile: 1633µs, render: 4ms)
 GET /api/tasks 200 in 7ms (compile: 3ms, render: 4ms)
 PUT /api/tasks/639890ca-de09-4b4b-a1f4-a5efc6b7b1b2 200 in 10ms (compile: 5ms, render: 6ms)
 PUT /api/tasks/3b107005-f4b8-40c2-954a-82077fd4d532 200 in 6ms (compile: 1818µs, render: 5ms)
 GET /api/tasks 200 in 6ms (compile: 2ms, render: 4ms)
 PUT /api/tasks/639890ca-de09-4b4b-a1f4-a5efc6b7b1b2 200 in 11ms (compile: 5ms, render: 5ms)
 PUT /api/tasks/3b107005-f4b8-40c2-954a-82077fd4d532 200 in 6ms (compile: 1613µs, render: 4ms)
 GET /api/tasks 200 in 6ms (compile: 2ms, render: 4ms)
 PUT /api/tasks/639890ca-de09-4b4b-a1f4-a5efc6b7b1b2 200 in 10ms (compile: 4ms, render: 6ms)
 PUT /api/tasks/3b107005-f4b8-40c2-954a-82077fd4d532 200 in 6ms (compile: 1567µs, render: 4ms)
 GET /api/tasks 200 in 6ms (compile: 2ms, render: 4ms)
 PUT /api/tasks/639890ca-de09-4b4b-a1f4-a5efc6b7b1b2 200 in 10ms (compile: 5ms, render: 5ms)
 PUT /api/tasks/3b107005-f4b8-40c2-954a-82077fd4d532 200 in 6ms (compile: 1449µs, render: 4ms)
 GET /api/tasks 200 in 6ms (compile: 2ms, render: 4ms)
 PUT /api/tasks/639890ca-de09-4b4b-a1f4-a5efc6b7b1b2 200 in 10ms (compile: 5ms, render: 5ms)
 PUT /api/tasks/3b107005-f4b8-40c2-954a-82077fd4d532 200 in 5ms (compile: 1420µs, render: 4ms)
 GET /api/tasks 200 in 6ms (compile: 2ms, render: 4ms)
 PUT /api/tasks/639890ca-de09-4b4b-a1f4-a5efc6b7b1b2 200 in 9ms (compile: 4ms, render: 5ms)
 PUT /api/tasks/3b107005-f4b8-40c2-954a-82077fd4d532 200 in 6ms (compile: 1552µs, render: 4ms)
 GET /api/tasks 200 in 6ms (compile: 2ms, render: 4ms)
 PUT /api/tasks/639890ca-de09-4b4b-a1f4-a5efc6b7b1b2 200 in 10ms (compile: 5ms, render: 5ms)
 PUT /api/tasks/3b107005-f4b8-40c2-954a-82077fd4d532 200 in 6ms (compile: 1710µs, render: 4ms)
 GET /api/tasks 200 in 6ms (compile: 2ms, render: 4ms)
 PUT /api/tasks/639890ca-de09-4b4b-a1f4-a5efc6b7b1b2 200 in 10ms (compile: 4ms, render: 5ms)
 PUT /api/tasks/3b107005-f4b8-40c2-954a-82077fd4d532 200 in 6ms (compile: 1542µs, render: 5ms)
 GET /api/tasks 200 in 7ms (compile: 3ms, render: 4ms)
 PUT /api/tasks/639890ca-de09-4b4b-a1f4-a5efc6b7b1b2 200 in 11ms (compile: 5ms, render: 6ms)
 PUT /api/tasks/3b107005-f4b8-40c2-954a-82077fd4d532 200 in 6ms (compile: 1571µs, render: 4ms)
 GET /api/tasks 200 in 6ms (compile: 2ms, render: 4ms)
 PUT /api/tasks/639890ca-de09-4b4b-a1f4-a5efc6b7b1b2 200 in 10ms (compile: 5ms, render: 5ms)
 PUT /api/tasks/3b107005-f4b8-40c2-954a-82077fd4d532 200 in 7ms (compile: 1983µs, render: 5ms)
 GET /api/tasks 200 in 6ms (compile: 2ms, render: 4ms)
 PUT /api/tasks/639890ca-de09-4b4b-a1f4-a5efc6b7b1b2 200 in 10ms (compile: 5ms, render: 5ms)
 PUT /api/tasks/3b107005-f4b8-40c2-954a-82077fd4d532 200 in 6ms (compile: 1532µs, render: 4ms)
 GET /api/tasks 200 in 6ms (compile: 2ms, render: 4ms)
 PUT /api/tasks/639890ca-de09-4b4b-a1f4-a5efc6b7b1b2 200 in 11ms (compile: 5ms, render: 5ms)
 PUT /api/tasks/3b107005-f4b8-40c2-954a-82077fd4d532 200 in 5ms (compile: 1919µs, render: 3ms)
 GET /api/tasks 200 in 6ms (compile: 2ms, render: 4ms)
 PUT /api/tasks/639890ca-de09-4b4b-a1f4-a5efc6b7b1b2 200 in 10ms (compile: 4ms, render: 5ms)
 PUT /api/tasks/3b107005-f4b8-40c2-954a-82077fd4d532 200 in 5ms (compile: 1478µs, render: 4ms)
 GET /api/tasks 200 in 6ms (compile: 2ms, render: 4ms)
 PUT /api/tasks/639890ca-de09-4b4b-a1f4-a5efc6b7b1b2 200 in 10ms (compile: 5ms, render: 5ms)
 PUT /api/tasks/3b107005-f4b8-40c2-954a-82077fd4d532 200 in 5ms (compile: 1446µs, render: 4ms)
 GET /api/tasks 200 in 6ms (compile: 2ms, render: 4ms)
 PUT /api/tasks/639890ca-de09-4b4b-a1f4-a5efc6b7b1b2 200 in 9ms (compile: 4ms, render: 5ms)
 PUT /api/tasks/3b107005-f4b8-40c2-954a-82077fd4d532 200 in 6ms (compile: 1515µs, render: 4ms)
 GET /api/tasks 200 in 6ms (compile: 2ms, render: 4ms)
 PUT /api/tasks/639890ca-de09-4b4b-a1f4-a5efc6b7b1b2 200 in 10ms (compile: 5ms, render: 5ms)
 PUT /api/tasks/3b107005-f4b8-40c2-954a-82077fd4d532 200 in 5ms (compile: 1425µs, render: 4ms)
 GET /api/tasks 200 in 6ms (compile: 2ms, render: 4ms)
 PUT /api/tasks/639890ca-de09-4b4b-a1f4-a5efc6b7b1b2 200 in 11ms (compile: 6ms, render: 5ms)
 PUT /api/tasks/3b107005-f4b8-40c2-954a-82077fd4d532 200 in 6ms (compile: 2ms, render: 4ms)
 GET /api/tasks 200 in 6ms (compile: 2ms, render: 4ms)
 PUT /api/tasks/639890ca-de09-4b4b-a1f4-a5efc6b7b1b2 200 in 10ms (compile: 5ms, render: 5ms)
 PUT /api/tasks/3b107005-f4b8-40c2-954a-82077fd4d532 200 in 5ms (compile: 1519µs, render: 4ms)
 GET /api/tasks 200 in 6ms (compile: 2ms, render: 4ms)
 PUT /api/tasks/639890ca-de09-4b4b-a1f4-a5efc6b7b1b2 200 in 10ms (compile: 5ms, render: 5ms)
 PUT /api/tasks/3b107005-f4b8-40c2-954a-82077fd4d532 200 in 6ms (compile: 1641µs, render: 4ms)
 GET /api/tasks 200 in 6ms (compile: 1694µs, render: 4ms)
 PUT /api/tasks/639890ca-de09-4b4b-a1f4-a5efc6b7b1b2 200 in 10ms (compile: 5ms, render: 5ms)
 PUT /api/tasks/3b107005-f4b8-40c2-954a-82077fd4d532 200 in 6ms (compile: 1531µs, render: 4ms)
 GET /api/tasks 200 in 6ms (compile: 2ms, render: 4ms)
 PUT /api/tasks/639890ca-de09-4b4b-a1f4-a5efc6b7b1b2 200 in 11ms (compile: 5ms, render: 6ms)
 PUT /api/tasks/3b107005-f4b8-40c2-954a-82077fd4d532 200 in 6ms (compile: 1650µs, render: 4ms)
 GET /api/tasks 200 in 6ms (compile: 2ms, render: 4ms)
 PUT /api/tasks/639890ca-de09-4b4b-a1f4-a5efc6b7b1b2 200 in 10ms (compile: 5ms, render: 5ms)
 PUT /api/tasks/3b107005-f4b8-40c2-954a-82077fd4d532 200 in 6ms (compile: 1671µs, render: 5ms)
 GET /api/tasks 200 in 6ms (compile: 2ms, render: 4ms)
 PUT /api/tasks/639890ca-de09-4b4b-a1f4-a5efc6b7b1b2 200 in 11ms (compile: 5ms, render: 6ms)
 PUT /api/tasks/3b107005-f4b8-40c2-954a-82077fd4d532 200 in 6ms (compile: 1721µs, render: 5ms)
 GET /api/tasks 200 in 6ms (compile: 2ms, render: 4ms)
 PUT /api/tasks/639890ca-de09-4b4b-a1f4-a5efc6b7b1b2 200 in 10ms (compile: 5ms, render: 5ms)
 PUT /api/tasks/3b107005-f4b8-40c2-954a-82077fd4d532 200 in 6ms (compile: 1449µs, render: 4ms)
 GET /api/tasks 200 in 5ms (compile: 2ms, render: 3ms)
 PUT /api/tasks/639890ca-de09-4b4b-a1f4-a5efc6b7b1b2 200 in 10ms (compile: 5ms, render: 5ms)
 PUT /api/tasks/3b107005-f4b8-40c2-954a-82077fd4d532 200 in 5ms (compile: 1525µs, render: 4ms)
 GET /api/tasks 200 in 6ms (compile: 2ms, render: 4ms)
 PUT /api/tasks/639890ca-de09-4b4b-a1f4-a5efc6b7b1b2 200 in 11ms (compile: 5ms, render: 6ms)
 PUT /api/tasks/3b107005-f4b8-40c2-954a-82077fd4d532 200 in 7ms (compile: 2ms, render: 4ms)
 GET /api/tasks 200 in 6ms (compile: 2ms, render: 4ms)
 PUT /api/tasks/639890ca-de09-4b4b-a1f4-a5efc6b7b1b2 200 in 10ms (compile: 4ms, render: 5ms)
 PUT /api/tasks/3b107005-f4b8-40c2-954a-82077fd4d532 200 in 6ms (compile: 1558µs, render: 4ms)
 GET /api/tasks 200 in 6ms (compile: 3ms, render: 4ms)
 PUT /api/tasks/639890ca-de09-4b4b-a1f4-a5efc6b7b1b2 200 in 10ms (compile: 5ms, render: 5ms)
 PUT /api/tasks/3b107005-f4b8-40c2-954a-82077fd4d532 200 in 5ms (compile: 1535µs, render: 4ms)
 GET /api/tasks 200 in 6ms (compile: 2ms, render: 4ms)
 PUT /api/tasks/639890ca-de09-4b4b-a1f4-a5efc6b7b1b2 200 in 11ms (compile: 5ms, render: 6ms)
 PUT /api/tasks/3b107005-f4b8-40c2-954a-82077fd4d532 200 in 6ms (compile: 1645µs, render: 4ms)
 GET /api/tasks 200 in 6ms (compile: 2ms, render: 4ms)
 PUT /api/tasks/639890ca-de09-4b4b-a1f4-a5efc6b7b1b2 200 in 9ms (compile: 5ms, render: 5ms)
 PUT /api/tasks/3b107005-f4b8-40c2-954a-82077fd4d532 200 in 6ms (compile: 1503µs, render: 4ms)
 GET /api/tasks 200 in 6ms (compile: 2ms, render: 4ms)
 PUT /api/tasks/639890ca-de09-4b4b-a1f4-a5efc6b7b1b2 200 in 10ms (compile: 4ms, render: 5ms)
 PUT /api/tasks/3b107005-f4b8-40c2-954a-82077fd4d532 200 in 6ms (compile: 1557µs, render: 4ms)
 GET /api/tasks 200 in 7ms (compile: 3ms, render: 4ms)
 PUT /api/tasks/639890ca-de09-4b4b-a1f4-a5efc6b7b1b2 200 in 12ms (compile: 6ms, render: 6ms)
 PUT /api/tasks/3b107005-f4b8-40c2-954a-82077fd4d532 200 in 6ms (compile: 1630µs, render: 5ms)
 GET /api/tasks 200 in 6ms (compile: 2ms, render: 4ms)
 PUT /api/tasks/639890ca-de09-4b4b-a1f4-a5efc6b7b1b2 200 in 10ms (compile: 5ms, render: 5ms)
 PUT /api/tasks/3b107005-f4b8-40c2-954a-82077fd4d532 200 in 5ms (compile: 1466µs, render: 4ms)
 GET /api/tasks 200 in 6ms (compile: 1961µs, render: 4ms)
 PUT /api/tasks/639890ca-de09-4b4b-a1f4-a5efc6b7b1b2 200 in 11ms (compile: 5ms, render: 6ms)
 PUT /api/tasks/3b107005-f4b8-40c2-954a-82077fd4d532 200 in 6ms (compile: 1434µs, render: 4ms)
 GET /api/tasks 200 in 6ms (compile: 2ms, render: 4ms)
 PUT /api/tasks/639890ca-de09-4b4b-a1f4-a5efc6b7b1b2 200 in 10ms (compile: 5ms, render: 5ms)
 PUT /api/tasks/3b107005-f4b8-40c2-954a-82077fd4d532 200 in 5ms (compile: 1551µs, render: 4ms)
 GET /api/tasks 200 in 6ms (compile: 2ms, render: 4ms)
 PUT /api/tasks/639890ca-de09-4b4b-a1f4-a5efc6b7b1b2 200 in 10ms (compile: 5ms, render: 5ms)
 PUT /api/tasks/3b107005-f4b8-40c2-954a-82077fd4d532 200 in 6ms (compile: 1547µs, render: 5ms)
 GET /api/tasks 200 in 6ms (compile: 2ms, render: 4ms)
 PUT /api/tasks/639890ca-de09-4b4b-a1f4-a5efc6b7b1b2 200 in 10ms (compile: 5ms, render: 5ms)
 PUT /api/tasks/3b107005-f4b8-40c2-954a-82077fd4d532 200 in 5ms (compile: 1512µs, render: 4ms)
 GET /api/tasks 200 in 6ms (compile: 2ms, render: 4ms)
 PUT /api/tasks/639890ca-de09-4b4b-a1f4-a5efc6b7b1b2 200 in 10ms (compile: 5ms, render: 5ms)
 PUT /api/tasks/3b107005-f4b8-40c2-954a-82077fd4d532 200 in 6ms (compile: 1595µs, render: 4ms)
 GET /api/tasks 200 in 6ms (compile: 2ms, render: 4ms)
 PUT /api/tasks/639890ca-de09-4b4b-a1f4-a5efc6b7b1b2 200 in 10ms (compile: 5ms, render: 5ms)
 PUT /api/tasks/3b107005-f4b8-40c2-954a-82077fd4d532 200 in 6ms (compile: 1647µs, render: 4ms)
 GET /api/tasks 200 in 6ms (compile: 2ms, render: 4ms)
 PUT /api/tasks/639890ca-de09-4b4b-a1f4-a5efc6b7b1b2 200 in 10ms (compile: 5ms, render: 5ms)
 PUT /api/tasks/3b107005-f4b8-40c2-954a-82077fd4d532 200 in 5ms (compile: 1518µs, render: 4ms)
 GET /api/tasks 200 in 6ms (compile: 2ms, render: 4ms)
 PUT /api/tasks/639890ca-de09-4b4b-a1f4-a5efc6b7b1b2 200 in 12ms (compile: 6ms, render: 6ms)
 PUT /api/tasks/3b107005-f4b8-40c2-954a-82077fd4d532 200 in 4ms (compile: 1099µs, render: 3ms)
 GET /api/tasks 200 in 7ms (compile: 1633µs, render: 6ms)
 PUT /api/tasks/639890ca-de09-4b4b-a1f4-a5efc6b7b1b2 200 in 9ms (compile: 4ms, render: 5ms)
 PUT /api/tasks/3b107005-f4b8-40c2-954a-82077fd4d532 200 in 6ms (compile: 1605µs, render: 4ms)
 GET /api/tasks 200 in 6ms (compile: 2ms, render: 4ms)
 PUT /api/tasks/639890ca-de09-4b4b-a1f4-a5efc6b7b1b2 200 in 11ms (compile: 5ms, render: 5ms)
 PUT /api/tasks/3b107005-f4b8-40c2-954a-82077fd4d532 200 in 6ms (compile: 1619µs, render: 4ms)
 GET /api/tasks 200 in 6ms (compile: 2ms, render: 4ms)
 PUT /api/tasks/639890ca-de09-4b4b-a1f4-a5efc6b7b1b2 200 in 10ms (compile: 5ms, render: 5ms)
 PUT /api/tasks/3b107005-f4b8-40c2-954a-82077fd4d532 200 in 6ms (compile: 1631µs, render: 4ms)
 GET /api/tasks 200 in 6ms (compile: 2ms, render: 4ms)
 PUT /api/tasks/639890ca-de09-4b4b-a1f4-a5efc6b7b1b2 200 in 9ms (compile: 4ms, render: 5ms)
 PUT /api/tasks/3b107005-f4b8-40c2-954a-82077fd4d532 200 in 6ms (compile: 1483µs, render: 4ms)
 GET /api/tasks 200 in 6ms (compile: 2ms, render: 4ms)
 PUT /api/tasks/639890ca-de09-4b4b-a1f4-a5efc6b7b1b2 200 in 10ms (compile: 5ms, render: 5ms)
 PUT /api/tasks/3b107005-f4b8-40c2-954a-82077fd4d532 200 in 5ms (compile: 1576µs, render: 4ms)
 GET /api/tasks 200 in 6ms (compile: 2ms, render: 3ms)
 PUT /api/tasks/639890ca-de09-4b4b-a1f4-a5efc6b7b1b2 200 in 11ms (compile: 5ms, render: 6ms)
 PUT /api/tasks/3b107005-f4b8-40c2-954a-82077fd4d532 200 in 6ms (compile: 1551µs, render: 4ms)
 GET /api/tasks 200 in 6ms (compile: 2ms, render: 4ms)
 PUT /api/tasks/639890ca-de09-4b4b-a1f4-a5efc6b7b1b2 200 in 10ms (compile: 5ms, render: 5ms)
 PUT /api/tasks/3b107005-f4b8-40c2-954a-82077fd4d532 200 in 6ms (compile: 1681µs, render: 4ms)
 GET /api/tasks 200 in 6ms (compile: 2ms, render: 4ms)
 PUT /api/tasks/639890ca-de09-4b4b-a1f4-a5efc6b7b1b2 200 in 9ms (compile: 4ms, render: 5ms)
 PUT /api/tasks/3b107005-f4b8-40c2-954a-82077fd4d532 200 in 6ms (compile: 1612µs, render: 4ms)
 GET /api/tasks 200 in 6ms (compile: 2ms, render: 4ms)
 PUT /api/tasks/639890ca-de09-4b4b-a1f4-a5efc6b7b1b2 200 in 11ms (compile: 6ms, render: 5ms)
 PUT /api/tasks/3b107005-f4b8-40c2-954a-82077fd4d532 200 in 6ms (compile: 1834µs, render: 5ms)
 GET /api/tasks 200 in 7ms (compile: 3ms, render: 4ms)
 PUT /api/tasks/639890ca-de09-4b4b-a1f4-a5efc6b7b1b2 200 in 10ms (compile: 5ms, render: 5ms)
 PUT /api/tasks/3b107005-f4b8-40c2-954a-82077fd4d532 200 in 6ms (compile: 1810µs, render: 4ms)
 GET /api/tasks 200 in 6ms (compile: 2ms, render: 4ms)
 PUT /api/tasks/639890ca-de09-4b4b-a1f4-a5efc6b7b1b2 200 in 10ms (compile: 5ms, render: 5ms)
 PUT /api/tasks/3b107005-f4b8-40c2-954a-82077fd4d532 200 in 6ms (compile: 1784µs, render: 4ms)
 GET /api/tasks 200 in 6ms (compile: 2ms, render: 4ms)
 PUT /api/tasks/639890ca-de09-4b4b-a1f4-a5efc6b7b1b2 200 in 10ms (compile: 5ms, render: 5ms)
 PUT /api/tasks/3b107005-f4b8-40c2-954a-82077fd4d532 200 in 5ms (compile: 1461µs, render: 4ms)
 GET /api/tasks 200 in 6ms (compile: 1833µs, render: 4ms)
 PUT /api/tasks/639890ca-de09-4b4b-a1f4-a5efc6b7b1b2 200 in 10ms (compile: 4ms, render: 5ms)
 PUT /api/tasks/3b107005-f4b8-40c2-954a-82077fd4d532 200 in 6ms (compile: 1556µs, render: 4ms)
 GET /api/tasks 200 in 6ms (compile: 2ms, render: 4ms)
 PUT /api/tasks/639890ca-de09-4b4b-a1f4-a5efc6b7b1b2 200 in 9ms (compile: 4ms, render: 5ms)
 PUT /api/tasks/3b107005-f4b8-40c2-954a-82077fd4d532 200 in 5ms (compile: 1445µs, render: 4ms)
 GET /api/tasks 200 in 6ms (compile: 3ms, render: 4ms)
 PUT /api/tasks/639890ca-de09-4b4b-a1f4-a5efc6b7b1b2 200 in 11ms (compile: 6ms, render: 5ms)
 PUT /api/tasks/3b107005-f4b8-40c2-954a-82077fd4d532 200 in 5ms (compile: 1504µs, render: 4ms)
 GET /api/tasks 200 in 6ms (compile: 2ms, render: 4ms)
 PUT /api/tasks/639890ca-de09-4b4b-a1f4-a5efc6b7b1b2 200 in 10ms (compile: 5ms, render: 5ms)
 PUT /api/tasks/3b107005-f4b8-40c2-954a-82077fd4d532 200 in 6ms (compile: 1619µs, render: 4ms)
 GET /api/tasks 200 in 6ms (compile: 2ms, render: 4ms)
 PUT /api/tasks/639890ca-de09-4b4b-a1f4-a5efc6b7b1b2 200 in 10ms (compile: 5ms, render: 5ms)
 PUT /api/tasks/3b107005-f4b8-40c2-954a-82077fd4d532 200 in 5ms (compile: 1495µs, render: 4ms)
 GET /api/tasks 200 in 6ms (compile: 2ms, render: 4ms)
 PUT /api/tasks/639890ca-de09-4b4b-a1f4-a5efc6b7b1b2 200 in 10ms (compile: 5ms, render: 5ms)
 PUT /api/tasks/3b107005-f4b8-40c2-954a-82077fd4d532 200 in 6ms (compile: 1588µs, render: 4ms)
 GET /api/tasks 200 in 6ms (compile: 2ms, render: 4ms)
 PUT /api/tasks/639890ca-de09-4b4b-a1f4-a5efc6b7b1b2 200 in 10ms (compile: 5ms, render: 5ms)
 PUT /api/tasks/3b107005-f4b8-40c2-954a-82077fd4d532 200 in 5ms (compile: 1858µs, render: 3ms)
 GET /api/tasks 200 in 6ms (compile: 2ms, render: 4ms)
 PUT /api/tasks/639890ca-de09-4b4b-a1f4-a5efc6b7b1b2 200 in 10ms (compile: 5ms, render: 5ms)
 PUT /api/tasks/3b107005-f4b8-40c2-954a-82077fd4d532 200 in 5ms (compile: 1481µs, render: 4ms)
 GET /api/tasks 200 in 6ms (compile: 2ms, render: 4ms)
 PUT /api/tasks/639890ca-de09-4b4b-a1f4-a5efc6b7b1b2 200 in 10ms (compile: 5ms, render: 5ms)
 PUT /api/tasks/3b107005-f4b8-40c2-954a-82077fd4d532 200 in 5ms (compile: 1496µs, render: 4ms)
 GET /api/tasks 200 in 5ms (compile: 1839µs, render: 4ms)
 PUT /api/tasks/639890ca-de09-4b4b-a1f4-a5efc6b7b1b2 200 in 9ms (compile: 4ms, render: 5ms)
 PUT /api/tasks/3b107005-f4b8-40c2-954a-82077fd4d532 200 in 6ms (compile: 2ms, render: 4ms)
 GET /api/tasks 200 in 6ms (compile: 2ms, render: 4ms)
 PUT /api/tasks/639890ca-de09-4b4b-a1f4-a5efc6b7b1b2 200 in 10ms (compile: 5ms, render: 5ms)
 PUT /api/tasks/3b107005-f4b8-40c2-954a-82077fd4d532 200 in 6ms (compile: 1536µs, render: 4ms)
 GET /api/tasks 200 in 6ms (compile: 2ms, render: 4ms)
 PUT /api/tasks/639890ca-de09-4b4b-a1f4-a5efc6b7b1b2 200 in 10ms (compile: 5ms, render: 5ms)
 PUT /api/tasks/3b107005-f4b8-40c2-954a-82077fd4d532 200 in 6ms (compile: 1880µs, render: 4ms)
 GET /api/tasks 200 in 6ms (compile: 2ms, render: 4ms)
 PUT /api/tasks/639890ca-de09-4b4b-a1f4-a5efc6b7b1b2 200 in 10ms (compile: 5ms, render: 5ms)
 PUT /api/tasks/3b107005-f4b8-40c2-954a-82077fd4d532 200 in 5ms (compile: 1508µs, render: 4ms)
 GET /api/tasks 200 in 6ms (compile: 2ms, render: 4ms)
 PUT /api/tasks/639890ca-de09-4b4b-a1f4-a5efc6b7b1b2 200 in 10ms (compile: 5ms, render: 5ms)
 PUT /api/tasks/3b107005-f4b8-40c2-954a-82077fd4d532 200 in 5ms (compile: 1482µs, render: 4ms)
 GET /api/tasks 200 in 6ms (compile: 2ms, render: 4ms)
 PUT /api/tasks/639890ca-de09-4b4b-a1f4-a5efc6b7b1b2 200 in 10ms (compile: 5ms, render: 5ms)
 PUT /api/tasks/3b107005-f4b8-40c2-954a-82077fd4d532 200 in 5ms (compile: 1450µs, render: 4ms)
 GET /api/tasks 200 in 6ms (compile: 2ms, render: 4ms)
 PUT /api/tasks/639890ca-de09-4b4b-a1f4-a5efc6b7b1b2 200 in 11ms (compile: 5ms, render: 5ms)
 PUT /api/tasks/3b107005-f4b8-40c2-954a-82077fd4d532 200 in 5ms (compile: 1579µs, render: 4ms)
 GET /api/tasks 200 in 4ms (compile: 1740µs, render: 2ms)
 PUT /api/tasks/639890ca-de09-4b4b-a1f4-a5efc6b7b1b2 200 in 8ms (compile: 4ms, render: 4ms)
 PUT /api/tasks/3b107005-f4b8-40c2-954a-82077fd4d532 200 in 4ms (compile: 1008µs, render: 3ms)
 GET /api/tasks 200 in 6ms (compile: 2ms, render: 4ms)
 PUT /api/tasks/639890ca-de09-4b4b-a1f4-a5efc6b7b1b2 200 in 9ms (compile: 4ms, render: 5ms)
 PUT /api/tasks/3b107005-f4b8-40c2-954a-82077fd4d532 200 in 5ms (compile: 1378µs, render: 4ms)
 GET /api/tasks 200 in 6ms (compile: 2ms, render: 4ms)
 PUT /api/tasks/639890ca-de09-4b4b-a1f4-a5efc6b7b1b2 200 in 10ms (compile: 4ms, render: 5ms)
 PUT /api/tasks/3b107005-f4b8-40c2-954a-82077fd4d532 200 in 6ms (compile: 1556µs, render: 4ms)
 GET /api/tasks 200 in 6ms (compile: 2ms, render: 4ms)
 PUT /api/tasks/639890ca-de09-4b4b-a1f4-a5efc6b7b1b2 200 in 11ms (compile: 5ms, render: 6ms)
 PUT /api/tasks/3b107005-f4b8-40c2-954a-82077fd4d532 200 in 5ms (compile: 1463µs, render: 4ms)
 GET /api/tasks 200 in 5ms (compile: 1515µs, render: 3ms)
 PUT /api/tasks/639890ca-de09-4b4b-a1f4-a5efc6b7b1b2 200 in 10ms (compile: 5ms, render: 5ms)
 PUT /api/tasks/3b107005-f4b8-40c2-954a-82077fd4d532 200 in 5ms (compile: 1248µs, render: 4ms)
 GET /api/tasks 200 in 5ms (compile: 1616µs, render: 3ms)
 PUT /api/tasks/639890ca-de09-4b4b-a1f4-a5efc6b7b1b2 200 in 11ms (compile: 5ms, render: 6ms)
 PUT /api/tasks/3b107005-f4b8-40c2-954a-82077fd4d532 200 in 7ms (compile: 1724µs, render: 5ms)
 GET /api/tasks 200 in 6ms (compile: 2ms, render: 4ms)
 PUT /api/tasks/639890ca-de09-4b4b-a1f4-a5efc6b7b1b2 200 in 10ms (compile: 4ms, render: 5ms)
 PUT /api/tasks/3b107005-f4b8-40c2-954a-82077fd4d532 200 in 6ms (compile: 1852µs, render: 4ms)
 GET /api/tasks 200 in 5ms (compile: 1811µs, render: 3ms)
 PUT /api/tasks/639890ca-de09-4b4b-a1f4-a5efc6b7b1b2 200 in 11ms (compile: 5ms, render: 5ms)
 PUT /api/tasks/3b107005-f4b8-40c2-954a-82077fd4d532 200 in 6ms (compile: 1400µs, render: 5ms)
 GET /api/tasks 200 in 6ms (compile: 2ms, render: 4ms)
 PUT /api/tasks/639890ca-de09-4b4b-a1f4-a5efc6b7b1b2 200 in 9ms (compile: 4ms, render: 5ms)
 PUT /api/tasks/3b107005-f4b8-40c2-954a-82077fd4d532 200 in 6ms (compile: 1552µs, render: 5ms)
 GET /api/tasks 200 in 5ms (compile: 2ms, render: 3ms)
 PUT /api/tasks/639890ca-de09-4b4b-a1f4-a5efc6b7b1b2 200 in 11ms (compile: 5ms, render: 6ms)
 PUT /api/tasks/3b107005-f4b8-40c2-954a-82077fd4d532 200 in 6ms (compile: 1853µs, render: 4ms)
 GET /api/tasks 200 in 5ms (compile: 2ms, render: 3ms)
 PUT /api/tasks/639890ca-de09-4b4b-a1f4-a5efc6b7b1b2 200 in 9ms (compile: 5ms, render: 5ms)
 PUT /api/tasks/3b107005-f4b8-40c2-954a-82077fd4d532 200 in 4ms (compile: 1287µs, render: 3ms)
 GET /api/tasks 200 in 6ms (compile: 2ms, render: 3ms)
 PUT /api/tasks/639890ca-de09-4b4b-a1f4-a5efc6b7b1b2 200 in 11ms (compile: 5ms, render: 5ms)
 PUT /api/tasks/3b107005-f4b8-40c2-954a-82077fd4d532 200 in 6ms (compile: 1792µs, render: 5ms)
 GET /api/tasks 200 in 5ms (compile: 2ms, render: 3ms)
 PUT /api/tasks/639890ca-de09-4b4b-a1f4-a5efc6b7b1b2 200 in 9ms (compile: 5ms, render: 4ms)
 PUT /api/tasks/3b107005-f4b8-40c2-954a-82077fd4d532 200 in 6ms (compile: 1603µs, render: 4ms)
 GET /api/tasks 200 in 6ms (compile: 2ms, render: 4ms)
 PUT /api/tasks/639890ca-de09-4b4b-a1f4-a5efc6b7b1b2 200 in 11ms (compile: 5ms, render: 5ms)
 PUT /api/tasks/3b107005-f4b8-40c2-954a-82077fd4d532 200 in 6ms (compile: 1672µs, render: 4ms)
 GET /api/tasks 200 in 5ms (compile: 1825µs, render: 4ms)
 PUT /api/tasks/639890ca-de09-4b4b-a1f4-a5efc6b7b1b2 200 in 10ms (compile: 5ms, render: 5ms)
 PUT /api/tasks/3b107005-f4b8-40c2-954a-82077fd4d532 200 in 5ms (compile: 1247µs, render: 4ms)
 GET /api/tasks 200 in 4ms (compile: 1747µs, render: 3ms)
 PUT /api/tasks/639890ca-de09-4b4b-a1f4-a5efc6b7b1b2 200 in 10ms (compile: 5ms, render: 6ms)
 PUT /api/tasks/3b107005-f4b8-40c2-954a-82077fd4d532 200 in 6ms (compile: 1777µs, render: 5ms)
 GET /api/tasks 200 in 5ms (compile: 2ms, render: 3ms)
 PUT /api/tasks/639890ca-de09-4b4b-a1f4-a5efc6b7b1b2 200 in 10ms (compile: 4ms, render: 6ms)
 PUT /api/tasks/3b107005-f4b8-40c2-954a-82077fd4d532 200 in 6ms (compile: 1832µs, render: 4ms)
 GET /api/tasks 200 in 6ms (compile: 2ms, render: 4ms)
 PUT /api/tasks/639890ca-de09-4b4b-a1f4-a5efc6b7b1b2 200 in 9ms (compile: 4ms, render: 5ms)
 PUT /api/tasks/3b107005-f4b8-40c2-954a-82077fd4d532 200 in 6ms (compile: 1221µs, render: 4ms)
 GET /api/tasks 200 in 6ms (compile: 2ms, render: 4ms)
 PUT /api/tasks/639890ca-de09-4b4b-a1f4-a5efc6b7b1b2 200 in 9ms (compile: 4ms, render: 5ms)
 PUT /api/tasks/3b107005-f4b8-40c2-954a-82077fd4d532 200 in 6ms (compile: 1309µs, render: 4ms)
 GET /api/tasks 200 in 6ms (compile: 2ms, render: 3ms)
 PUT /api/tasks/639890ca-de09-4b4b-a1f4-a5efc6b7b1b2 200 in 10ms (compile: 4ms, render: 6ms)
 PUT /api/tasks/3b107005-f4b8-40c2-954a-82077fd4d532 200 in 6ms (compile: 1871µs, render: 4ms)
 GET /api/tasks 200 in 6ms (compile: 2ms, render: 4ms)
 PUT /api/tasks/639890ca-de09-4b4b-a1f4-a5efc6b7b1b2 200 in 12ms (compile: 5ms, render: 6ms)
 PUT /api/tasks/3b107005-f4b8-40c2-954a-82077fd4d532 200 in 4ms (compile: 1134µs, render: 3ms)
 GET /api/tasks 200 in 5ms (compile: 1536µs, render: 3ms)
 PUT /api/tasks/639890ca-de09-4b4b-a1f4-a5efc6b7b1b2 200 in 9ms (compile: 5ms, render: 4ms)
 PUT /api/tasks/3b107005-f4b8-40c2-954a-82077fd4d532 200 in 5ms (compile: 1354µs, render: 3ms)
 GET /api/tasks 200 in 6ms (compile: 2ms, render: 4ms)
 PUT /api/tasks/639890ca-de09-4b4b-a1f4-a5efc6b7b1b2 200 in 10ms (compile: 5ms, render: 6ms)
 PUT /api/tasks/3b107005-f4b8-40c2-954a-82077fd4d532 200 in 6ms (compile: 1838µs, render: 4ms)
 GET /api/tasks 200 in 6ms (compile: 2ms, render: 4ms)
 PUT /api/tasks/639890ca-de09-4b4b-a1f4-a5efc6b7b1b2 200 in 9ms (compile: 4ms, render: 5ms)
 PUT /api/tasks/3b107005-f4b8-40c2-954a-82077fd4d532 200 in 5ms (compile: 1553µs, render: 4ms)
 GET /api/tasks 200 in 5ms (compile: 1535µs, render: 3ms)
 PUT /api/tasks/639890ca-de09-4b4b-a1f4-a5efc6b7b1b2 200 in 10ms (compile: 5ms, render: 5ms)
 PUT /api/tasks/3b107005-f4b8-40c2-954a-82077fd4d532 200 in 6ms (compile: 1571µs, render: 4ms)
 GET /api/tasks 200 in 6ms (compile: 2ms, render: 4ms)
 PUT /api/tasks/639890ca-de09-4b4b-a1f4-a5efc6b7b1b2 200 in 11ms (compile: 5ms, render: 5ms)
 PUT /api/tasks/3b107005-f4b8-40c2-954a-82077fd4d532 200 in 6ms (compile: 1536µs, render: 4ms)
 GET /api/tasks 200 in 6ms (compile: 2ms, render: 3ms)
 PUT /api/tasks/639890ca-de09-4b4b-a1f4-a5efc6b7b1b2 200 in 10ms (compile: 5ms, render: 5ms)
 PUT /api/tasks/3b107005-f4b8-40c2-954a-82077fd4d532 200 in 5ms (compile: 1394µs, render: 4ms)
 GET /api/tasks 200 in 6ms (compile: 2ms, render: 4ms)
 PUT /api/tasks/639890ca-de09-4b4b-a1f4-a5efc6b7b1b2 200 in 10ms (compile: 5ms, render: 5ms)
 PUT /api/tasks/3b107005-f4b8-40c2-954a-82077fd4d532 200 in 5ms (compile: 1459µs, render: 4ms)
 GET /api/tasks 200 in 6ms (compile: 2ms, render: 4ms)
 PUT /api/tasks/639890ca-de09-4b4b-a1f4-a5efc6b7b1b2 200 in 9ms (compile: 4ms, render: 5ms)
 PUT /api/tasks/3b107005-f4b8-40c2-954a-82077fd4d532 200 in 5ms (compile: 1480µs, render: 4ms)
 GET /api/tasks 200 in 6ms (compile: 2ms, render: 3ms)
 PUT /api/tasks/639890ca-de09-4b4b-a1f4-a5efc6b7b1b2 200 in 9ms (compile: 5ms, render: 5ms)
 PUT /api/tasks/3b107005-f4b8-40c2-954a-82077fd4d532 200 in 6ms (compile: 1449µs, render: 4ms)
 GET /api/tasks 200 in 6ms (compile: 2ms, render: 4ms)
 PUT /api/tasks/639890ca-de09-4b4b-a1f4-a5efc6b7b1b2 200 in 10ms (compile: 5ms, render: 5ms)
 PUT /api/tasks/3b107005-f4b8-40c2-954a-82077fd4d532 200 in 5ms (compile: 1667µs, render: 3ms)
 GET /api/tasks 200 in 6ms (compile: 2ms, render: 4ms)
 PUT /api/tasks/639890ca-de09-4b4b-a1f4-a5efc6b7b1b2 200 in 9ms (compile: 4ms, render: 5ms)
 PUT /api/tasks/3b107005-f4b8-40c2-954a-82077fd4d532 200 in 5ms (compile: 1341µs, render: 4ms)
 GET /api/tasks 200 in 6ms (compile: 2ms, render: 3ms)
 PUT /api/tasks/639890ca-de09-4b4b-a1f4-a5efc6b7b1b2 200 in 10ms (compile: 5ms, render: 5ms)
 PUT /api/tasks/3b107005-f4b8-40c2-954a-82077fd4d532 200 in 5ms (compile: 1472µs, render: 4ms)
 GET /api/tasks 200 in 6ms (compile: 2ms, render: 4ms)
 PUT /api/tasks/639890ca-de09-4b4b-a1f4-a5efc6b7b1b2 200 in 9ms (compile: 4ms, render: 5ms)
 PUT /api/tasks/3b107005-f4b8-40c2-954a-82077fd4d532 200 in 5ms (compile: 1498µs, render: 4ms)
 GET /api/tasks 200 in 6ms (compile: 2ms, render: 3ms)
 PUT /api/tasks/639890ca-de09-4b4b-a1f4-a5efc6b7b1b2 200 in 10ms (compile: 5ms, render: 5ms)
 PUT /api/tasks/3b107005-f4b8-40c2-954a-82077fd4d532 200 in 6ms (compile: 1622µs, render: 5ms)
 GET /api/tasks 200 in 6ms (compile: 2ms, render: 4ms)
 PUT /api/tasks/639890ca-de09-4b4b-a1f4-a5efc6b7b1b2 200 in 10ms (compile: 5ms, render: 5ms)
 PUT /api/tasks/3b107005-f4b8-40c2-954a-82077fd4d532 200 in 6ms (compile: 1902µs, render: 4ms)
 GET /api/tasks 200 in 6ms (compile: 2ms, render: 4ms)
 PUT /api/tasks/639890ca-de09-4b4b-a1f4-a5efc6b7b1b2 200 in 10ms (compile: 5ms, render: 6ms)
 PUT /api/tasks/3b107005-f4b8-40c2-954a-82077fd4d532 200 in 6ms (compile: 1634µs, render: 5ms)
 GET /api/tasks 200 in 4ms (compile: 2ms, render: 2ms)
 PUT /api/tasks/639890ca-de09-4b4b-a1f4-a5efc6b7b1b2 200 in 7ms (compile: 3ms, render: 4ms)
 PUT /api/tasks/3b107005-f4b8-40c2-954a-82077fd4d532 200 in 4ms (compile: 1026µs, render: 3ms)
 GET /api/tasks 200 in 6ms (compile: 2ms, render: 4ms)
 PUT /api/tasks/639890ca-de09-4b4b-a1f4-a5efc6b7b1b2 200 in 10ms (compile: 5ms, render: 5ms)
 PUT /api/tasks/3b107005-f4b8-40c2-954a-82077fd4d532 200 in 5ms (compile: 1544µs, render: 4ms)
 GET /api/tasks 200 in 4ms (compile: 1453µs, render: 2ms)
 PUT /api/tasks/639890ca-de09-4b4b-a1f4-a5efc6b7b1b2 200 in 6ms (compile: 3ms, render: 4ms)
 PUT /api/tasks/3b107005-f4b8-40c2-954a-82077fd4d532 200 in 4ms (compile: 1114µs, render: 3ms)
 GET /api/tasks 200 in 7ms (compile: 3ms, render: 4ms)
 PUT /api/tasks/639890ca-de09-4b4b-a1f4-a5efc6b7b1b2 200 in 11ms (compile: 5ms, render: 6ms)
 PUT /api/tasks/3b107005-f4b8-40c2-954a-82077fd4d532 200 in 4ms (compile: 1022µs, render: 3ms)
 GET /api/tasks 200 in 6ms (compile: 2ms, render: 4ms)
 PUT /api/tasks/639890ca-de09-4b4b-a1f4-a5efc6b7b1b2 200 in 11ms (compile: 6ms, render: 6ms)
 PUT /api/tasks/3b107005-f4b8-40c2-954a-82077fd4d532 200 in 6ms (compile: 1530µs, render: 4ms)
 GET /api/tasks 200 in 6ms (compile: 2ms, render: 4ms)
 PUT /api/tasks/639890ca-de09-4b4b-a1f4-a5efc6b7b1b2 200 in 10ms (compile: 5ms, render: 5ms)
 PUT /api/tasks/3b107005-f4b8-40c2-954a-82077fd4d532 200 in 6ms (compile: 1732µs, render: 4ms)
 GET /api/tasks 200 in 6ms (compile: 2ms, render: 3ms)
 PUT /api/tasks/639890ca-de09-4b4b-a1f4-a5efc6b7b1b2 200 in 10ms (compile: 5ms, render: 5ms)
 PUT /api/tasks/3b107005-f4b8-40c2-954a-82077fd4d532 200 in 5ms (compile: 1402µs, render: 4ms)
 GET /api/tasks 200 in 6ms (compile: 2ms, render: 3ms)
 PUT /api/tasks/639890ca-de09-4b4b-a1f4-a5efc6b7b1b2 200 in 11ms (compile: 5ms, render: 6ms)
 PUT /api/tasks/3b107005-f4b8-40c2-954a-82077fd4d532 200 in 6ms (compile: 1573µs, render: 4ms)
 GET /api/tasks 200 in 6ms (compile: 2ms, render: 4ms)
 PUT /api/tasks/639890ca-de09-4b4b-a1f4-a5efc6b7b1b2 200 in 11ms (compile: 6ms, render: 5ms)
 PUT /api/tasks/3b107005-f4b8-40c2-954a-82077fd4d532 200 in 6ms (compile: 1553µs, render: 4ms)
 GET /api/tasks 200 in 6ms (compile: 2ms, render: 4ms)
 PUT /api/tasks/639890ca-de09-4b4b-a1f4-a5efc6b7b1b2 200 in 10ms (compile: 6ms, render: 5ms)
 PUT /api/tasks/3b107005-f4b8-40c2-954a-82077fd4d532 200 in 5ms (compile: 1485µs, render: 4ms)
 GET /api/tasks 200 in 6ms (compile: 2ms, render: 4ms)
 PUT /api/tasks/639890ca-de09-4b4b-a1f4-a5efc6b7b1b2 200 in 10ms (compile: 5ms, render: 5ms)
 PUT /api/tasks/3b107005-f4b8-40c2-954a-82077fd4d532 200 in 5ms (compile: 1522µs, render: 4ms)
 GET /api/tasks 200 in 6ms (compile: 2ms, render: 3ms)
 PUT /api/tasks/639890ca-de09-4b4b-a1f4-a5efc6b7b1b2 200 in 9ms (compile: 4ms, render: 5ms)
 PUT /api/tasks/3b107005-f4b8-40c2-954a-82077fd4d532 200 in 5ms (compile: 1501µs, render: 4ms)
 GET /api/tasks 200 in 6ms (compile: 2ms, render: 3ms)
 PUT /api/tasks/639890ca-de09-4b4b-a1f4-a5efc6b7b1b2 200 in 10ms (compile: 5ms, render: 5ms)
 PUT /api/tasks/3b107005-f4b8-40c2-954a-82077fd4d532 200 in 6ms (compile: 1540µs, render: 4ms)
 GET /api/tasks 200 in 6ms (compile: 2ms, render: 4ms)
 PUT /api/tasks/639890ca-de09-4b4b-a1f4-a5efc6b7b1b2 200 in 11ms (compile: 6ms, render: 5ms)
 PUT /api/tasks/3b107005-f4b8-40c2-954a-82077fd4d532 200 in 5ms (compile: 1884µs, render: 4ms)
 GET /api/tasks 200 in 6ms (compile: 2ms, render: 4ms)
 PUT /api/tasks/639890ca-de09-4b4b-a1f4-a5efc6b7b1b2 200 in 11ms (compile: 5ms, render: 5ms)
 PUT /api/tasks/3b107005-f4b8-40c2-954a-82077fd4d532 200 in 5ms (compile: 1424µs, render: 4ms)
 GET /api/tasks 200 in 6ms (compile: 2ms, render: 3ms)
 PUT /api/tasks/639890ca-de09-4b4b-a1f4-a5efc6b7b1b2 200 in 11ms (compile: 5ms, render: 5ms)
 PUT /api/tasks/3b107005-f4b8-40c2-954a-82077fd4d532 200 in 6ms (compile: 1475µs, render: 4ms)
 GET /api/tasks 200 in 6ms (compile: 2ms, render: 4ms)
 PUT /api/tasks/639890ca-de09-4b4b-a1f4-a5efc6b7b1b2 200 in 10ms (compile: 5ms, render: 5ms)
 PUT /api/tasks/3b107005-f4b8-40c2-954a-82077fd4d532 200 in 5ms (compile: 1358µs, render: 4ms)
 GET /api/tasks 200 in 6ms (compile: 2ms, render: 3ms)
 PUT /api/tasks/639890ca-de09-4b4b-a1f4-a5efc6b7b1b2 200 in 10ms (compile: 5ms, render: 5ms)
 PUT /api/tasks/3b107005-f4b8-40c2-954a-82077fd4d532 200 in 6ms (compile: 1546µs, render: 4ms)
 GET /api/tasks 200 in 6ms (compile: 2ms, render: 4ms)
 PUT /api/tasks/639890ca-de09-4b4b-a1f4-a5efc6b7b1b2 200 in 10ms (compile: 5ms, render: 5ms)
 PUT /api/tasks/3b107005-f4b8-40c2-954a-82077fd4d532 200 in 6ms (compile: 2ms, render: 4ms)
 GET /api/tasks 200 in 6ms (compile: 2ms, render: 4ms)
 PUT /api/tasks/639890ca-de09-4b4b-a1f4-a5efc6b7b1b2 200 in 11ms (compile: 5ms, render: 5ms)
 PUT /api/tasks/3b107005-f4b8-40c2-954a-82077fd4d532 200 in 6ms (compile: 1497µs, render: 4ms)
 GET /api/tasks 200 in 6ms (compile: 2ms, render: 4ms)
 PUT /api/tasks/639890ca-de09-4b4b-a1f4-a5efc6b7b1b2 200 in 9ms (compile: 4ms, render: 5ms)
 PUT /api/tasks/3b107005-f4b8-40c2-954a-82077fd4d532 200 in 7ms (compile: 2ms, render: 4ms)
 GET /api/tasks 200 in 6ms (compile: 2ms, render: 4ms)
 PUT /api/tasks/639890ca-de09-4b4b-a1f4-a5efc6b7b1b2 200 in 10ms (compile: 5ms, render: 5ms)
 PUT /api/tasks/3b107005-f4b8-40c2-954a-82077fd4d532 200 in 5ms (compile: 1507µs, render: 4ms)
 GET /api/tasks 200 in 6ms (compile: 2ms, render: 3ms)
 PUT /api/tasks/639890ca-de09-4b4b-a1f4-a5efc6b7b1b2 200 in 9ms (compile: 4ms, render: 5ms)
 PUT /api/tasks/3b107005-f4b8-40c2-954a-82077fd4d532 200 in 5ms (compile: 1489µs, render: 4ms)
 GET /api/tasks 200 in 6ms (compile: 2ms, render: 4ms)
 PUT /api/tasks/639890ca-de09-4b4b-a1f4-a5efc6b7b1b2 200 in 10ms (compile: 5ms, render: 5ms)
 PUT /api/tasks/3b107005-f4b8-40c2-954a-82077fd4d532 200 in 5ms (compile: 1370µs, render: 4ms)
 GET /api/tasks 200 in 5ms (compile: 2ms, render: 3ms)
 PUT /api/tasks/639890ca-de09-4b4b-a1f4-a5efc6b7b1b2 200 in 10ms (compile: 5ms, render: 5ms)
 PUT /api/tasks/3b107005-f4b8-40c2-954a-82077fd4d532 200 in 5ms (compile: 1368µs, render: 4ms)
 GET /api/tasks 200 in 6ms (compile: 2ms, render: 4ms)
 PUT /api/tasks/639890ca-de09-4b4b-a1f4-a5efc6b7b1b2 200 in 9ms (compile: 4ms, render: 5ms)
 PUT /api/tasks/3b107005-f4b8-40c2-954a-82077fd4d532 200 in 5ms (compile: 1407µs, render: 4ms)
 GET /api/tasks 200 in 5ms (compile: 1621µs, render: 3ms)
 PUT /api/tasks/639890ca-de09-4b4b-a1f4-a5efc6b7b1b2 200 in 10ms (compile: 5ms, render: 5ms)
 PUT /api/tasks/3b107005-f4b8-40c2-954a-82077fd4d532 200 in 5ms (compile: 1485µs, render: 4ms)
 GET /api/tasks 200 in 6ms (compile: 2ms, render: 3ms)
 PUT /api/tasks/639890ca-de09-4b4b-a1f4-a5efc6b7b1b2 200 in 10ms (compile: 5ms, render: 5ms)
 PUT /api/tasks/3b107005-f4b8-40c2-954a-82077fd4d532 200 in 6ms (compile: 1642µs, render: 4ms)
 GET /api/tasks 200 in 6ms (compile: 2ms, render: 4ms)
 PUT /api/tasks/639890ca-de09-4b4b-a1f4-a5efc6b7b1b2 200 in 9ms (compile: 4ms, render: 5ms)
 PUT /api/tasks/3b107005-f4b8-40c2-954a-82077fd4d532 200 in 5ms (compile: 1425µs, render: 4ms)
 GET /api/tasks 200 in 6ms (compile: 2ms, render: 4ms)
 PUT /api/tasks/639890ca-de09-4b4b-a1f4-a5efc6b7b1b2 200 in 11ms (compile: 6ms, render: 5ms)
 PUT /api/tasks/3b107005-f4b8-40c2-954a-82077fd4d532 200 in 6ms (compile: 1603µs, render: 4ms)
 GET /api/tasks 200 in 6ms (compile: 2ms, render: 4ms)
 PUT /api/tasks/639890ca-de09-4b4b-a1f4-a5efc6b7b1b2 200 in 10ms (compile: 5ms, render: 5ms)
 PUT /api/tasks/3b107005-f4b8-40c2-954a-82077fd4d532 200 in 5ms (compile: 1484µs, render: 4ms)
 GET /api/tasks 200 in 6ms (compile: 2ms, render: 4ms)
 PUT /api/tasks/639890ca-de09-4b4b-a1f4-a5efc6b7b1b2 200 in 10ms (compile: 5ms, render: 5ms)
 PUT /api/tasks/3b107005-f4b8-40c2-954a-82077fd4d532 200 in 6ms (compile: 1514µs, render: 4ms)
 GET /api/tasks 200 in 6ms (compile: 2ms, render: 3ms)
 PUT /api/tasks/639890ca-de09-4b4b-a1f4-a5efc6b7b1b2 200 in 11ms (compile: 5ms, render: 5ms)
 PUT /api/tasks/3b107005-f4b8-40c2-954a-82077fd4d532 200 in 5ms (compile: 1527µs, render: 4ms)
 GET /api/tasks 200 in 6ms (compile: 2ms, render: 4ms)
 PUT /api/tasks/639890ca-de09-4b4b-a1f4-a5efc6b7b1b2 200 in 10ms (compile: 5ms, render: 5ms)
 PUT /api/tasks/3b107005-f4b8-40c2-954a-82077fd4d532 200 in 5ms (compile: 1404µs, render: 4ms)
 GET /api/tasks 200 in 6ms (compile: 2ms, render: 4ms)
 PUT /api/tasks/639890ca-de09-4b4b-a1f4-a5efc6b7b1b2 200 in 10ms (compile: 5ms, render: 5ms)
 PUT /api/tasks/3b107005-f4b8-40c2-954a-82077fd4d532 200 in 6ms (compile: 1361µs, render: 4ms)
 GET /api/tasks 200 in 5ms (compile: 2ms, render: 3ms)
 PUT /api/tasks/639890ca-de09-4b4b-a1f4-a5efc6b7b1b2 200 in 11ms (compile: 5ms, render: 5ms)
 PUT /api/tasks/3b107005-f4b8-40c2-954a-82077fd4d532 200 in 6ms (compile: 1396µs, render: 4ms)
 GET /api/tasks 200 in 6ms (compile: 2ms, render: 3ms)
 PUT /api/tasks/639890ca-de09-4b4b-a1f4-a5efc6b7b1b2 200 in 10ms (compile: 5ms, render: 5ms)
 PUT /api/tasks/3b107005-f4b8-40c2-954a-82077fd4d532 200 in 5ms (compile: 1510µs, render: 4ms)
 GET /api/tasks 200 in 6ms (compile: 2ms, render: 4ms)
 PUT /api/tasks/639890ca-de09-4b4b-a1f4-a5efc6b7b1b2 200 in 11ms (compile: 5ms, render: 6ms)
 PUT /api/tasks/3b107005-f4b8-40c2-954a-82077fd4d532 200 in 6ms (compile: 1619µs, render: 5ms)
 GET /api/tasks 200 in 6ms (compile: 2ms, render: 4ms)
 PUT /api/tasks/639890ca-de09-4b4b-a1f4-a5efc6b7b1b2 200 in 9ms (compile: 4ms, render: 5ms)
 PUT /api/tasks/3b107005-f4b8-40c2-954a-82077fd4d532 200 in 5ms (compile: 1417µs, render: 4ms)
 GET /api/tasks 200 in 6ms (compile: 2ms, render: 3ms)
 PUT /api/tasks/639890ca-de09-4b4b-a1f4-a5efc6b7b1b2 200 in 9ms (compile: 4ms, render: 5ms)
 PUT /api/tasks/3b107005-f4b8-40c2-954a-82077fd4d532 200 in 5ms (compile: 1499µs, render: 4ms)
 GET /api/tasks 200 in 8ms (compile: 3ms, render: 4ms)
 PUT /api/tasks/639890ca-de09-4b4b-a1f4-a5efc6b7b1b2 200 in 11ms (compile: 5ms, render: 5ms)
 PUT /api/tasks/3b107005-f4b8-40c2-954a-82077fd4d532 200 in 6ms (compile: 1658µs, render: 4ms)
 GET /api/tasks 200 in 6ms (compile: 2ms, render: 3ms)
 PUT /api/tasks/639890ca-de09-4b4b-a1f4-a5efc6b7b1b2 200 in 10ms (compile: 5ms, render: 5ms)
 PUT /api/tasks/3b107005-f4b8-40c2-954a-82077fd4d532 200 in 5ms (compile: 1409µs, render: 4ms)
 GET /api/tasks 200 in 5ms (compile: 2ms, render: 3ms)
 PUT /api/tasks/639890ca-de09-4b4b-a1f4-a5efc6b7b1b2 200 in 10ms (compile: 5ms, render: 5ms)
 PUT /api/tasks/3b107005-f4b8-40c2-954a-82077fd4d532 200 in 12ms (compile: 8ms, render: 4ms)
 GET /api/tasks 200 in 6ms (compile: 2ms, render: 4ms)
 PUT /api/tasks/639890ca-de09-4b4b-a1f4-a5efc6b7b1b2 200 in 9ms (compile: 5ms, render: 5ms)
 PUT /api/tasks/3b107005-f4b8-40c2-954a-82077fd4d532 200 in 5ms (compile: 1354µs, render: 4ms)
 GET /api/tasks 200 in 6ms (compile: 2ms, render: 3ms)
 PUT /api/tasks/639890ca-de09-4b4b-a1f4-a5efc6b7b1b2 200 in 10ms (compile: 6ms, render: 5ms)
 PUT /api/tasks/3b107005-f4b8-40c2-954a-82077fd4d532 200 in 5ms (compile: 1433µs, render: 4ms)
 GET /api/tasks 200 in 6ms (compile: 2ms, render: 4ms)
 PUT /api/tasks/639890ca-de09-4b4b-a1f4-a5efc6b7b1b2 200 in 10ms (compile: 5ms, render: 5ms)
 PUT /api/tasks/3b107005-f4b8-40c2-954a-82077fd4d532 200 in 5ms (compile: 1434µs, render: 4ms)
 GET /api/tasks 200 in 6ms (compile: 2ms, render: 4ms)
 PUT /api/tasks/639890ca-de09-4b4b-a1f4-a5efc6b7b1b2 200 in 10ms (compile: 5ms, render: 5ms)
 PUT /api/tasks/3b107005-f4b8-40c2-954a-82077fd4d532 200 in 5ms (compile: 1485µs, render: 4ms)
 GET /api/tasks 200 in 6ms (compile: 2ms, render: 4ms)
 PUT /api/tasks/639890ca-de09-4b4b-a1f4-a5efc6b7b1b2 200 in 10ms (compile: 5ms, render: 5ms)
 PUT /api/tasks/3b107005-f4b8-40c2-954a-82077fd4d532 200 in 6ms (compile: 1474µs, render: 5ms)
 GET /api/tasks 200 in 6ms (compile: 2ms, render: 4ms)
 PUT /api/tasks/639890ca-de09-4b4b-a1f4-a5efc6b7b1b2 200 in 10ms (compile: 4ms, render: 5ms)
 PUT /api/tasks/3b107005-f4b8-40c2-954a-82077fd4d532 200 in 5ms (compile: 1428µs, render: 4ms)
 GET /api/tasks 200 in 6ms (compile: 2ms, render: 4ms)
 PUT /api/tasks/639890ca-de09-4b4b-a1f4-a5efc6b7b1b2 200 in 10ms (compile: 5ms, render: 5ms)
 PUT /api/tasks/3b107005-f4b8-40c2-954a-82077fd4d532 200 in 5ms (compile: 1484µs, render: 4ms)
 GET /api/tasks 200 in 6ms (compile: 1892µs, render: 4ms)
 PUT /api/tasks/639890ca-de09-4b4b-a1f4-a5efc6b7b1b2 200 in 11ms (compile: 6ms, render: 5ms)
 PUT /api/tasks/3b107005-f4b8-40c2-954a-82077fd4d532 200 in 6ms (compile: 1725µs, render: 5ms)
 GET /api/tasks 200 in 3ms (compile: 1033µs, render: 2ms)
 PUT /api/tasks/639890ca-de09-4b4b-a1f4-a5efc6b7b1b2 200 in 8ms (compile: 4ms, render: 4ms)
 PUT /api/tasks/3b107005-f4b8-40c2-954a-82077fd4d532 200 in 4ms (compile: 1147µs, render: 3ms)
 GET /api/tasks 200 in 6ms (compile: 2ms, render: 3ms)
 PUT /api/tasks/639890ca-de09-4b4b-a1f4-a5efc6b7b1b2 200 in 10ms (compile: 4ms, render: 5ms)
 PUT /api/tasks/3b107005-f4b8-40c2-954a-82077fd4d532 200 in 6ms (compile: 1654µs, render: 4ms)
 GET /api/tasks 200 in 6ms (compile: 2ms, render: 4ms)
 PUT /api/tasks/639890ca-de09-4b4b-a1f4-a5efc6b7b1b2 200 in 10ms (compile: 5ms, render: 5ms)
 PUT /api/tasks/3b107005-f4b8-40c2-954a-82077fd4d532 200 in 5ms (compile: 1378µs, render: 4ms)
 GET /api/tasks 200 in 6ms (compile: 2ms, render: 3ms)
 PUT /api/tasks/639890ca-de09-4b4b-a1f4-a5efc6b7b1b2 200 in 9ms (compile: 4ms, render: 5ms)
 PUT /api/tasks/3b107005-f4b8-40c2-954a-82077fd4d532 200 in 6ms (compile: 1561µs, render: 4ms)
 GET /api/tasks 200 in 6ms (compile: 2ms, render: 3ms)
 PUT /api/tasks/639890ca-de09-4b4b-a1f4-a5efc6b7b1b2 200 in 10ms (compile: 5ms, render: 6ms)
 PUT /api/tasks/3b107005-f4b8-40c2-954a-82077fd4d532 200 in 5ms (compile: 1462µs, render: 4ms)
 GET /api/tasks 200 in 6ms (compile: 2ms, render: 3ms)
 PUT /api/tasks/639890ca-de09-4b4b-a1f4-a5efc6b7b1b2 200 in 10ms (compile: 5ms, render: 5ms)
 PUT /api/tasks/3b107005-f4b8-40c2-954a-82077fd4d532 200 in 5ms (compile: 1462µs, render: 4ms)
 GET /api/tasks 200 in 6ms (compile: 2ms, render: 4ms)
 PUT /api/tasks/639890ca-de09-4b4b-a1f4-a5efc6b7b1b2 200 in 9ms (compile: 4ms, render: 5ms)
 PUT /api/tasks/3b107005-f4b8-40c2-954a-82077fd4d532 200 in 5ms (compile: 1450µs, render: 4ms)
 GET /api/tasks 200 in 6ms (compile: 3ms, render: 3ms)
 PUT /api/tasks/639890ca-de09-4b4b-a1f4-a5efc6b7b1b2 200 in 10ms (compile: 5ms, render: 6ms)
 PUT /api/tasks/3b107005-f4b8-40c2-954a-82077fd4d532 200 in 6ms (compile: 1541µs, render: 4ms)
 GET /api/tasks 200 in 6ms (compile: 2ms, render: 3ms)
 PUT /api/tasks/639890ca-de09-4b4b-a1f4-a5efc6b7b1b2 200 in 10ms (compile: 5ms, render: 5ms)
 PUT /api/tasks/3b107005-f4b8-40c2-954a-82077fd4d532 200 in 5ms (compile: 1362µs, render: 4ms)
 GET /api/tasks 200 in 6ms (compile: 2ms, render: 3ms)
 PUT /api/tasks/639890ca-de09-4b4b-a1f4-a5efc6b7b1b2 200 in 10ms (compile: 5ms, render: 5ms)
 PUT /api/tasks/3b107005-f4b8-40c2-954a-82077fd4d532 200 in 6ms (compile: 1652µs, render: 4ms)
 GET /api/tasks 200 in 6ms (compile: 2ms, render: 3ms)
 PUT /api/tasks/639890ca-de09-4b4b-a1f4-a5efc6b7b1b2 200 in 10ms (compile: 5ms, render: 5ms)
 PUT /api/tasks/3b107005-f4b8-40c2-954a-82077fd4d532 200 in 6ms (compile: 1542µs, render: 4ms)
 GET /api/tasks 200 in 6ms (compile: 2ms, render: 3ms)
 PUT /api/tasks/639890ca-de09-4b4b-a1f4-a5efc6b7b1b2 200 in 11ms (compile: 6ms, render: 5ms)
 PUT /api/tasks/3b107005-f4b8-40c2-954a-82077fd4d532 200 in 6ms (compile: 1889µs, render: 4ms)
 GET /api/tasks 200 in 8ms (compile: 3ms, render: 5ms)
 PUT /api/tasks/639890ca-de09-4b4b-a1f4-a5efc6b7b1b2 200 in 9ms (compile: 4ms, render: 4ms)
 PUT /api/tasks/3b107005-f4b8-40c2-954a-82077fd4d532 200 in 4ms (compile: 1060µs, render: 3ms)
 GET /api/tasks 200 in 6ms (compile: 2ms, render: 3ms)
 PUT /api/tasks/639890ca-de09-4b4b-a1f4-a5efc6b7b1b2 200 in 10ms (compile: 5ms, render: 5ms)
 PUT /api/tasks/3b107005-f4b8-40c2-954a-82077fd4d532 200 in 5ms (compile: 1409µs, render: 4ms)
 GET /api/tasks 200 in 6ms (compile: 2ms, render: 3ms)
 PUT /api/tasks/639890ca-de09-4b4b-a1f4-a5efc6b7b1b2 200 in 11ms (compile: 5ms, render: 6ms)
 PUT /api/tasks/3b107005-f4b8-40c2-954a-82077fd4d532 200 in 5ms (compile: 1485µs, render: 4ms)
 GET /api/tasks 200 in 6ms (compile: 2ms, render: 4ms)
 PUT /api/tasks/639890ca-de09-4b4b-a1f4-a5efc6b7b1b2 200 in 10ms (compile: 5ms, render: 5ms)
 PUT /api/tasks/3b107005-f4b8-40c2-954a-82077fd4d532 200 in 5ms (compile: 1419µs, render: 4ms)
 GET /api/tasks 200 in 6ms (compile: 2ms, render: 4ms)
 PUT /api/tasks/639890ca-de09-4b4b-a1f4-a5efc6b7b1b2 200 in 11ms (compile: 5ms, render: 5ms)
 PUT /api/tasks/3b107005-f4b8-40c2-954a-82077fd4d532 200 in 6ms (compile: 1961µs, render: 4ms)
 GET /api/tasks 200 in 6ms (compile: 2ms, render: 4ms)
 PUT /api/tasks/639890ca-de09-4b4b-a1f4-a5efc6b7b1b2 200 in 11ms (compile: 5ms, render: 5ms)
 PUT /api/tasks/3b107005-f4b8-40c2-954a-82077fd4d532 200 in 5ms (compile: 1330µs, render: 4ms)
 GET /api/tasks 200 in 5ms (compile: 1556µs, render: 3ms)
 PUT /api/tasks/639890ca-de09-4b4b-a1f4-a5efc6b7b1b2 200 in 10ms (compile: 5ms, render: 5ms)
 PUT /api/tasks/3b107005-f4b8-40c2-954a-82077fd4d532 200 in 5ms (compile: 1497µs, render: 4ms)
 GET /api/tasks 200 in 6ms (compile: 2ms, render: 3ms)
 PUT /api/tasks/639890ca-de09-4b4b-a1f4-a5efc6b7b1b2 200 in 10ms (compile: 5ms, render: 5ms)
 PUT /api/tasks/3b107005-f4b8-40c2-954a-82077fd4d532 200 in 5ms (compile: 1467µs, render: 4ms)
 GET /api/tasks 200 in 6ms (compile: 2ms, render: 3ms)
 PUT /api/tasks/639890ca-de09-4b4b-a1f4-a5efc6b7b1b2 200 in 9ms (compile: 4ms, render: 5ms)
 PUT /api/tasks/3b107005-f4b8-40c2-954a-82077fd4d532 200 in 5ms (compile: 1512µs, render: 4ms)
 GET /api/tasks 200 in 6ms (compile: 2ms, render: 4ms)
 PUT /api/tasks/639890ca-de09-4b4b-a1f4-a5efc6b7b1b2 200 in 10ms (compile: 4ms, render: 5ms)
 PUT /api/tasks/3b107005-f4b8-40c2-954a-82077fd4d532 200 in 7ms (compile: 2ms, render: 5ms)
 GET /api/tasks 200 in 6ms (compile: 2ms, render: 4ms)
 PUT /api/tasks/639890ca-de09-4b4b-a1f4-a5efc6b7b1b2 200 in 10ms (compile: 5ms, render: 5ms)
 PUT /api/tasks/3b107005-f4b8-40c2-954a-82077fd4d532 200 in 6ms (compile: 1655µs, render: 5ms)
 GET /api/tasks 200 in 5ms (compile: 2ms, render: 3ms)
 PUT /api/tasks/639890ca-de09-4b4b-a1f4-a5efc6b7b1b2 200 in 10ms (compile: 4ms, render: 5ms)
 PUT /api/tasks/3b107005-f4b8-40c2-954a-82077fd4d532 200 in 5ms (compile: 1387µs, render: 4ms)
 GET /api/tasks 200 in 6ms (compile: 2ms, render: 3ms)
 PUT /api/tasks/639890ca-de09-4b4b-a1f4-a5efc6b7b1b2 200 in 10ms (compile: 5ms, render: 5ms)
 PUT /api/tasks/3b107005-f4b8-40c2-954a-82077fd4d532 200 in 6ms (compile: 1437µs, render: 4ms)
 GET /api/tasks 200 in 6ms (compile: 2ms, render: 3ms)
 PUT /api/tasks/639890ca-de09-4b4b-a1f4-a5efc6b7b1b2 200 in 10ms (compile: 5ms, render: 5ms)
 PUT /api/tasks/3b107005-f4b8-40c2-954a-82077fd4d532 200 in 6ms (compile: 1607µs, render: 4ms)
 GET /api/tasks 200 in 6ms (compile: 2ms, render: 4ms)
 PUT /api/tasks/639890ca-de09-4b4b-a1f4-a5efc6b7b1b2 200 in 11ms (compile: 5ms, render: 5ms)
 PUT /api/tasks/3b107005-f4b8-40c2-954a-82077fd4d532 200 in 6ms (compile: 1554µs, render: 5ms)
 GET /api/tasks 200 in 6ms (compile: 2ms, render: 3ms)
 PUT /api/tasks/639890ca-de09-4b4b-a1f4-a5efc6b7b1b2 200 in 10ms (compile: 5ms, render: 5ms)
 PUT /api/tasks/3b107005-f4b8-40c2-954a-82077fd4d532 200 in 5ms (compile: 1520µs, render: 4ms)
 GET /api/tasks 200 in 6ms (compile: 2ms, render: 4ms)
 PUT /api/tasks/639890ca-de09-4b4b-a1f4-a5efc6b7b1b2 200 in 10ms (compile: 5ms, render: 5ms)
 PUT /api/tasks/3b107005-f4b8-40c2-954a-82077fd4d532 200 in 5ms (compile: 1429µs, render: 4ms)
 GET /api/tasks 200 in 6ms (compile: 2ms, render: 4ms)
 PUT /api/tasks/639890ca-de09-4b4b-a1f4-a5efc6b7b1b2 200 in 11ms (compile: 6ms, render: 5ms)
 PUT /api/tasks/3b107005-f4b8-40c2-954a-82077fd4d532 200 in 5ms (compile: 1458µs, render: 4ms)
 GET /api/tasks 200 in 6ms (compile: 2ms, render: 3ms)
 PUT /api/tasks/639890ca-de09-4b4b-a1f4-a5efc6b7b1b2 200 in 10ms (compile: 5ms, render: 5ms)
 PUT /api/tasks/3b107005-f4b8-40c2-954a-82077fd4d532 200 in 6ms (compile: 1416µs, render: 4ms)
 GET /api/tasks 200 in 6ms (compile: 2ms, render: 3ms)
 PUT /api/tasks/639890ca-de09-4b4b-a1f4-a5efc6b7b1b2 200 in 11ms (compile: 5ms, render: 6ms)
 PUT /api/tasks/3b107005-f4b8-40c2-954a-82077fd4d532 200 in 6ms (compile: 1586µs, render: 4ms)
 GET /api/tasks 200 in 6ms (compile: 2ms, render: 4ms)
 PUT /api/tasks/639890ca-de09-4b4b-a1f4-a5efc6b7b1b2 200 in 9ms (compile: 4ms, render: 5ms)
 PUT /api/tasks/3b107005-f4b8-40c2-954a-82077fd4d532 200 in 6ms (compile: 1453µs, render: 4ms)
 GET /api/tasks 200 in 6ms (compile: 2ms, render: 4ms)
 PUT /api/tasks/639890ca-de09-4b4b-a1f4-a5efc6b7b1b2 200 in 10ms (compile: 4ms, render: 5ms)
 PUT /api/tasks/3b107005-f4b8-40c2-954a-82077fd4d532 200 in 5ms (compile: 1422µs, render: 4ms)
 GET /api/tasks 200 in 6ms (compile: 2ms, render: 4ms)
 PUT /api/tasks/639890ca-de09-4b4b-a1f4-a5efc6b7b1b2 200 in 10ms (compile: 4ms, render: 6ms)
 PUT /api/tasks/3b107005-f4b8-40c2-954a-82077fd4d532 200 in 6ms (compile: 1741µs, render: 5ms)
 GET /api/tasks 200 in 5ms (compile: 1962µs, render: 3ms)
 PUT /api/tasks/639890ca-de09-4b4b-a1f4-a5efc6b7b1b2 200 in 10ms (compile: 5ms, render: 5ms)
 PUT /api/tasks/3b107005-f4b8-40c2-954a-82077fd4d532 200 in 6ms (compile: 1574µs, render: 4ms)
 GET /api/tasks 200 in 6ms (compile: 2ms, render: 4ms)
 PUT /api/tasks/639890ca-de09-4b4b-a1f4-a5efc6b7b1b2 200 in 11ms (compile: 5ms, render: 5ms)
 PUT /api/tasks/3b107005-f4b8-40c2-954a-82077fd4d532 200 in 7ms (compile: 1515µs, render: 5ms)
 GET /api/tasks 200 in 6ms (compile: 2ms, render: 3ms)
 PUT /api/tasks/639890ca-de09-4b4b-a1f4-a5efc6b7b1b2 200 in 9ms (compile: 4ms, render: 5ms)
 PUT /api/tasks/3b107005-f4b8-40c2-954a-82077fd4d532 200 in 5ms (compile: 1373µs, render: 4ms)
 GET /api/tasks 200 in 6ms (compile: 3ms, render: 4ms)
 PUT /api/tasks/639890ca-de09-4b4b-a1f4-a5efc6b7b1b2 200 in 11ms (compile: 5ms, render: 6ms)
 PUT /api/tasks/3b107005-f4b8-40c2-954a-82077fd4d532 200 in 4ms (compile: 1314µs, render: 3ms)
 GET /api/tasks 200 in 4ms (compile: 1310µs, render: 2ms)
 PUT /api/tasks/639890ca-de09-4b4b-a1f4-a5efc6b7b1b2 200 in 7ms (compile: 3ms, render: 4ms)
 PUT /api/tasks/3b107005-f4b8-40c2-954a-82077fd4d532 200 in 4ms (compile: 1014µs, render: 3ms)
 GET /api/tasks 200 in 6ms (compile: 2ms, render: 3ms)
 PUT /api/tasks/639890ca-de09-4b4b-a1f4-a5efc6b7b1b2 200 in 10ms (compile: 5ms, render: 5ms)
 PUT /api/tasks/3b107005-f4b8-40c2-954a-82077fd4d532 200 in 6ms (compile: 1574µs, render: 4ms)
 GET /api/tasks 200 in 6ms (compile: 2ms, render: 4ms)
 PUT /api/tasks/639890ca-de09-4b4b-a1f4-a5efc6b7b1b2 200 in 10ms (compile: 5ms, render: 5ms)
 PUT /api/tasks/3b107005-f4b8-40c2-954a-82077fd4d532 200 in 5ms (compile: 1428µs, render: 4ms)
 GET /api/tasks 200 in 6ms (compile: 2ms, render: 4ms)
 PUT /api/tasks/639890ca-de09-4b4b-a1f4-a5efc6b7b1b2 200 in 11ms (compile: 5ms, render: 6ms)
 PUT /api/tasks/3b107005-f4b8-40c2-954a-82077fd4d532 200 in 7ms (compile: 1749µs, render: 5ms)
 GET /api/tasks 200 in 6ms (compile: 2ms, render: 4ms)
 PUT /api/tasks/639890ca-de09-4b4b-a1f4-a5efc6b7b1b2 200 in 11ms (compile: 6ms, render: 5ms)
 PUT /api/tasks/3b107005-f4b8-40c2-954a-82077fd4d532 200 in 5ms (compile: 1480µs, render: 4ms)
 GET /api/tasks 200 in 6ms (compile: 2ms, render: 4ms)
 PUT /api/tasks/639890ca-de09-4b4b-a1f4-a5efc6b7b1b2 200 in 11ms (compile: 6ms, render: 5ms)
 PUT /api/tasks/3b107005-f4b8-40c2-954a-82077fd4d532 200 in 6ms (compile: 1527µs, render: 4ms)
 GET /api/tasks 200 in 6ms (compile: 2ms, render: 4ms)
 PUT /api/tasks/639890ca-de09-4b4b-a1f4-a5efc6b7b1b2 200 in 10ms (compile: 5ms, render: 5ms)
 PUT /api/tasks/3b107005-f4b8-40c2-954a-82077fd4d532 200 in 5ms (compile: 1464µs, render: 4ms)
 GET /api/tasks 200 in 6ms (compile: 2ms, render: 4ms)
 PUT /api/tasks/639890ca-de09-4b4b-a1f4-a5efc6b7b1b2 200 in 10ms (compile: 5ms, render: 5ms)
 PUT /api/tasks/3b107005-f4b8-40c2-954a-82077fd4d532 200 in 5ms (compile: 1338µs, render: 4ms)
 GET /api/tasks 200 in 6ms (compile: 2ms, render: 4ms)
 PUT /api/tasks/639890ca-de09-4b4b-a1f4-a5efc6b7b1b2 200 in 10ms (compile: 5ms, render: 5ms)
 PUT /api/tasks/3b107005-f4b8-40c2-954a-82077fd4d532 200 in 5ms (compile: 1453µs, render: 4ms)
 GET /api/tasks 200 in 6ms (compile: 2ms, render: 4ms)
 PUT /api/tasks/639890ca-de09-4b4b-a1f4-a5efc6b7b1b2 200 in 11ms (compile: 5ms, render: 6ms)
 PUT /api/tasks/3b107005-f4b8-40c2-954a-82077fd4d532 200 in 6ms (compile: 1644µs, render: 4ms)
 GET /api/tasks 200 in 6ms (compile: 2ms, render: 4ms)
 PUT /api/tasks/639890ca-de09-4b4b-a1f4-a5efc6b7b1b2 200 in 9ms (compile: 4ms, render: 5ms)
 PUT /api/tasks/3b107005-f4b8-40c2-954a-82077fd4d532 200 in 5ms (compile: 1432µs, render: 4ms)
 GET /api/tasks 200 in 6ms (compile: 2ms, render: 4ms)
 PUT /api/tasks/639890ca-de09-4b4b-a1f4-a5efc6b7b1b2 200 in 11ms (compile: 5ms, render: 5ms)
 PUT /api/tasks/3b107005-f4b8-40c2-954a-82077fd4d532 200 in 5ms (compile: 1470µs, render: 4ms)
 GET /api/tasks 200 in 6ms (compile: 3ms, render: 4ms)
 PUT /api/tasks/639890ca-de09-4b4b-a1f4-a5efc6b7b1b2 200 in 10ms (compile: 5ms, render: 5ms)
 PUT /api/tasks/3b107005-f4b8-40c2-954a-82077fd4d532 200 in 5ms (compile: 1570µs, render: 3ms)
 GET /api/tasks 200 in 6ms (compile: 2ms, render: 4ms)
 PUT /api/tasks/639890ca-de09-4b4b-a1f4-a5efc6b7b1b2 200 in 10ms (compile: 5ms, render: 5ms)
 PUT /api/tasks/3b107005-f4b8-40c2-954a-82077fd4d532 200 in 5ms (compile: 1314µs, render: 4ms)
 GET /api/tasks 200 in 6ms (compile: 3ms, render: 3ms)
 PUT /api/tasks/639890ca-de09-4b4b-a1f4-a5efc6b7b1b2 200 in 10ms (compile: 5ms, render: 5ms)
 PUT /api/tasks/3b107005-f4b8-40c2-954a-82077fd4d532 200 in 5ms (compile: 1390µs, render: 4ms)
 GET /api/tasks 200 in 6ms (compile: 2ms, render: 4ms)
 PUT /api/tasks/639890ca-de09-4b4b-a1f4-a5efc6b7b1b2 200 in 9ms (compile: 4ms, render: 5ms)
 PUT /api/tasks/3b107005-f4b8-40c2-954a-82077fd4d532 200 in 6ms (compile: 1523µs, render: 4ms)
 GET /api/tasks 200 in 6ms (compile: 2ms, render: 3ms)
 PUT /api/tasks/639890ca-de09-4b4b-a1f4-a5efc6b7b1b2 200 in 11ms (compile: 6ms, render: 5ms)
 PUT /api/tasks/3b107005-f4b8-40c2-954a-82077fd4d532 200 in 6ms (compile: 1747µs, render: 4ms)
 GET /api/tasks 200 in 6ms (compile: 2ms, render: 4ms)
 PUT /api/tasks/639890ca-de09-4b4b-a1f4-a5efc6b7b1b2 200 in 11ms (compile: 6ms, render: 5ms)
 PUT /api/tasks/3b107005-f4b8-40c2-954a-82077fd4d532 200 in 6ms (compile: 1872µs, render: 4ms)
 GET /api/tasks 200 in 5ms (compile: 2ms, render: 3ms)
 PUT /api/tasks/639890ca-de09-4b4b-a1f4-a5efc6b7b1b2 200 in 10ms (compile: 5ms, render: 5ms)
 PUT /api/tasks/3b107005-f4b8-40c2-954a-82077fd4d532 200 in 7ms (compile: 1309µs, render: 5ms)
 GET /api/tasks 200 in 6ms (compile: 2ms, render: 4ms)
 PUT /api/tasks/639890ca-de09-4b4b-a1f4-a5efc6b7b1b2 200 in 14ms (compile: 9ms, render: 5ms)
 PUT /api/tasks/3b107005-f4b8-40c2-954a-82077fd4d532 200 in 6ms (compile: 1400µs, render: 4ms)
 GET /api/tasks 200 in 6ms (compile: 2ms, render: 4ms)
 PUT /api/tasks/639890ca-de09-4b4b-a1f4-a5efc6b7b1b2 200 in 11ms (compile: 5ms, render: 5ms)
 PUT /api/tasks/3b107005-f4b8-40c2-954a-82077fd4d532 200 in 6ms (compile: 1649µs, render: 4ms)
 GET /api/tasks 200 in 6ms (compile: 2ms, render: 4ms)
 PUT /api/tasks/639890ca-de09-4b4b-a1f4-a5efc6b7b1b2 200 in 9ms (compile: 4ms, render: 5ms)
 PUT /api/tasks/3b107005-f4b8-40c2-954a-82077fd4d532 200 in 6ms (compile: 1698µs, render: 5ms)
 GET /api/tasks 200 in 6ms (compile: 2ms, render: 4ms)
 PUT /api/tasks/639890ca-de09-4b4b-a1f4-a5efc6b7b1b2 200 in 13ms (compile: 7ms, render: 5ms)
 PUT /api/tasks/3b107005-f4b8-40c2-954a-82077fd4d532 200 in 6ms (compile: 1642µs, render: 4ms)
 GET /api/tasks 200 in 6ms (compile: 2ms, render: 4ms)
 PUT /api/tasks/639890ca-de09-4b4b-a1f4-a5efc6b7b1b2 200 in 11ms (compile: 5ms, render: 5ms)
 PUT /api/tasks/3b107005-f4b8-40c2-954a-82077fd4d532 200 in 5ms (compile: 1537µs, render: 4ms)
 GET /api/tasks 200 in 6ms (compile: 2ms, render: 4ms)
 PUT /api/tasks/639890ca-de09-4b4b-a1f4-a5efc6b7b1b2 200 in 10ms (compile: 5ms, render: 5ms)
 PUT /api/tasks/3b107005-f4b8-40c2-954a-82077fd4d532 200 in 6ms (compile: 1537µs, render: 5ms)
 GET /api/tasks 200 in 6ms (compile: 2ms, render: 4ms)
 PUT /api/tasks/639890ca-de09-4b4b-a1f4-a5efc6b7b1b2 200 in 10ms (compile: 5ms, render: 5ms)
 PUT /api/tasks/3b107005-f4b8-40c2-954a-82077fd4d532 200 in 5ms (compile: 1444µs, render: 4ms)
 GET /api/tasks 200 in 10ms (compile: 5ms, render: 5ms)
 PUT /api/tasks/639890ca-de09-4b4b-a1f4-a5efc6b7b1b2 200 in 10ms (compile: 4ms, render: 5ms)
 PUT /api/tasks/3b107005-f4b8-40c2-954a-82077fd4d532 200 in 4ms (compile: 1396µs, render: 3ms)
 GET /api/tasks 200 in 9ms (compile: 2ms, render: 7ms)
 PUT /api/tasks/639890ca-de09-4b4b-a1f4-a5efc6b7b1b2 200 in 10ms (compile: 5ms, render: 5ms)
 PUT /api/tasks/3b107005-f4b8-40c2-954a-82077fd4d532 200 in 5ms (compile: 1387µs, render: 4ms)
 GET /api/tasks 200 in 6ms (compile: 2ms, render: 4ms)
 PUT /api/tasks/639890ca-de09-4b4b-a1f4-a5efc6b7b1b2 200 in 11ms (compile: 5ms, render: 5ms)
 PUT /api/tasks/3b107005-f4b8-40c2-954a-82077fd4d532 200 in 6ms (compile: 1711µs, render: 4ms)
 GET /api/tasks 200 in 6ms (compile: 2ms, render: 4ms)
 PUT /api/tasks/639890ca-de09-4b4b-a1f4-a5efc6b7b1b2 200 in 10ms (compile: 5ms, render: 5ms)
 PUT /api/tasks/3b107005-f4b8-40c2-954a-82077fd4d532 200 in 6ms (compile: 1577µs, render: 4ms)
 GET /api/tasks 200 in 6ms (compile: 2ms, render: 3ms)
 PUT /api/tasks/639890ca-de09-4b4b-a1f4-a5efc6b7b1b2 200 in 9ms (compile: 4ms, render: 5ms)
 PUT /api/tasks/3b107005-f4b8-40c2-954a-82077fd4d532 200 in 4ms (compile: 1795µs, render: 2ms)
 GET /api/tasks 200 in 6ms (compile: 2ms, render: 4ms)
 PUT /api/tasks/639890ca-de09-4b4b-a1f4-a5efc6b7b1b2 200 in 11ms (compile: 5ms, render: 6ms)
 PUT /api/tasks/3b107005-f4b8-40c2-954a-82077fd4d532 200 in 6ms (compile: 1906µs, render: 4ms)
 GET /api/tasks 200 in 6ms (compile: 2ms, render: 4ms)
 PUT /api/tasks/639890ca-de09-4b4b-a1f4-a5efc6b7b1b2 200 in 10ms (compile: 5ms, render: 5ms)
 PUT /api/tasks/3b107005-f4b8-40c2-954a-82077fd4d532 200 in 5ms (compile: 1501µs, render: 4ms)
 GET /api/tasks 200 in 6ms (compile: 2ms, render: 3ms)
 PUT /api/tasks/639890ca-de09-4b4b-a1f4-a5efc6b7b1b2 200 in 10ms (compile: 5ms, render: 5ms)
 PUT /api/tasks/3b107005-f4b8-40c2-954a-82077fd4d532 200 in 6ms (compile: 1554µs, render: 4ms)
 GET /api/tasks 200 in 6ms (compile: 2ms, render: 4ms)
 PUT /api/tasks/639890ca-de09-4b4b-a1f4-a5efc6b7b1b2 200 in 9ms (compile: 4ms, render: 5ms)
 PUT /api/tasks/3b107005-f4b8-40c2-954a-82077fd4d532 200 in 5ms (compile: 1327µs, render: 4ms)
 GET /api/tasks 200 in 6ms (compile: 2ms, render: 4ms)
 PUT /api/tasks/639890ca-de09-4b4b-a1f4-a5efc6b7b1b2 200 in 10ms (compile: 5ms, render: 5ms)
 PUT /api/tasks/3b107005-f4b8-40c2-954a-82077fd4d532 200 in 6ms (compile: 1727µs, render: 4ms)
 GET /api/tasks 200 in 6ms (compile: 2ms, render: 4ms)
 PUT /api/tasks/639890ca-de09-4b4b-a1f4-a5efc6b7b1b2 200 in 10ms (compile: 5ms, render: 5ms)
 PUT /api/tasks/3b107005-f4b8-40c2-954a-82077fd4d532 200 in 6ms (compile: 1769µs, render: 4ms)
 GET /api/tasks 200 in 6ms (compile: 2ms, render: 4ms)
 PUT /api/tasks/639890ca-de09-4b4b-a1f4-a5efc6b7b1b2 200 in 9ms (compile: 4ms, render: 5ms)
 PUT /api/tasks/3b107005-f4b8-40c2-954a-82077fd4d532 200 in 6ms (compile: 1595µs, render: 4ms)
 GET /api/tasks 200 in 6ms (compile: 2ms, render: 4ms)
 PUT /api/tasks/639890ca-de09-4b4b-a1f4-a5efc6b7b1b2 200 in 10ms (compile: 4ms, render: 5ms)
 PUT /api/tasks/3b107005-f4b8-40c2-954a-82077fd4d532 200 in 4ms (compile: 1154µs, render: 3ms)
 GET /api/tasks 200 in 6ms (compile: 2ms, render: 4ms)
 PUT /api/tasks/639890ca-de09-4b4b-a1f4-a5efc6b7b1b2 200 in 8ms (compile: 4ms, render: 5ms)
 PUT /api/tasks/3b107005-f4b8-40c2-954a-82077fd4d532 200 in 4ms (compile: 962µs, render: 3ms)
 GET /api/tasks 200 in 6ms (compile: 1906µs, render: 4ms)
 PUT /api/tasks/639890ca-de09-4b4b-a1f4-a5efc6b7b1b2 200 in 9ms (compile: 4ms, render: 5ms)
 PUT /api/tasks/3b107005-f4b8-40c2-954a-82077fd4d532 200 in 6ms (compile: 1418µs, render: 4ms)
 GET /api/tasks 200 in 6ms (compile: 2ms, render: 4ms)
 PUT /api/tasks/639890ca-de09-4b4b-a1f4-a5efc6b7b1b2 200 in 10ms (compile: 4ms, render: 5ms)
 PUT /api/tasks/3b107005-f4b8-40c2-954a-82077fd4d532 200 in 5ms (compile: 1435µs, render: 4ms)
 GET /api/tasks 200 in 6ms (compile: 2ms, render: 3ms)
 PUT /api/tasks/639890ca-de09-4b4b-a1f4-a5efc6b7b1b2 200 in 10ms (compile: 5ms, render: 5ms)
 PUT /api/tasks/3b107005-f4b8-40c2-954a-82077fd4d532 200 in 6ms (compile: 1569µs, render: 4ms)
 GET /api/tasks 200 in 6ms (compile: 2ms, render: 3ms)
 PUT /api/tasks/639890ca-de09-4b4b-a1f4-a5efc6b7b1b2 200 in 8ms (compile: 3ms, render: 5ms)
 PUT /api/tasks/3b107005-f4b8-40c2-954a-82077fd4d532 200 in 6ms (compile: 1917µs, render: 4ms)
 GET /api/tasks 200 in 6ms (compile: 2ms, render: 4ms)
 PUT /api/tasks/639890ca-de09-4b4b-a1f4-a5efc6b7b1b2 200 in 12ms (compile: 6ms, render: 6ms)
 PUT /api/tasks/3b107005-f4b8-40c2-954a-82077fd4d532 200 in 3ms (compile: 737µs, render: 3ms)
 GET /api/tasks 200 in 6ms (compile: 2ms, render: 4ms)
 PUT /api/tasks/639890ca-de09-4b4b-a1f4-a5efc6b7b1b2 200 in 11ms (compile: 5ms, render: 5ms)
 PUT /api/tasks/3b107005-f4b8-40c2-954a-82077fd4d532 200 in 5ms (compile: 1450µs, render: 4ms)
 GET /api/tasks 200 in 6ms (compile: 2ms, render: 4ms)
 PUT /api/tasks/639890ca-de09-4b4b-a1f4-a5efc6b7b1b2 200 in 10ms (compile: 5ms, render: 5ms)
 PUT /api/tasks/3b107005-f4b8-40c2-954a-82077fd4d532 200 in 5ms (compile: 1449µs, render: 4ms)
 GET /api/tasks 200 in 6ms (compile: 2ms, render: 3ms)
 PUT /api/tasks/639890ca-de09-4b4b-a1f4-a5efc6b7b1b2 200 in 11ms (compile: 5ms, render: 5ms)
 PUT /api/tasks/3b107005-f4b8-40c2-954a-82077fd4d532 200 in 5ms (compile: 1536µs, render: 4ms)
 GET /api/tasks 200 in 6ms (compile: 2ms, render: 4ms)
 PUT /api/tasks/639890ca-de09-4b4b-a1f4-a5efc6b7b1b2 200 in 11ms (compile: 5ms, render: 6ms)
 PUT /api/tasks/3b107005-f4b8-40c2-954a-82077fd4d532 200 in 6ms (compile: 1397µs, render: 4ms)
 GET /api/tasks 200 in 6ms (compile: 2ms, render: 3ms)
 PUT /api/tasks/639890ca-de09-4b4b-a1f4-a5efc6b7b1b2 200 in 11ms (compile: 6ms, render: 5ms)
 PUT /api/tasks/3b107005-f4b8-40c2-954a-82077fd4d532 200 in 6ms (compile: 1618µs, render: 4ms)
 GET /api/tasks 200 in 6ms (compile: 2ms, render: 4ms)
 PUT /api/tasks/639890ca-de09-4b4b-a1f4-a5efc6b7b1b2 200 in 10ms (compile: 5ms, render: 5ms)
 PUT /api/tasks/3b107005-f4b8-40c2-954a-82077fd4d532 200 in 6ms (compile: 1847µs, render: 4ms)
 GET /api/tasks 200 in 6ms (compile: 2ms, render: 4ms)
 PUT /api/tasks/639890ca-de09-4b4b-a1f4-a5efc6b7b1b2 200 in 9ms (compile: 4ms, render: 5ms)
 PUT /api/tasks/3b107005-f4b8-40c2-954a-82077fd4d532 200 in 5ms (compile: 1472µs, render: 4ms)
 GET /api/tasks 200 in 6ms (compile: 2ms, render: 4ms)
 PUT /api/tasks/639890ca-de09-4b4b-a1f4-a5efc6b7b1b2 200 in 11ms (compile: 6ms, render: 5ms)
 PUT /api/tasks/3b107005-f4b8-40c2-954a-82077fd4d532 200 in 6ms (compile: 1538µs, render: 4ms)
 GET /api/tasks 200 in 7ms (compile: 3ms, render: 4ms)
 PUT /api/tasks/639890ca-de09-4b4b-a1f4-a5efc6b7b1b2 200 in 10ms (compile: 5ms, render: 5ms)
 PUT /api/tasks/3b107005-f4b8-40c2-954a-82077fd4d532 200 in 7ms (compile: 1775µs, render: 5ms)
 GET /api/tasks 200 in 6ms (compile: 2ms, render: 4ms)
 PUT /api/tasks/639890ca-de09-4b4b-a1f4-a5efc6b7b1b2 200 in 10ms (compile: 5ms, render: 5ms)
 PUT /api/tasks/3b107005-f4b8-40c2-954a-82077fd4d532 200 in 9ms (compile: 5ms, render: 4ms)
 GET /api/tasks 200 in 6ms (compile: 2ms, render: 4ms)
 PUT /api/tasks/639890ca-de09-4b4b-a1f4-a5efc6b7b1b2 200 in 10ms (compile: 5ms, render: 5ms)
 PUT /api/tasks/3b107005-f4b8-40c2-954a-82077fd4d532 200 in 5ms (compile: 1413µs, render: 4ms)
 GET /api/tasks 200 in 6ms (compile: 2ms, render: 3ms)
 PUT /api/tasks/639890ca-de09-4b4b-a1f4-a5efc6b7b1b2 200 in 11ms (compile: 5ms, render: 5ms)
 PUT /api/tasks/3b107005-f4b8-40c2-954a-82077fd4d532 200 in 5ms (compile: 1406µs, render: 4ms)
 GET /api/tasks 200 in 6ms (compile: 2ms, render: 3ms)
 PUT /api/tasks/639890ca-de09-4b4b-a1f4-a5efc6b7b1b2 200 in 11ms (compile: 6ms, render: 5ms)
 PUT /api/tasks/3b107005-f4b8-40c2-954a-82077fd4d532 200 in 6ms (compile: 1535µs, render: 4ms)
 GET /api/tasks 200 in 6ms (compile: 2ms, render: 3ms)
 PUT /api/tasks/639890ca-de09-4b4b-a1f4-a5efc6b7b1b2 200 in 10ms (compile: 5ms, render: 5ms)
 PUT /api/tasks/3b107005-f4b8-40c2-954a-82077fd4d532 200 in 5ms (compile: 1526µs, render: 4ms)
 GET /api/tasks 200 in 6ms (compile: 2ms, render: 3ms)
 PUT /api/tasks/639890ca-de09-4b4b-a1f4-a5efc6b7b1b2 200 in 10ms (compile: 5ms, render: 5ms)
 PUT /api/tasks/3b107005-f4b8-40c2-954a-82077fd4d532 200 in 6ms (compile: 1463µs, render: 4ms)
 GET /api/tasks 200 in 6ms (compile: 2ms, render: 4ms)
 PUT /api/tasks/639890ca-de09-4b4b-a1f4-a5efc6b7b1b2 200 in 11ms (compile: 5ms, render: 6ms)
 PUT /api/tasks/3b107005-f4b8-40c2-954a-82077fd4d532 200 in 6ms (compile: 1693µs, render: 4ms)
 GET /api/tasks 200 in 5ms (compile: 1527µs, render: 3ms)
 PUT /api/tasks/639890ca-de09-4b4b-a1f4-a5efc6b7b1b2 200 in 9ms (compile: 4ms, render: 5ms)
 PUT /api/tasks/3b107005-f4b8-40c2-954a-82077fd4d532 200 in 7ms (compile: 1828µs, render: 5ms)
 GET /api/tasks 200 in 5ms (compile: 1859µs, render: 3ms)
 PUT /api/tasks/639890ca-de09-4b4b-a1f4-a5efc6b7b1b2 200 in 10ms (compile: 5ms, render: 5ms)
 PUT /api/tasks/3b107005-f4b8-40c2-954a-82077fd4d532 200 in 6ms (compile: 1753µs, render: 4ms)
 GET /api/tasks 200 in 6ms (compile: 2ms, render: 4ms)
 PUT /api/tasks/639890ca-de09-4b4b-a1f4-a5efc6b7b1b2 200 in 9ms (compile: 4ms, render: 5ms)
 PUT /api/tasks/3b107005-f4b8-40c2-954a-82077fd4d532 200 in 6ms (compile: 1620µs, render: 4ms)
 GET /api/tasks 200 in 6ms (compile: 2ms, render: 4ms)
 PUT /api/tasks/639890ca-de09-4b4b-a1f4-a5efc6b7b1b2 200 in 12ms (compile: 5ms, render: 6ms)
 PUT /api/tasks/3b107005-f4b8-40c2-954a-82077fd4d532 200 in 4ms (compile: 1032µs, render: 3ms)
 GET /api/tasks 200 in 6ms (compile: 2ms, render: 4ms)
 PUT /api/tasks/639890ca-de09-4b4b-a1f4-a5efc6b7b1b2 200 in 11ms (compile: 5ms, render: 6ms)
 PUT /api/tasks/3b107005-f4b8-40c2-954a-82077fd4d532 200 in 6ms (compile: 1572µs, render: 5ms)
 GET /api/tasks 200 in 6ms (compile: 2ms, render: 4ms)
 PUT /api/tasks/639890ca-de09-4b4b-a1f4-a5efc6b7b1b2 200 in 10ms (compile: 5ms, render: 5ms)
 PUT /api/tasks/3b107005-f4b8-40c2-954a-82077fd4d532 200 in 6ms (compile: 1899µs, render: 4ms)
 GET /api/tasks 200 in 6ms (compile: 2ms, render: 3ms)
 PUT /api/tasks/639890ca-de09-4b4b-a1f4-a5efc6b7b1b2 200 in 11ms (compile: 6ms, render: 5ms)
 PUT /api/tasks/3b107005-f4b8-40c2-954a-82077fd4d532 200 in 5ms (compile: 1527µs, render: 4ms)
 GET /api/tasks 200 in 6ms (compile: 2ms, render: 4ms)
 PUT /api/tasks/639890ca-de09-4b4b-a1f4-a5efc6b7b1b2 200 in 11ms (compile: 6ms, render: 5ms)
 PUT /api/tasks/3b107005-f4b8-40c2-954a-82077fd4d532 200 in 5ms (compile: 1529µs, render: 4ms)
 GET /api/tasks 200 in 6ms (compile: 2ms, render: 3ms)
 PUT /api/tasks/639890ca-de09-4b4b-a1f4-a5efc6b7b1b2 200 in 10ms (compile: 5ms, render: 5ms)
 PUT /api/tasks/3b107005-f4b8-40c2-954a-82077fd4d532 200 in 6ms (compile: 1563µs, render: 4ms)
 GET /api/tasks 200 in 6ms (compile: 2ms, render: 4ms)
 PUT /api/tasks/639890ca-de09-4b4b-a1f4-a5efc6b7b1b2 200 in 12ms (compile: 5ms, render: 6ms)
 PUT /api/tasks/3b107005-f4b8-40c2-954a-82077fd4d532 200 in 6ms (compile: 1665µs, render: 4ms)
 GET /api/tasks 200 in 6ms (compile: 2ms, render: 4ms)
 PUT /api/tasks/639890ca-de09-4b4b-a1f4-a5efc6b7b1b2 200 in 9ms (compile: 4ms, render: 5ms)
 PUT /api/tasks/3b107005-f4b8-40c2-954a-82077fd4d532 200 in 5ms (compile: 1685µs, render: 3ms)
 GET /api/tasks 200 in 6ms (compile: 2ms, render: 4ms)
 PUT /api/tasks/639890ca-de09-4b4b-a1f4-a5efc6b7b1b2 200 in 10ms (compile: 5ms, render: 5ms)
 PUT /api/tasks/3b107005-f4b8-40c2-954a-82077fd4d532 200 in 5ms (compile: 1564µs, render: 4ms)
 GET /api/tasks 200 in 6ms (compile: 2ms, render: 3ms)
 PUT /api/tasks/639890ca-de09-4b4b-a1f4-a5efc6b7b1b2 200 in 10ms (compile: 5ms, render: 5ms)
 PUT /api/tasks/3b107005-f4b8-40c2-954a-82077fd4d532 200 in 6ms (compile: 1641µs, render: 5ms)
 GET /api/tasks 200 in 6ms (compile: 2ms, render: 3ms)
 PUT /api/tasks/639890ca-de09-4b4b-a1f4-a5efc6b7b1b2 200 in 10ms (compile: 5ms, render: 5ms)
 PUT /api/tasks/3b107005-f4b8-40c2-954a-82077fd4d532 200 in 6ms (compile: 2ms, render: 4ms)
 GET /api/tasks 200 in 6ms (compile: 2ms, render: 4ms)
 PUT /api/tasks/639890ca-de09-4b4b-a1f4-a5efc6b7b1b2 200 in 10ms (compile: 5ms, render: 5ms)
 PUT /api/tasks/3b107005-f4b8-40c2-954a-82077fd4d532 200 in 5ms (compile: 1439µs, render: 4ms)
 GET /api/tasks 200 in 6ms (compile: 2ms, render: 4ms)
 PUT /api/tasks/639890ca-de09-4b4b-a1f4-a5efc6b7b1b2 200 in 10ms (compile: 5ms, render: 5ms)
 PUT /api/tasks/3b107005-f4b8-40c2-954a-82077fd4d532 200 in 5ms (compile: 1355µs, render: 4ms)
 GET /api/tasks 200 in 5ms (compile: 1812µs, render: 4ms)
 PUT /api/tasks/639890ca-de09-4b4b-a1f4-a5efc6b7b1b2 200 in 10ms (compile: 5ms, render: 5ms)
 PUT /api/tasks/3b107005-f4b8-40c2-954a-82077fd4d532 200 in 6ms (compile: 1397µs, render: 5ms)
 GET /api/tasks 200 in 6ms (compile: 2ms, render: 4ms)
 PUT /api/tasks/639890ca-de09-4b4b-a1f4-a5efc6b7b1b2 200 in 10ms (compile: 5ms, render: 5ms)
 PUT /api/tasks/3b107005-f4b8-40c2-954a-82077fd4d532 200 in 5ms (compile: 1466µs, render: 4ms)
 GET /api/tasks 200 in 6ms (compile: 2ms, render: 4ms)
 PUT /api/tasks/639890ca-de09-4b4b-a1f4-a5efc6b7b1b2 200 in 10ms (compile: 4ms, render: 5ms)
 PUT /api/tasks/3b107005-f4b8-40c2-954a-82077fd4d532 200 in 6ms (compile: 1914µs, render: 4ms)
 GET /api/tasks 200 in 6ms (compile: 2ms, render: 3ms)
 PUT /api/tasks/639890ca-de09-4b4b-a1f4-a5efc6b7b1b2 200 in 10ms (compile: 5ms, render: 5ms)
 PUT /api/tasks/3b107005-f4b8-40c2-954a-82077fd4d532 200 in 6ms (compile: 1564µs, render: 5ms)
 GET /api/tasks 200 in 6ms (compile: 2ms, render: 3ms)
 PUT /api/tasks/639890ca-de09-4b4b-a1f4-a5efc6b7b1b2 200 in 10ms (compile: 4ms, render: 5ms)
 PUT /api/tasks/3b107005-f4b8-40c2-954a-82077fd4d532 200 in 5ms (compile: 1546µs, render: 3ms)
 GET /api/tasks 200 in 6ms (compile: 2ms, render: 4ms)
 PUT /api/tasks/639890ca-de09-4b4b-a1f4-a5efc6b7b1b2 200 in 10ms (compile: 5ms, render: 5ms)
 PUT /api/tasks/3b107005-f4b8-40c2-954a-82077fd4d532 200 in 5ms (compile: 1361µs, render: 4ms)
 GET /api/tasks 200 in 5ms (compile: 2ms, render: 3ms)
 PUT /api/tasks/639890ca-de09-4b4b-a1f4-a5efc6b7b1b2 200 in 10ms (compile: 5ms, render: 5ms)
 PUT /api/tasks/3b107005-f4b8-40c2-954a-82077fd4d532 200 in 5ms (compile: 1507µs, render: 4ms)
 GET /api/tasks 200 in 6ms (compile: 2ms, render: 3ms)
 PUT /api/tasks/639890ca-de09-4b4b-a1f4-a5efc6b7b1b2 200 in 9ms (compile: 4ms, render: 5ms)
 PUT /api/tasks/3b107005-f4b8-40c2-954a-82077fd4d532 200 in 5ms (compile: 1495µs, render: 4ms)
 GET /api/tasks 200 in 5ms (compile: 2ms, render: 3ms)
 PUT /api/tasks/639890ca-de09-4b4b-a1f4-a5efc6b7b1b2 200 in 10ms (compile: 5ms, render: 5ms)
 PUT /api/tasks/3b107005-f4b8-40c2-954a-82077fd4d532 200 in 5ms (compile: 1562µs, render: 4ms)
 GET /api/tasks 200 in 6ms (compile: 2ms, render: 3ms)
 PUT /api/tasks/639890ca-de09-4b4b-a1f4-a5efc6b7b1b2 200 in 9ms (compile: 4ms, render: 5ms)
 PUT /api/tasks/3b107005-f4b8-40c2-954a-82077fd4d532 200 in 7ms (compile: 1976µs, render: 5ms)
 GET /api/tasks 200 in 6ms (compile: 2ms, render: 4ms)
 PUT /api/tasks/639890ca-de09-4b4b-a1f4-a5efc6b7b1b2 200 in 10ms (compile: 5ms, render: 5ms)
 PUT /api/tasks/3b107005-f4b8-40c2-954a-82077fd4d532 200 in 5ms (compile: 1548µs, render: 4ms)
 GET /api/tasks 200 in 6ms (compile: 2ms, render: 3ms)
 PUT /api/tasks/639890ca-de09-4b4b-a1f4-a5efc6b7b1b2 200 in 10ms (compile: 5ms, render: 5ms)
 PUT /api/tasks/3b107005-f4b8-40c2-954a-82077fd4d532 200 in 6ms (compile: 1742µs, render: 5ms)
 GET /api/tasks 200 in 6ms (compile: 2ms, render: 3ms)
 PUT /api/tasks/639890ca-de09-4b4b-a1f4-a5efc6b7b1b2 200 in 11ms (compile: 5ms, render: 6ms)
 PUT /api/tasks/3b107005-f4b8-40c2-954a-82077fd4d532 200 in 6ms (compile: 1666µs, render: 5ms)
 GET /api/tasks 200 in 6ms (compile: 2ms, render: 4ms)
 PUT /api/tasks/639890ca-de09-4b4b-a1f4-a5efc6b7b1b2 200 in 11ms (compile: 5ms, render: 5ms)
 PUT /api/tasks/3b107005-f4b8-40c2-954a-82077fd4d532 200 in 6ms (compile: 1755µs, render: 4ms)
 GET /api/tasks 200 in 6ms (compile: 2ms, render: 4ms)
 PUT /api/tasks/639890ca-de09-4b4b-a1f4-a5efc6b7b1b2 200 in 9ms (compile: 4ms, render: 5ms)
 PUT /api/tasks/3b107005-f4b8-40c2-954a-82077fd4d532 200 in 6ms (compile: 1497µs, render: 4ms)
 GET /api/tasks 200 in 6ms (compile: 1871µs, render: 4ms)
 PUT /api/tasks/639890ca-de09-4b4b-a1f4-a5efc6b7b1b2 200 in 10ms (compile: 5ms, render: 5ms)
 PUT /api/tasks/3b107005-f4b8-40c2-954a-82077fd4d532 200 in 6ms (compile: 1279µs, render: 4ms)
 GET /api/tasks 200 in 6ms (compile: 2ms, render: 4ms)
 PUT /api/tasks/639890ca-de09-4b4b-a1f4-a5efc6b7b1b2 200 in 10ms (compile: 5ms, render: 5ms)
 PUT /api/tasks/3b107005-f4b8-40c2-954a-82077fd4d532 200 in 5ms (compile: 1396µs, render: 4ms)
 GET /api/tasks 200 in 5ms (compile: 1767µs, render: 3ms)
 PUT /api/tasks/639890ca-de09-4b4b-a1f4-a5efc6b7b1b2 200 in 11ms (compile: 5ms, render: 6ms)
 PUT /api/tasks/3b107005-f4b8-40c2-954a-82077fd4d532 200 in 5ms (compile: 1522µs, render: 4ms)
 GET /api/tasks 200 in 6ms (compile: 2ms, render: 3ms)
 PUT /api/tasks/639890ca-de09-4b4b-a1f4-a5efc6b7b1b2 200 in 9ms (compile: 5ms, render: 5ms)
 PUT /api/tasks/3b107005-f4b8-40c2-954a-82077fd4d532 200 in 5ms (compile: 1375µs, render: 4ms)
 GET /api/tasks 200 in 6ms (compile: 2ms, render: 3ms)
 PUT /api/tasks/639890ca-de09-4b4b-a1f4-a5efc6b7b1b2 200 in 10ms (compile: 5ms, render: 5ms)
 PUT /api/tasks/3b107005-f4b8-40c2-954a-82077fd4d532 200 in 5ms (compile: 1446µs, render: 4ms)
 GET /api/tasks 200 in 6ms (compile: 3ms, render: 3ms)
 PUT /api/tasks/639890ca-de09-4b4b-a1f4-a5efc6b7b1b2 200 in 10ms (compile: 5ms, render: 5ms)
 PUT /api/tasks/3b107005-f4b8-40c2-954a-82077fd4d532 200 in 5ms (compile: 1485µs, render: 4ms)
 GET /api/tasks 200 in 6ms (compile: 2ms, render: 3ms)
 PUT /api/tasks/639890ca-de09-4b4b-a1f4-a5efc6b7b1b2 200 in 10ms (compile: 5ms, render: 5ms)
 PUT /api/tasks/3b107005-f4b8-40c2-954a-82077fd4d532 200 in 6ms (compile: 1495µs, render: 5ms)
 GET /api/tasks 200 in 6ms (compile: 2ms, render: 4ms)
 PUT /api/tasks/639890ca-de09-4b4b-a1f4-a5efc6b7b1b2 200 in 10ms (compile: 5ms, render: 5ms)
 PUT /api/tasks/3b107005-f4b8-40c2-954a-82077fd4d532 200 in 6ms (compile: 1629µs, render: 4ms)
 GET /api/tasks 200 in 5ms (compile: 2ms, render: 3ms)
 PUT /api/tasks/639890ca-de09-4b4b-a1f4-a5efc6b7b1b2 200 in 10ms (compile: 5ms, render: 6ms)
 PUT /api/tasks/3b107005-f4b8-40c2-954a-82077fd4d532 200 in 6ms (compile: 1859µs, render: 4ms)
 GET /api/tasks 200 in 6ms (compile: 2ms, render: 4ms)
 PUT /api/tasks/639890ca-de09-4b4b-a1f4-a5efc6b7b1b2 200 in 12ms (compile: 6ms, render: 6ms)
 PUT /api/tasks/3b107005-f4b8-40c2-954a-82077fd4d532 200 in 7ms (compile: 1780µs, render: 5ms)
 GET /api/tasks 200 in 6ms (compile: 2ms, render: 4ms)
 PUT /api/tasks/639890ca-de09-4b4b-a1f4-a5efc6b7b1b2 200 in 9ms (compile: 4ms, render: 5ms)
 PUT /api/tasks/3b107005-f4b8-40c2-954a-82077fd4d532 200 in 7ms (compile: 1611µs, render: 5ms)
 GET /api/tasks 200 in 5ms (compile: 2ms, render: 3ms)
 PUT /api/tasks/639890ca-de09-4b4b-a1f4-a5efc6b7b1b2 200 in 10ms (compile: 5ms, render: 5ms)
 PUT /api/tasks/3b107005-f4b8-40c2-954a-82077fd4d532 200 in 6ms (compile: 1548µs, render: 4ms)
 GET /api/tasks 200 in 6ms (compile: 2ms, render: 4ms)
 PUT /api/tasks/639890ca-de09-4b4b-a1f4-a5efc6b7b1b2 200 in 10ms (compile: 5ms, render: 5ms)
 PUT /api/tasks/3b107005-f4b8-40c2-954a-82077fd4d532 200 in 6ms (compile: 1586µs, render: 4ms)
 GET /api/tasks 200 in 6ms (compile: 2ms, render: 3ms)
 PUT /api/tasks/639890ca-de09-4b4b-a1f4-a5efc6b7b1b2 200 in 9ms (compile: 4ms, render: 5ms)
 PUT /api/tasks/3b107005-f4b8-40c2-954a-82077fd4d532 200 in 6ms (compile: 1408µs, render: 4ms)
 GET /api/tasks 200 in 5ms (compile: 1579µs, render: 3ms)
 PUT /api/tasks/639890ca-de09-4b4b-a1f4-a5efc6b7b1b2 200 in 10ms (compile: 5ms, render: 5ms)
 PUT /api/tasks/3b107005-f4b8-40c2-954a-82077fd4d532 200 in 6ms (compile: 1618µs, render: 4ms)
 GET /api/tasks 200 in 6ms (compile: 3ms, render: 4ms)
 PUT /api/tasks/639890ca-de09-4b4b-a1f4-a5efc6b7b1b2 200 in 10ms (compile: 4ms, render: 6ms)
 PUT /api/tasks/3b107005-f4b8-40c2-954a-82077fd4d532 200 in 6ms (compile: 1665µs, render: 4ms)
 GET /api/tasks 200 in 6ms (compile: 2ms, render: 3ms)
 PUT /api/tasks/639890ca-de09-4b4b-a1f4-a5efc6b7b1b2 200 in 11ms (compile: 5ms, render: 5ms)
 PUT /api/tasks/3b107005-f4b8-40c2-954a-82077fd4d532 200 in 6ms (compile: 1522µs, render: 4ms)
 GET /api/tasks 200 in 6ms (compile: 2ms, render: 4ms)
 PUT /api/tasks/639890ca-de09-4b4b-a1f4-a5efc6b7b1b2 200 in 10ms (compile: 5ms, render: 5ms)
 PUT /api/tasks/3b107005-f4b8-40c2-954a-82077fd4d532 200 in 5ms (compile: 1522µs, render: 4ms)
 GET /api/tasks 200 in 6ms (compile: 2ms, render: 4ms)
 PUT /api/tasks/639890ca-de09-4b4b-a1f4-a5efc6b7b1b2 200 in 11ms (compile: 6ms, render: 5ms)
 PUT /api/tasks/3b107005-f4b8-40c2-954a-82077fd4d532 200 in 6ms (compile: 1579µs, render: 4ms)
 GET /api/tasks 200 in 6ms (compile: 2ms, render: 4ms)
 PUT /api/tasks/639890ca-de09-4b4b-a1f4-a5efc6b7b1b2 200 in 10ms (compile: 5ms, render: 5ms)
 PUT /api/tasks/3b107005-f4b8-40c2-954a-82077fd4d532 200 in 6ms (compile: 1505µs, render: 4ms)
 GET /api/tasks 200 in 6ms (compile: 2ms, render: 4ms)
 PUT /api/tasks/639890ca-de09-4b4b-a1f4-a5efc6b7b1b2 200 in 11ms (compile: 6ms, render: 6ms)
 PUT /api/tasks/3b107005-f4b8-40c2-954a-82077fd4d532 200 in 5ms (compile: 1423µs, render: 4ms)
 GET /api/tasks 200 in 6ms (compile: 2ms, render: 4ms)
 PUT /api/tasks/639890ca-de09-4b4b-a1f4-a5efc6b7b1b2 200 in 11ms (compile: 5ms, render: 6ms)
 PUT /api/tasks/3b107005-f4b8-40c2-954a-82077fd4d532 200 in 6ms (compile: 1508µs, render: 4ms)
 GET /api/tasks 200 in 6ms (compile: 2ms, render: 3ms)
 PUT /api/tasks/639890ca-de09-4b4b-a1f4-a5efc6b7b1b2 200 in 10ms (compile: 4ms, render: 5ms)
 PUT /api/tasks/3b107005-f4b8-40c2-954a-82077fd4d532 200 in 5ms (compile: 1521µs, render: 4ms)
 GET /api/tasks 200 in 6ms (compile: 3ms, render: 3ms)
 PUT /api/tasks/639890ca-de09-4b4b-a1f4-a5efc6b7b1b2 200 in 9ms (compile: 5ms, render: 5ms)
 PUT /api/tasks/3b107005-f4b8-40c2-954a-82077fd4d532 200 in 5ms (compile: 1383µs, render: 4ms)
 GET /api/tasks 200 in 6ms (compile: 2ms, render: 4ms)
 PUT /api/tasks/639890ca-de09-4b4b-a1f4-a5efc6b7b1b2 200 in 10ms (compile: 5ms, render: 5ms)
 PUT /api/tasks/3b107005-f4b8-40c2-954a-82077fd4d532 200 in 5ms (compile: 1504µs, render: 4ms)
 GET /api/tasks 200 in 6ms (compile: 3ms, render: 4ms)
 PUT /api/tasks/639890ca-de09-4b4b-a1f4-a5efc6b7b1b2 200 in 9ms (compile: 5ms, render: 5ms)
 PUT /api/tasks/3b107005-f4b8-40c2-954a-82077fd4d532 200 in 5ms (compile: 1438µs, render: 4ms)
 GET /api/tasks 200 in 6ms (compile: 2ms, render: 4ms)
 PUT /api/tasks/639890ca-de09-4b4b-a1f4-a5efc6b7b1b2 200 in 10ms (compile: 5ms, render: 5ms)
 PUT /api/tasks/3b107005-f4b8-40c2-954a-82077fd4d532 200 in 6ms (compile: 1896µs, render: 4ms)
 GET /api/tasks 200 in 5ms (compile: 1841µs, render: 4ms)
 PUT /api/tasks/639890ca-de09-4b4b-a1f4-a5efc6b7b1b2 200 in 10ms (compile: 5ms, render: 5ms)
 PUT /api/tasks/3b107005-f4b8-40c2-954a-82077fd4d532 200 in 5ms (compile: 1442µs, render: 4ms)
 GET /api/tasks 200 in 5ms (compile: 1782µs, render: 4ms)
 PUT /api/tasks/639890ca-de09-4b4b-a1f4-a5efc6b7b1b2 200 in 10ms (compile: 5ms, render: 5ms)
 PUT /api/tasks/3b107005-f4b8-40c2-954a-82077fd4d532 200 in 6ms (compile: 1736µs, render: 5ms)
 GET /api/tasks 200 in 6ms (compile: 2ms, render: 4ms)
 PUT /api/tasks/639890ca-de09-4b4b-a1f4-a5efc6b7b1b2 200 in 11ms (compile: 6ms, render: 6ms)
 PUT /api/tasks/3b107005-f4b8-40c2-954a-82077fd4d532 200 in 5ms (compile: 1956µs, render: 3ms)
 GET /api/tasks 200 in 5ms (compile: 1691µs, render: 3ms)
 PUT /api/tasks/639890ca-de09-4b4b-a1f4-a5efc6b7b1b2 200 in 10ms (compile: 5ms, render: 5ms)
 PUT /api/tasks/3b107005-f4b8-40c2-954a-82077fd4d532 200 in 7ms (compile: 2ms, render: 5ms)
 GET /api/tasks 200 in 5ms (compile: 1769µs, render: 3ms)
 PUT /api/tasks/639890ca-de09-4b4b-a1f4-a5efc6b7b1b2 200 in 11ms (compile: 5ms, render: 6ms)
 PUT /api/tasks/3b107005-f4b8-40c2-954a-82077fd4d532 200 in 6ms (compile: 1337µs, render: 5ms)
 GET /api/tasks 200 in 7ms (compile: 3ms, render: 4ms)
 PUT /api/tasks/639890ca-de09-4b4b-a1f4-a5efc6b7b1b2 200 in 10ms (compile: 5ms, render: 5ms)
 PUT /api/tasks/3b107005-f4b8-40c2-954a-82077fd4d532 200 in 5ms (compile: 1717µs, render: 4ms)
 GET /api/tasks 200 in 5ms (compile: 2ms, render: 3ms)
 PUT /api/tasks/639890ca-de09-4b4b-a1f4-a5efc6b7b1b2 200 in 9ms (compile: 4ms, render: 5ms)
 PUT /api/tasks/3b107005-f4b8-40c2-954a-82077fd4d532 200 in 6ms (compile: 1698µs, render: 5ms)
 GET /api/tasks 200 in 5ms (compile: 1811µs, render: 3ms)
 PUT /api/tasks/639890ca-de09-4b4b-a1f4-a5efc6b7b1b2 200 in 11ms (compile: 5ms, render: 5ms)
 PUT /api/tasks/3b107005-f4b8-40c2-954a-82077fd4d532 200 in 6ms (compile: 2ms, render: 4ms)
 GET /api/tasks 200 in 4ms (compile: 1553µs, render: 3ms)
 PUT /api/tasks/639890ca-de09-4b4b-a1f4-a5efc6b7b1b2 200 in 7ms (compile: 3ms, render: 4ms)
 PUT /api/tasks/3b107005-f4b8-40c2-954a-82077fd4d532 200 in 5ms (compile: 1464µs, render: 4ms)
 GET /api/tasks 200 in 5ms (compile: 1739µs, render: 3ms)
 PUT /api/tasks/639890ca-de09-4b4b-a1f4-a5efc6b7b1b2 200 in 11ms (compile: 5ms, render: 5ms)
 PUT /api/tasks/3b107005-f4b8-40c2-954a-82077fd4d532 200 in 6ms (compile: 1460µs, render: 5ms)
 GET /api/tasks 200 in 5ms (compile: 1792µs, render: 4ms)
 PUT /api/tasks/639890ca-de09-4b4b-a1f4-a5efc6b7b1b2 200 in 10ms (compile: 5ms, render: 5ms)
 PUT /api/tasks/3b107005-f4b8-40c2-954a-82077fd4d532 200 in 5ms (compile: 1276µs, render: 4ms)
 GET /api/tasks 200 in 6ms (compile: 2ms, render: 4ms)
 PUT /api/tasks/639890ca-de09-4b4b-a1f4-a5efc6b7b1b2 200 in 11ms (compile: 5ms, render: 6ms)
 PUT /api/tasks/3b107005-f4b8-40c2-954a-82077fd4d532 200 in 6ms (compile: 1544µs, render: 4ms)
 GET /api/tasks 200 in 5ms (compile: 1680µs, render: 4ms)
 PUT /api/tasks/639890ca-de09-4b4b-a1f4-a5efc6b7b1b2 200 in 10ms (compile: 5ms, render: 5ms)
 PUT /api/tasks/3b107005-f4b8-40c2-954a-82077fd4d532 200 in 5ms (compile: 1751µs, render: 4ms)
 GET /api/tasks 200 in 5ms (compile: 1637µs, render: 3ms)
 PUT /api/tasks/639890ca-de09-4b4b-a1f4-a5efc6b7b1b2 200 in 8ms (compile: 3ms, render: 5ms)
 PUT /api/tasks/3b107005-f4b8-40c2-954a-82077fd4d532 200 in 5ms (compile: 1471µs, render: 4ms)
 GET /api/tasks 200 in 5ms (compile: 1589µs, render: 4ms)
 PUT /api/tasks/639890ca-de09-4b4b-a1f4-a5efc6b7b1b2 200 in 11ms (compile: 5ms, render: 6ms)
 PUT /api/tasks/3b107005-f4b8-40c2-954a-82077fd4d532 200 in 6ms (compile: 1753µs, render: 4ms)
 GET /api/tasks 200 in 6ms (compile: 1918µs, render: 4ms)
 PUT /api/tasks/639890ca-de09-4b4b-a1f4-a5efc6b7b1b2 200 in 10ms (compile: 4ms, render: 6ms)
 PUT /api/tasks/3b107005-f4b8-40c2-954a-82077fd4d532 200 in 6ms (compile: 1358µs, render: 5ms)
 GET /api/tasks 200 in 6ms (compile: 2ms, render: 3ms)
 PUT /api/tasks/639890ca-de09-4b4b-a1f4-a5efc6b7b1b2 200 in 10ms (compile: 5ms, render: 5ms)
 PUT /api/tasks/3b107005-f4b8-40c2-954a-82077fd4d532 200 in 5ms (compile: 1085µs, render: 4ms)
 GET /api/tasks 200 in 5ms (compile: 1765µs, render: 3ms)
 PUT /api/tasks/639890ca-de09-4b4b-a1f4-a5efc6b7b1b2 200 in 11ms (compile: 5ms, render: 6ms)
 PUT /api/tasks/3b107005-f4b8-40c2-954a-82077fd4d532 200 in 6ms (compile: 1662µs, render: 4ms)
 GET /api/tasks 200 in 5ms (compile: 2ms, render: 3ms)
 PUT /api/tasks/639890ca-de09-4b4b-a1f4-a5efc6b7b1b2 200 in 8ms (compile: 4ms, render: 5ms)
 PUT /api/tasks/3b107005-f4b8-40c2-954a-82077fd4d532 200 in 5ms (compile: 1648µs, render: 4ms)
 GET /api/tasks 200 in 5ms (compile: 1603µs, render: 4ms)
 PUT /api/tasks/639890ca-de09-4b4b-a1f4-a5efc6b7b1b2 200 in 10ms (compile: 4ms, render: 6ms)
 PUT /api/tasks/3b107005-f4b8-40c2-954a-82077fd4d532 200 in 5ms (compile: 1167µs, render: 3ms)
 GET /api/tasks 200 in 6ms (compile: 2ms, render: 3ms)
 PUT /api/tasks/639890ca-de09-4b4b-a1f4-a5efc6b7b1b2 200 in 10ms (compile: 5ms, render: 5ms)
 PUT /api/tasks/3b107005-f4b8-40c2-954a-82077fd4d532 200 in 6ms (compile: 1502µs, render: 5ms)
 GET /api/tasks 200 in 5ms (compile: 1828µs, render: 3ms)
 PUT /api/tasks/639890ca-de09-4b4b-a1f4-a5efc6b7b1b2 200 in 11ms (compile: 5ms, render: 6ms)
 PUT /api/tasks/3b107005-f4b8-40c2-954a-82077fd4d532 200 in 6ms (compile: 1884µs, render: 4ms)
 GET /api/tasks 200 in 5ms (compile: 1647µs, render: 3ms)
 PUT /api/tasks/639890ca-de09-4b4b-a1f4-a5efc6b7b1b2 200 in 10ms (compile: 5ms, render: 5ms)
 PUT /api/tasks/3b107005-f4b8-40c2-954a-82077fd4d532 200 in 7ms (compile: 2ms, render: 5ms)
 GET /api/tasks 200 in 5ms (compile: 1843µs, render: 3ms)
 PUT /api/tasks/639890ca-de09-4b4b-a1f4-a5efc6b7b1b2 200 in 10ms (compile: 4ms, render: 6ms)
 PUT /api/tasks/3b107005-f4b8-40c2-954a-82077fd4d532 200 in 6ms (compile: 1523µs, render: 5ms)
 GET /api/tasks 200 in 6ms (compile: 1955µs, render: 4ms)
 PUT /api/tasks/639890ca-de09-4b4b-a1f4-a5efc6b7b1b2 200 in 11ms (compile: 5ms, render: 6ms)
 PUT /api/tasks/3b107005-f4b8-40c2-954a-82077fd4d532 200 in 6ms (compile: 1822µs, render: 5ms)
 GET /api/tasks 200 in 6ms (compile: 2ms, render: 4ms)
 PUT /api/tasks/639890ca-de09-4b4b-a1f4-a5efc6b7b1b2 200 in 10ms (compile: 5ms, render: 5ms)
 PUT /api/tasks/3b107005-f4b8-40c2-954a-82077fd4d532 200 in 6ms (compile: 1798µs, render: 4ms)
 GET /api/tasks 200 in 5ms (compile: 1479µs, render: 4ms)
 PUT /api/tasks/639890ca-de09-4b4b-a1f4-a5efc6b7b1b2 200 in 10ms (compile: 5ms, render: 5ms)
 PUT /api/tasks/3b107005-f4b8-40c2-954a-82077fd4d532 200 in 6ms (compile: 1678µs, render: 4ms)
 GET /api/tasks 200 in 6ms (compile: 2ms, render: 3ms)
 PUT /api/tasks/639890ca-de09-4b4b-a1f4-a5efc6b7b1b2 200 in 11ms (compile: 5ms, render: 5ms)
 PUT /api/tasks/3b107005-f4b8-40c2-954a-82077fd4d532 200 in 7ms (compile: 2ms, render: 4ms)
 GET /api/tasks 200 in 5ms (compile: 1553µs, render: 3ms)
 PUT /api/tasks/639890ca-de09-4b4b-a1f4-a5efc6b7b1b2 200 in 9ms (compile: 4ms, render: 5ms)
 PUT /api/tasks/3b107005-f4b8-40c2-954a-82077fd4d532 200 in 6ms (compile: 1775µs, render: 4ms)
 GET /api/tasks 200 in 6ms (compile: 1860µs, render: 4ms)
 PUT /api/tasks/639890ca-de09-4b4b-a1f4-a5efc6b7b1b2 200 in 10ms (compile: 5ms, render: 5ms)
 PUT /api/tasks/3b107005-f4b8-40c2-954a-82077fd4d532 200 in 6ms (compile: 1606µs, render: 4ms)
 GET /api/tasks 200 in 6ms (compile: 2ms, render: 4ms)
 PUT /api/tasks/639890ca-de09-4b4b-a1f4-a5efc6b7b1b2 200 in 10ms (compile: 5ms, render: 5ms)
 PUT /api/tasks/3b107005-f4b8-40c2-954a-82077fd4d532 200 in 5ms (compile: 1507µs, render: 4ms)
 GET /api/tasks 200 in 6ms (compile: 2ms, render: 4ms)
 PUT /api/tasks/639890ca-de09-4b4b-a1f4-a5efc6b7b1b2 200 in 10ms (compile: 5ms, render: 5ms)
 PUT /api/tasks/3b107005-f4b8-40c2-954a-82077fd4d532 200 in 6ms (compile: 1693µs, render: 5ms)
 GET /api/tasks 200 in 6ms (compile: 2ms, render: 4ms)
 PUT /api/tasks/639890ca-de09-4b4b-a1f4-a5efc6b7b1b2 200 in 11ms (compile: 6ms, render: 5ms)
 PUT /api/tasks/3b107005-f4b8-40c2-954a-82077fd4d532 200 in 6ms (compile: 1646µs, render: 4ms)
 GET /api/tasks 200 in 6ms (compile: 2ms, render: 4ms)
 PUT /api/tasks/639890ca-de09-4b4b-a1f4-a5efc6b7b1b2 200 in 10ms (compile: 4ms, render: 5ms)
 PUT /api/tasks/3b107005-f4b8-40c2-954a-82077fd4d532 200 in 5ms (compile: 1391µs, render: 4ms)
 GET /api/tasks 200 in 6ms (compile: 2ms, render: 4ms)
 PUT /api/tasks/639890ca-de09-4b4b-a1f4-a5efc6b7b1b2 200 in 10ms (compile: 5ms, render: 5ms)
 PUT /api/tasks/3b107005-f4b8-40c2-954a-82077fd4d532 200 in 5ms (compile: 1361µs, render: 4ms)
 GET /api/tasks 200 in 6ms (compile: 2ms, render: 4ms)
 PUT /api/tasks/639890ca-de09-4b4b-a1f4-a5efc6b7b1b2 200 in 11ms (compile: 5ms, render: 5ms)
 PUT /api/tasks/3b107005-f4b8-40c2-954a-82077fd4d532 200 in 5ms (compile: 1416µs, render: 4ms)
 GET /api/tasks 200 in 6ms (compile: 2ms, render: 3ms)
 PUT /api/tasks/639890ca-de09-4b4b-a1f4-a5efc6b7b1b2 200 in 10ms (compile: 5ms, render: 5ms)
 PUT /api/tasks/3b107005-f4b8-40c2-954a-82077fd4d532 200 in 5ms (compile: 1419µs, render: 4ms)
 GET /api/tasks 200 in 6ms (compile: 1741µs, render: 4ms)
 PUT /api/tasks/639890ca-de09-4b4b-a1f4-a5efc6b7b1b2 200 in 9ms (compile: 4ms, render: 5ms)
 PUT /api/tasks/3b107005-f4b8-40c2-954a-82077fd4d532 200 in 5ms (compile: 1129µs, render: 3ms)
 GET /api/tasks 200 in 6ms (compile: 3ms, render: 3ms)
 PUT /api/tasks/639890ca-de09-4b4b-a1f4-a5efc6b7b1b2 200 in 9ms (compile: 4ms, render: 5ms)
 PUT /api/tasks/3b107005-f4b8-40c2-954a-82077fd4d532 200 in 5ms (compile: 1470µs, render: 4ms)
 GET /api/tasks 200 in 6ms (compile: 2ms, render: 4ms)
 PUT /api/tasks/639890ca-de09-4b4b-a1f4-a5efc6b7b1b2 200 in 10ms (compile: 5ms, render: 5ms)
 PUT /api/tasks/3b107005-f4b8-40c2-954a-82077fd4d532 200 in 5ms (compile: 1509µs, render: 4ms)
 GET /api/tasks 200 in 6ms (compile: 2ms, render: 4ms)
 PUT /api/tasks/639890ca-de09-4b4b-a1f4-a5efc6b7b1b2 200 in 10ms (compile: 5ms, render: 5ms)
 PUT /api/tasks/3b107005-f4b8-40c2-954a-82077fd4d532 200 in 5ms (compile: 1496µs, render: 4ms)
 GET /api/tasks 200 in 6ms (compile: 2ms, render: 4ms)
 PUT /api/tasks/639890ca-de09-4b4b-a1f4-a5efc6b7b1b2 200 in 11ms (compile: 6ms, render: 5ms)
 PUT /api/tasks/3b107005-f4b8-40c2-954a-82077fd4d532 200 in 5ms (compile: 1504µs, render: 4ms)
 GET /api/tasks 200 in 6ms (compile: 2ms, render: 4ms)
 PUT /api/tasks/639890ca-de09-4b4b-a1f4-a5efc6b7b1b2 200 in 10ms (compile: 5ms, render: 5ms)
 PUT /api/tasks/3b107005-f4b8-40c2-954a-82077fd4d532 200 in 5ms (compile: 1423µs, render: 4ms)
 GET /api/tasks 200 in 6ms (compile: 2ms, render: 4ms)
 PUT /api/tasks/639890ca-de09-4b4b-a1f4-a5efc6b7b1b2 200 in 9ms (compile: 5ms, render: 5ms)
 PUT /api/tasks/3b107005-f4b8-40c2-954a-82077fd4d532 200 in 5ms (compile: 1316µs, render: 4ms)
 GET /api/tasks 200 in 6ms (compile: 2ms, render: 4ms)
 PUT /api/tasks/639890ca-de09-4b4b-a1f4-a5efc6b7b1b2 200 in 10ms (compile: 5ms, render: 5ms)
 PUT /api/tasks/3b107005-f4b8-40c2-954a-82077fd4d532 200 in 6ms (compile: 1508µs, render: 4ms)
 GET /api/tasks 200 in 6ms (compile: 2ms, render: 4ms)
 PUT /api/tasks/639890ca-de09-4b4b-a1f4-a5efc6b7b1b2 200 in 10ms (compile: 4ms, render: 5ms)
 PUT /api/tasks/3b107005-f4b8-40c2-954a-82077fd4d532 200 in 6ms (compile: 1514µs, render: 4ms)
 GET /api/tasks 200 in 6ms (compile: 2ms, render: 4ms)
 PUT /api/tasks/639890ca-de09-4b4b-a1f4-a5efc6b7b1b2 200 in 9ms (compile: 4ms, render: 5ms)
 PUT /api/tasks/3b107005-f4b8-40c2-954a-82077fd4d532 200 in 6ms (compile: 1840µs, render: 4ms)
 GET /api/tasks 200 in 6ms (compile: 2ms, render: 4ms)
 PUT /api/tasks/639890ca-de09-4b4b-a1f4-a5efc6b7b1b2 200 in 10ms (compile: 5ms, render: 5ms)
 PUT /api/tasks/3b107005-f4b8-40c2-954a-82077fd4d532 200 in 5ms (compile: 1492µs, render: 4ms)
 GET /api/tasks 200 in 6ms (compile: 3ms, render: 3ms)
 PUT /api/tasks/639890ca-de09-4b4b-a1f4-a5efc6b7b1b2 200 in 9ms (compile: 4ms, render: 5ms)
 PUT /api/tasks/3b107005-f4b8-40c2-954a-82077fd4d532 200 in 5ms (compile: 1420µs, render: 4ms)
 GET /api/tasks 200 in 6ms (compile: 2ms, render: 4ms)
 PUT /api/tasks/639890ca-de09-4b4b-a1f4-a5efc6b7b1b2 200 in 11ms (compile: 5ms, render: 5ms)
 PUT /api/tasks/3b107005-f4b8-40c2-954a-82077fd4d532 200 in 6ms (compile: 1573µs, render: 4ms)
 GET /api/tasks 200 in 6ms (compile: 2ms, render: 4ms)
 PUT /api/tasks/639890ca-de09-4b4b-a1f4-a5efc6b7b1b2 200 in 10ms (compile: 5ms, render: 5ms)
 PUT /api/tasks/3b107005-f4b8-40c2-954a-82077fd4d532 200 in 6ms (compile: 1466µs, render: 4ms)
 GET /api/tasks 200 in 6ms (compile: 2ms, render: 4ms)
 PUT /api/tasks/639890ca-de09-4b4b-a1f4-a5efc6b7b1b2 200 in 11ms (compile: 6ms, render: 5ms)
 PUT /api/tasks/3b107005-f4b8-40c2-954a-82077fd4d532 200 in 5ms (compile: 1489µs, render: 4ms)
 GET /api/tasks 200 in 6ms (compile: 2ms, render: 4ms)
 PUT /api/tasks/639890ca-de09-4b4b-a1f4-a5efc6b7b1b2 200 in 10ms (compile: 5ms, render: 5ms)
 PUT /api/tasks/3b107005-f4b8-40c2-954a-82077fd4d532 200 in 6ms (compile: 2ms, render: 4ms)
 GET /api/tasks 200 in 6ms (compile: 2ms, render: 4ms)
 PUT /api/tasks/639890ca-de09-4b4b-a1f4-a5efc6b7b1b2 200 in 10ms (compile: 5ms, render: 5ms)
 PUT /api/tasks/3b107005-f4b8-40c2-954a-82077fd4d532 200 in 5ms (compile: 1475µs, render: 4ms)
 GET /api/tasks 200 in 6ms (compile: 2ms, render: 3ms)
 PUT /api/tasks/639890ca-de09-4b4b-a1f4-a5efc6b7b1b2 200 in 9ms (compile: 4ms, render: 5ms)
 PUT /api/tasks/3b107005-f4b8-40c2-954a-82077fd4d532 200 in 5ms (compile: 1373µs, render: 4ms)
 GET /api/tasks 200 in 6ms (compile: 2ms, render: 4ms)
 PUT /api/tasks/639890ca-de09-4b4b-a1f4-a5efc6b7b1b2 200 in 10ms (compile: 5ms, render: 5ms)
 PUT /api/tasks/3b107005-f4b8-40c2-954a-82077fd4d532 200 in 5ms (compile: 1384µs, render: 4ms)
 GET /api/tasks 200 in 6ms (compile: 2ms, render: 3ms)
 PUT /api/tasks/639890ca-de09-4b4b-a1f4-a5efc6b7b1b2 200 in 10ms (compile: 5ms, render: 5ms)
 PUT /api/tasks/3b107005-f4b8-40c2-954a-82077fd4d532 200 in 5ms (compile: 1455µs, render: 4ms)
 GET /api/tasks 200 in 4ms (compile: 1706µs, render: 2ms)
 PUT /api/tasks/639890ca-de09-4b4b-a1f4-a5efc6b7b1b2 200 in 6ms (compile: 3ms, render: 3ms)
 PUT /api/tasks/3b107005-f4b8-40c2-954a-82077fd4d532 200 in 4ms (compile: 1174µs, render: 3ms)
 GET /api/tasks 200 in 6ms (compile: 2ms, render: 3ms)
 PUT /api/tasks/639890ca-de09-4b4b-a1f4-a5efc6b7b1b2 200 in 10ms (compile: 5ms, render: 5ms)
 PUT /api/tasks/3b107005-f4b8-40c2-954a-82077fd4d532 200 in 5ms (compile: 1752µs, render: 4ms)
 GET /api/tasks 200 in 5ms (compile: 1547µs, render: 4ms)
 PUT /api/tasks/639890ca-de09-4b4b-a1f4-a5efc6b7b1b2 200 in 10ms (compile: 6ms, render: 5ms)
 PUT /api/tasks/3b107005-f4b8-40c2-954a-82077fd4d532 200 in 5ms (compile: 1479µs, render: 4ms)
 GET /api/tasks 200 in 5ms (compile: 2ms, render: 3ms)
 PUT /api/tasks/639890ca-de09-4b4b-a1f4-a5efc6b7b1b2 200 in 10ms (compile: 5ms, render: 5ms)
 PUT /api/tasks/3b107005-f4b8-40c2-954a-82077fd4d532 200 in 5ms (compile: 1482µs, render: 4ms)
 GET /api/tasks 200 in 6ms (compile: 2ms, render: 4ms)
 PUT /api/tasks/639890ca-de09-4b4b-a1f4-a5efc6b7b1b2 200 in 10ms (compile: 5ms, render: 5ms)
 PUT /api/tasks/3b107005-f4b8-40c2-954a-82077fd4d532 200 in 6ms (compile: 1467µs, render: 4ms)
 GET /api/tasks 200 in 6ms (compile: 2ms, render: 4ms)
 PUT /api/tasks/639890ca-de09-4b4b-a1f4-a5efc6b7b1b2 200 in 10ms (compile: 5ms, render: 5ms)
 PUT /api/tasks/3b107005-f4b8-40c2-954a-82077fd4d532 200 in 6ms (compile: 1775µs, render: 4ms)
 GET /api/tasks 200 in 6ms (compile: 2ms, render: 4ms)
 PUT /api/tasks/639890ca-de09-4b4b-a1f4-a5efc6b7b1b2 200 in 9ms (compile: 4ms, render: 5ms)
 PUT /api/tasks/3b107005-f4b8-40c2-954a-82077fd4d532 200 in 5ms (compile: 1313µs, render: 4ms)
 GET /api/tasks 200 in 5ms (compile: 2ms, render: 3ms)
 PUT /api/tasks/639890ca-de09-4b4b-a1f4-a5efc6b7b1b2 200 in 10ms (compile: 4ms, render: 5ms)
 PUT /api/tasks/3b107005-f4b8-40c2-954a-82077fd4d532 200 in 5ms (compile: 1352µs, render: 4ms)
 GET /api/tasks 200 in 6ms (compile: 2ms, render: 4ms)
 PUT /api/tasks/639890ca-de09-4b4b-a1f4-a5efc6b7b1b2 200 in 11ms (compile: 5ms, render: 5ms)
 PUT /api/tasks/3b107005-f4b8-40c2-954a-82077fd4d532 200 in 5ms (compile: 1455µs, render: 4ms)
 GET /api/tasks 200 in 6ms (compile: 2ms, render: 4ms)
 PUT /api/tasks/639890ca-de09-4b4b-a1f4-a5efc6b7b1b2 200 in 10ms (compile: 5ms, render: 5ms)
 PUT /api/tasks/3b107005-f4b8-40c2-954a-82077fd4d532 200 in 5ms (compile: 1409µs, render: 4ms)
 GET /api/tasks 200 in 5ms (compile: 2ms, render: 3ms)
 PUT /api/tasks/639890ca-de09-4b4b-a1f4-a5efc6b7b1b2 200 in 10ms (compile: 5ms, render: 5ms)
 PUT /api/tasks/3b107005-f4b8-40c2-954a-82077fd4d532 200 in 5ms (compile: 1363µs, render: 4ms)
 GET /api/tasks 200 in 6ms (compile: 3ms, render: 3ms)
 PUT /api/tasks/639890ca-de09-4b4b-a1f4-a5efc6b7b1b2 200 in 9ms (compile: 5ms, render: 4ms)
 PUT /api/tasks/3b107005-f4b8-40c2-954a-82077fd4d532 200 in 5ms (compile: 1535µs, render: 4ms)
 GET /api/tasks 200 in 6ms (compile: 2ms, render: 4ms)
 PUT /api/tasks/639890ca-de09-4b4b-a1f4-a5efc6b7b1b2 200 in 10ms (compile: 5ms, render: 6ms)
 PUT /api/tasks/3b107005-f4b8-40c2-954a-82077fd4d532 200 in 6ms (compile: 1499µs, render: 4ms)
 GET /api/tasks 200 in 6ms (compile: 2ms, render: 4ms)
 PUT /api/tasks/639890ca-de09-4b4b-a1f4-a5efc6b7b1b2 200 in 11ms (compile: 5ms, render: 5ms)
 PUT /api/tasks/3b107005-f4b8-40c2-954a-82077fd4d532 200 in 5ms (compile: 1528µs, render: 4ms)
 GET /api/tasks 200 in 6ms (compile: 2ms, render: 4ms)
 PUT /api/tasks/639890ca-de09-4b4b-a1f4-a5efc6b7b1b2 200 in 10ms (compile: 5ms, render: 5ms)
 PUT /api/tasks/3b107005-f4b8-40c2-954a-82077fd4d532 200 in 6ms (compile: 1556µs, render: 4ms)
 GET /api/tasks 200 in 6ms (compile: 2ms, render: 4ms)
 PUT /api/tasks/639890ca-de09-4b4b-a1f4-a5efc6b7b1b2 200 in 10ms (compile: 5ms, render: 6ms)
 PUT /api/tasks/3b107005-f4b8-40c2-954a-82077fd4d532 200 in 6ms (compile: 3ms, render: 3ms)
 GET /api/tasks 200 in 6ms (compile: 2ms, render: 4ms)
 PUT /api/tasks/639890ca-de09-4b4b-a1f4-a5efc6b7b1b2 200 in 10ms (compile: 4ms, render: 7ms)
 PUT /api/tasks/3b107005-f4b8-40c2-954a-82077fd4d532 200 in 4ms (compile: 1120µs, render: 3ms)
 GET /api/tasks 200 in 6ms (compile: 2ms, render: 3ms)
 PUT /api/tasks/639890ca-de09-4b4b-a1f4-a5efc6b7b1b2 200 in 11ms (compile: 5ms, render: 5ms)
 PUT /api/tasks/3b107005-f4b8-40c2-954a-82077fd4d532 200 in 5ms (compile: 1394µs, render: 4ms)
 GET /api/tasks 200 in 6ms (compile: 2ms, render: 4ms)
 PUT /api/tasks/639890ca-de09-4b4b-a1f4-a5efc6b7b1b2 200 in 10ms (compile: 5ms, render: 5ms)
 PUT /api/tasks/3b107005-f4b8-40c2-954a-82077fd4d532 200 in 5ms (compile: 1424µs, render: 4ms)
 GET /api/tasks 200 in 6ms (compile: 2ms, render: 4ms)
 PUT /api/tasks/639890ca-de09-4b4b-a1f4-a5efc6b7b1b2 200 in 11ms (compile: 5ms, render: 6ms)
 PUT /api/tasks/3b107005-f4b8-40c2-954a-82077fd4d532 200 in 6ms (compile: 1485µs, render: 4ms)
 GET /api/tasks 200 in 6ms (compile: 2ms, render: 3ms)
 PUT /api/tasks/639890ca-de09-4b4b-a1f4-a5efc6b7b1b2 200 in 11ms (compile: 5ms, render: 5ms)
 PUT /api/tasks/3b107005-f4b8-40c2-954a-82077fd4d532 200 in 6ms (compile: 2ms, render: 4ms)
 GET /api/tasks 200 in 6ms (compile: 2ms, render: 4ms)
 PUT /api/tasks/639890ca-de09-4b4b-a1f4-a5efc6b7b1b2 200 in 10ms (compile: 5ms, render: 5ms)
 PUT /api/tasks/3b107005-f4b8-40c2-954a-82077fd4d532 200 in 6ms (compile: 1645µs, render: 5ms)
 GET /api/tasks 200 in 48ms (compile: 42ms, render: 6ms)
 PUT /api/tasks/639890ca-de09-4b4b-a1f4-a5efc6b7b1b2 200 in 5ms (compile: 3ms, render: 3ms)
 PUT /api/tasks/3b107005-f4b8-40c2-954a-82077fd4d532 200 in 2ms (compile: 576µs, render: 1717µs)
 GET /api/tasks 200 in 7ms (compile: 2ms, render: 5ms)
 PUT /api/tasks/639890ca-de09-4b4b-a1f4-a5efc6b7b1b2 200 in 10ms (compile: 5ms, render: 5ms)
 PUT /api/tasks/3b107005-f4b8-40c2-954a-82077fd4d532 200 in 6ms (compile: 1693µs, render: 5ms)
 GET /api/tasks 200 in 6ms (compile: 2ms, render: 4ms)
 PUT /api/tasks/639890ca-de09-4b4b-a1f4-a5efc6b7b1b2 200 in 11ms (compile: 4ms, render: 7ms)
 PUT /api/tasks/3b107005-f4b8-40c2-954a-82077fd4d532 200 in 4ms (compile: 1034µs, render: 3ms)
 GET /api/tasks 200 in 6ms (compile: 2ms, render: 4ms)
 PUT /api/tasks/639890ca-de09-4b4b-a1f4-a5efc6b7b1b2 200 in 10ms (compile: 5ms, render: 5ms)
 PUT /api/tasks/3b107005-f4b8-40c2-954a-82077fd4d532 200 in 6ms (compile: 1521µs, render: 4ms)
 GET /api/tasks 200 in 6ms (compile: 2ms, render: 4ms)
 PUT /api/tasks/639890ca-de09-4b4b-a1f4-a5efc6b7b1b2 200 in 11ms (compile: 5ms, render: 6ms)
 PUT /api/tasks/3b107005-f4b8-40c2-954a-82077fd4d532 200 in 6ms (compile: 1497µs, render: 4ms)
 GET /api/tasks 200 in 6ms (compile: 2ms, render: 4ms)
 PUT /api/tasks/639890ca-de09-4b4b-a1f4-a5efc6b7b1b2 200 in 11ms (compile: 5ms, render: 6ms)
 PUT /api/tasks/3b107005-f4b8-40c2-954a-82077fd4d532 200 in 6ms (compile: 1737µs, render: 5ms)
 GET /api/tasks 200 in 6ms (compile: 2ms, render: 4ms)
 PUT /api/tasks/639890ca-de09-4b4b-a1f4-a5efc6b7b1b2 200 in 11ms (compile: 5ms, render: 6ms)
 PUT /api/tasks/3b107005-f4b8-40c2-954a-82077fd4d532 200 in 6ms (compile: 1571µs, render: 5ms)
 GET /api/tasks 200 in 6ms (compile: 2ms, render: 4ms)
 PUT /api/tasks/639890ca-de09-4b4b-a1f4-a5efc6b7b1b2 200 in 10ms (compile: 5ms, render: 6ms)
 PUT /api/tasks/3b107005-f4b8-40c2-954a-82077fd4d532 200 in 5ms (compile: 1525µs, render: 4ms)
 GET /api/tasks 200 in 6ms (compile: 2ms, render: 4ms)
 PUT /api/tasks/639890ca-de09-4b4b-a1f4-a5efc6b7b1b2 200 in 10ms (compile: 5ms, render: 5ms)
 PUT /api/tasks/3b107005-f4b8-40c2-954a-82077fd4d532 200 in 5ms (compile: 1486µs, render: 4ms)
 GET /api/tasks 200 in 6ms (compile: 2ms, render: 4ms)
 PUT /api/tasks/639890ca-de09-4b4b-a1f4-a5efc6b7b1b2 200 in 10ms (compile: 5ms, render: 5ms)
 PUT /api/tasks/3b107005-f4b8-40c2-954a-82077fd4d532 200 in 5ms (compile: 1498µs, render: 4ms)
 GET /api/tasks 200 in 6ms (compile: 2ms, render: 4ms)
 PUT /api/tasks/639890ca-de09-4b4b-a1f4-a5efc6b7b1b2 200 in 9ms (compile: 5ms, render: 5ms)
 PUT /api/tasks/3b107005-f4b8-40c2-954a-82077fd4d532 200 in 5ms (compile: 1586µs, render: 4ms)
 GET /api/tasks 200 in 6ms (compile: 2ms, render: 4ms)
 PUT /api/tasks/639890ca-de09-4b4b-a1f4-a5efc6b7b1b2 200 in 10ms (compile: 5ms, render: 5ms)
 PUT /api/tasks/3b107005-f4b8-40c2-954a-82077fd4d532 200 in 5ms (compile: 1556µs, render: 4ms)
 GET /api/tasks 200 in 6ms (compile: 2ms, render: 4ms)
 PUT /api/tasks/639890ca-de09-4b4b-a1f4-a5efc6b7b1b2 200 in 10ms (compile: 5ms, render: 5ms)
 PUT /api/tasks/3b107005-f4b8-40c2-954a-82077fd4d532 200 in 6ms (compile: 3ms, render: 3ms)
 GET /api/tasks 200 in 5ms (compile: 1642µs, render: 3ms)
 PUT /api/tasks/639890ca-de09-4b4b-a1f4-a5efc6b7b1b2 200 in 10ms (compile: 4ms, render: 6ms)
 PUT /api/tasks/3b107005-f4b8-40c2-954a-82077fd4d532 200 in 5ms (compile: 1413µs, render: 4ms)
 GET /api/tasks 200 in 5ms (compile: 1647µs, render: 4ms)
 PUT /api/tasks/639890ca-de09-4b4b-a1f4-a5efc6b7b1b2 200 in 9ms (compile: 4ms, render: 5ms)
 PUT /api/tasks/3b107005-f4b8-40c2-954a-82077fd4d532 200 in 5ms (compile: 1454µs, render: 4ms)
 GET /api/tasks 200 in 6ms (compile: 2ms, render: 4ms)
 PUT /api/tasks/639890ca-de09-4b4b-a1f4-a5efc6b7b1b2 200 in 10ms (compile: 4ms, render: 5ms)
 PUT /api/tasks/3b107005-f4b8-40c2-954a-82077fd4d532 200 in 5ms (compile: 1385µs, render: 4ms)
 GET /api/tasks 200 in 6ms (compile: 2ms, render: 4ms)
 PUT /api/tasks/639890ca-de09-4b4b-a1f4-a5efc6b7b1b2 200 in 10ms (compile: 5ms, render: 5ms)
 PUT /api/tasks/3b107005-f4b8-40c2-954a-82077fd4d532 200 in 6ms (compile: 1435µs, render: 5ms)
 GET /api/tasks 200 in 3ms (compile: 1018µs, render: 2ms)
 PUT /api/tasks/639890ca-de09-4b4b-a1f4-a5efc6b7b1b2 200 in 6ms (compile: 2ms, render: 3ms)
 PUT /api/tasks/3b107005-f4b8-40c2-954a-82077fd4d532 200 in 4ms (compile: 1356µs, render: 3ms)
 GET /api/tasks 200 in 6ms (compile: 3ms, render: 4ms)
 PUT /api/tasks/639890ca-de09-4b4b-a1f4-a5efc6b7b1b2 200 in 10ms (compile: 5ms, render: 5ms)
 PUT /api/tasks/3b107005-f4b8-40c2-954a-82077fd4d532 200 in 5ms (compile: 1488µs, render: 4ms)
 GET /api/tasks 200 in 6ms (compile: 2ms, render: 4ms)
 PUT /api/tasks/639890ca-de09-4b4b-a1f4-a5efc6b7b1b2 200 in 10ms (compile: 5ms, render: 5ms)
 PUT /api/tasks/3b107005-f4b8-40c2-954a-82077fd4d532 200 in 5ms (compile: 1435µs, render: 4ms)
 GET /api/tasks 200 in 6ms (compile: 2ms, render: 4ms)
 PUT /api/tasks/639890ca-de09-4b4b-a1f4-a5efc6b7b1b2 200 in 10ms (compile: 5ms, render: 5ms)
 PUT /api/tasks/3b107005-f4b8-40c2-954a-82077fd4d532 200 in 5ms (compile: 1566µs, render: 4ms)
 GET /api/tasks 200 in 6ms (compile: 2ms, render: 4ms)
 PUT /api/tasks/639890ca-de09-4b4b-a1f4-a5efc6b7b1b2 200 in 11ms (compile: 6ms, render: 5ms)
 PUT /api/tasks/3b107005-f4b8-40c2-954a-82077fd4d532 200 in 5ms (compile: 1546µs, render: 4ms)
 GET /api/tasks 200 in 6ms (compile: 2ms, render: 4ms)
 PUT /api/tasks/639890ca-de09-4b4b-a1f4-a5efc6b7b1b2 200 in 13ms (compile: 5ms, render: 8ms)
 PUT /api/tasks/3b107005-f4b8-40c2-954a-82077fd4d532 200 in 4ms (compile: 1070µs, render: 3ms)
 GET /api/tasks 200 in 6ms (compile: 2ms, render: 4ms)
 PUT /api/tasks/639890ca-de09-4b4b-a1f4-a5efc6b7b1b2 200 in 10ms (compile: 5ms, render: 5ms)
 PUT /api/tasks/3b107005-f4b8-40c2-954a-82077fd4d532 200 in 5ms (compile: 1399µs, render: 4ms)
 GET /api/tasks 200 in 6ms (compile: 2ms, render: 4ms)
 PUT /api/tasks/639890ca-de09-4b4b-a1f4-a5efc6b7b1b2 200 in 9ms (compile: 4ms, render: 5ms)
 PUT /api/tasks/3b107005-f4b8-40c2-954a-82077fd4d532 200 in 5ms (compile: 1573µs, render: 4ms)
 GET /api/tasks 200 in 6ms (compile: 2ms, render: 4ms)
 PUT /api/tasks/639890ca-de09-4b4b-a1f4-a5efc6b7b1b2 200 in 9ms (compile: 4ms, render: 5ms)
 PUT /api/tasks/3b107005-f4b8-40c2-954a-82077fd4d532 200 in 5ms (compile: 1455µs, render: 4ms)
✓ Compiled in 27ms
 GET /api/tasks 200 in 6ms (compile: 2ms, render: 4ms)
 PUT /api/tasks/639890ca-de09-4b4b-a1f4-a5efc6b7b1b2 200 in 11ms (compile: 6ms, render: 5ms)
 PUT /api/tasks/3b107005-f4b8-40c2-954a-82077fd4d532 200 in 6ms (compile: 1571µs, render: 4ms)
 GET /api/tasks 200 in 6ms (compile: 2ms, render: 4ms)
 PUT /api/tasks/639890ca-de09-4b4b-a1f4-a5efc6b7b1b2 200 in 10ms (compile: 5ms, render: 5ms)
 PUT /api/tasks/3b107005-f4b8-40c2-954a-82077fd4d532 200 in 6ms (compile: 1570µs, render: 5ms)
 GET /api/tasks 200 in 6ms (compile: 2ms, render: 4ms)
 PUT /api/tasks/639890ca-de09-4b4b-a1f4-a5efc6b7b1b2 200 in 9ms (compile: 4ms, render: 5ms)
 PUT /api/tasks/3b107005-f4b8-40c2-954a-82077fd4d532 200 in 5ms (compile: 1417µs, render: 4ms)
 GET /api/tasks 200 in 6ms (compile: 2ms, render: 4ms)
 PUT /api/tasks/639890ca-de09-4b4b-a1f4-a5efc6b7b1b2 200 in 11ms (compile: 6ms, render: 5ms)
 PUT /api/tasks/3b107005-f4b8-40c2-954a-82077fd4d532 200 in 6ms (compile: 2ms, render: 4ms)
✓ Compiled in 31ms
 GET /api/tasks 200 in 6ms (compile: 2ms, render: 4ms)
 PUT /api/tasks/639890ca-de09-4b4b-a1f4-a5efc6b7b1b2 200 in 10ms (compile: 5ms, render: 5ms)
 PUT /api/tasks/3b107005-f4b8-40c2-954a-82077fd4d532 200 in 5ms (compile: 1390µs, render: 4ms)
 GET /api/tasks 200 in 6ms (compile: 2ms, render: 4ms)
 PUT /api/tasks/639890ca-de09-4b4b-a1f4-a5efc6b7b1b2 200 in 10ms (compile: 5ms, render: 5ms)
 PUT /api/tasks/3b107005-f4b8-40c2-954a-82077fd4d532 200 in 5ms (compile: 1467µs, render: 4ms)
 GET /api/tasks 200 in 6ms (compile: 2ms, render: 4ms)
 PUT /api/tasks/639890ca-de09-4b4b-a1f4-a5efc6b7b1b2 200 in 11ms (compile: 5ms, render: 6ms)
 PUT /api/tasks/3b107005-f4b8-40c2-954a-82077fd4d532 200 in 7ms (compile: 2ms, render: 4ms)
 GET /api/tasks 200 in 6ms (compile: 2ms, render: 4ms)
 PUT /api/tasks/639890ca-de09-4b4b-a1f4-a5efc6b7b1b2 200 in 10ms (compile: 5ms, render: 5ms)
 PUT /api/tasks/3b107005-f4b8-40c2-954a-82077fd4d532 200 in 5ms (compile: 1415µs, render: 4ms)
 GET /api/tasks 200 in 6ms (compile: 2ms, render: 4ms)
 PUT /api/tasks/639890ca-de09-4b4b-a1f4-a5efc6b7b1b2 200 in 10ms (compile: 5ms, render: 5ms)
 PUT /api/tasks/3b107005-f4b8-40c2-954a-82077fd4d532 200 in 6ms (compile: 1435µs, render: 4ms)
 GET /api/tasks 200 in 6ms (compile: 3ms, render: 4ms)
 PUT /api/tasks/639890ca-de09-4b4b-a1f4-a5efc6b7b1b2 200 in 11ms (compile: 5ms, render: 5ms)
 PUT /api/tasks/3b107005-f4b8-40c2-954a-82077fd4d532 200 in 5ms (compile: 1668µs, render: 4ms)
 GET /api/tasks 200 in 5ms (compile: 1708µs, render: 3ms)
 PUT /api/tasks/639890ca-de09-4b4b-a1f4-a5efc6b7b1b2 200 in 10ms (compile: 5ms, render: 5ms)
 PUT /api/tasks/3b107005-f4b8-40c2-954a-82077fd4d532 200 in 6ms (compile: 1600µs, render: 4ms)
✓ Compiled in 15ms
 GET /api/tasks 200 in 5ms (compile: 2ms, render: 3ms)
 PUT /api/tasks/639890ca-de09-4b4b-a1f4-a5efc6b7b1b2 200 in 10ms (compile: 5ms, render: 5ms)
 PUT /api/tasks/3b107005-f4b8-40c2-954a-82077fd4d532 200 in 5ms (compile: 1733µs, render: 4ms)
 GET /api/tasks 200 in 6ms (compile: 2ms, render: 4ms)
 PUT /api/tasks/639890ca-de09-4b4b-a1f4-a5efc6b7b1b2 200 in 10ms (compile: 5ms, render: 6ms)
 PUT /api/tasks/3b107005-f4b8-40c2-954a-82077fd4d532 200 in 6ms (compile: 1536µs, render: 4ms)
 GET /api/tasks 200 in 6ms (compile: 2ms, render: 4ms)
 PUT /api/tasks/639890ca-de09-4b4b-a1f4-a5efc6b7b1b2 200 in 11ms (compile: 5ms, render: 6ms)
 PUT /api/tasks/3b107005-f4b8-40c2-954a-82077fd4d532 200 in 7ms (compile: 2ms, render: 5ms)
 GET /api/tasks 200 in 6ms (compile: 2ms, render: 4ms)
 PUT /api/tasks/639890ca-de09-4b4b-a1f4-a5efc6b7b1b2 200 in 11ms (compile: 5ms, render: 5ms)
 PUT /api/tasks/3b107005-f4b8-40c2-954a-82077fd4d532 200 in 6ms (compile: 1489µs, render: 4ms)
 GET /api/tasks 200 in 6ms (compile: 1857µs, render: 4ms)
 PUT /api/tasks/639890ca-de09-4b4b-a1f4-a5efc6b7b1b2 200 in 11ms (compile: 5ms, render: 6ms)
 PUT /api/tasks/3b107005-f4b8-40c2-954a-82077fd4d532 200 in 6ms (compile: 1609µs, render: 4ms)
 GET /api/tasks 200 in 6ms (compile: 2ms, render: 4ms)
 PUT /api/tasks/639890ca-de09-4b4b-a1f4-a5efc6b7b1b2 200 in 11ms (compile: 5ms, render: 6ms)
 PUT /api/tasks/3b107005-f4b8-40c2-954a-82077fd4d532 200 in 3ms (compile: 991µs, render: 2ms)
 GET /api/tasks 200 in 6ms (compile: 2ms, render: 4ms)
 PUT /api/tasks/639890ca-de09-4b4b-a1f4-a5efc6b7b1b2 200 in 10ms (compile: 5ms, render: 5ms)
 PUT /api/tasks/3b107005-f4b8-40c2-954a-82077fd4d532 200 in 5ms (compile: 1319µs, render: 4ms)
✓ Compiled in 42ms
 GET /api/tasks 200 in 6ms (compile: 2ms, render: 4ms)
 PUT /api/tasks/639890ca-de09-4b4b-a1f4-a5efc6b7b1b2 200 in 11ms (compile: 5ms, render: 6ms)
 PUT /api/tasks/3b107005-f4b8-40c2-954a-82077fd4d532 200 in 7ms (compile: 1717µs, render: 5ms)
 GET /api/tasks 200 in 6ms (compile: 2ms, render: 4ms)
 PUT /api/tasks/639890ca-de09-4b4b-a1f4-a5efc6b7b1b2 200 in 10ms (compile: 5ms, render: 5ms)
 PUT /api/tasks/3b107005-f4b8-40c2-954a-82077fd4d532 200 in 5ms (compile: 1408µs, render: 4ms)
 GET /api/tasks 200 in 6ms (compile: 2ms, render: 4ms)
 PUT /api/tasks/639890ca-de09-4b4b-a1f4-a5efc6b7b1b2 200 in 11ms (compile: 6ms, render: 6ms)
 PUT /api/tasks/3b107005-f4b8-40c2-954a-82077fd4d532 200 in 6ms (compile: 1465µs, render: 4ms)
 GET /api/tasks 200 in 6ms (compile: 2ms, render: 4ms)
 PUT /api/tasks/639890ca-de09-4b4b-a1f4-a5efc6b7b1b2 200 in 10ms (compile: 5ms, render: 6ms)
 PUT /api/tasks/3b107005-f4b8-40c2-954a-82077fd4d532 200 in 6ms (compile: 1569µs, render: 4ms)
 GET /api/tasks 200 in 5ms (compile: 1536µs, render: 4ms)
 PUT /api/tasks/639890ca-de09-4b4b-a1f4-a5efc6b7b1b2 200 in 10ms (compile: 5ms, render: 5ms)
 PUT /api/tasks/3b107005-f4b8-40c2-954a-82077fd4d532 200 in 5ms (compile: 1409µs, render: 4ms)
 GET /api/tasks 200 in 6ms (compile: 2ms, render: 4ms)
 PUT /api/tasks/639890ca-de09-4b4b-a1f4-a5efc6b7b1b2 200 in 10ms (compile: 5ms, render: 5ms)
 PUT /api/tasks/3b107005-f4b8-40c2-954a-82077fd4d532 200 in 5ms (compile: 1386µs, render: 4ms)
 GET /api/tasks 200 in 6ms (compile: 2ms, render: 4ms)
 PUT /api/tasks/639890ca-de09-4b4b-a1f4-a5efc6b7b1b2 200 in 10ms (compile: 5ms, render: 5ms)
 PUT /api/tasks/3b107005-f4b8-40c2-954a-82077fd4d532 200 in 5ms (compile: 1490µs, render: 4ms)
 GET /api/tasks 200 in 6ms (compile: 2ms, render: 4ms)
 PUT /api/tasks/639890ca-de09-4b4b-a1f4-a5efc6b7b1b2 200 in 10ms (compile: 4ms, render: 5ms)
 PUT /api/tasks/3b107005-f4b8-40c2-954a-82077fd4d532 200 in 6ms (compile: 1771µs, render: 5ms)
 GET /api/tasks 200 in 6ms (compile: 2ms, render: 4ms)
 PUT /api/tasks/639890ca-de09-4b4b-a1f4-a5efc6b7b1b2 200 in 11ms (compile: 5ms, render: 6ms)
 PUT /api/tasks/3b107005-f4b8-40c2-954a-82077fd4d532 200 in 5ms (compile: 1646µs, render: 3ms)
 GET /api/tasks 200 in 6ms (compile: 2ms, render: 4ms)
 PUT /api/tasks/639890ca-de09-4b4b-a1f4-a5efc6b7b1b2 200 in 10ms (compile: 5ms, render: 5ms)
 PUT /api/tasks/3b107005-f4b8-40c2-954a-82077fd4d532 200 in 5ms (compile: 1312µs, render: 4ms)
 GET /api/tasks 200 in 6ms (compile: 2ms, render: 4ms)
 PUT /api/tasks/639890ca-de09-4b4b-a1f4-a5efc6b7b1b2 200 in 10ms (compile: 5ms, render: 5ms)
 PUT /api/tasks/3b107005-f4b8-40c2-954a-82077fd4d532 200 in 5ms (compile: 1411µs, render: 4ms)
 GET /api/tasks 200 in 6ms (compile: 2ms, render: 4ms)
 PUT /api/tasks/639890ca-de09-4b4b-a1f4-a5efc6b7b1b2 200 in 10ms (compile: 5ms, render: 5ms)
 PUT /api/tasks/3b107005-f4b8-40c2-954a-82077fd4d532 200 in 5ms (compile: 1387µs, render: 4ms)
 GET /api/tasks 200 in 6ms (compile: 2ms, render: 4ms)
 PUT /api/tasks/639890ca-de09-4b4b-a1f4-a5efc6b7b1b2 200 in 6ms (compile: 3ms, render: 3ms)
 PUT /api/tasks/3b107005-f4b8-40c2-954a-82077fd4d532 200 in 4ms (compile: 1077µs, render: 3ms)
 GET /api/tasks 200 in 6ms (compile: 2ms, render: 4ms)
 PUT /api/tasks/639890ca-de09-4b4b-a1f4-a5efc6b7b1b2 200 in 9ms (compile: 4ms, render: 5ms)
 PUT /api/tasks/3b107005-f4b8-40c2-954a-82077fd4d532 200 in 7ms (compile: 2ms, render: 5ms)
 GET /api/tasks 200 in 6ms (compile: 2ms, render: 4ms)
 PUT /api/tasks/639890ca-de09-4b4b-a1f4-a5efc6b7b1b2 200 in 11ms (compile: 5ms, render: 6ms)
 PUT /api/tasks/3b107005-f4b8-40c2-954a-82077fd4d532 200 in 7ms (compile: 1743µs, render: 5ms)
 GET /api/tasks 200 in 6ms (compile: 1986µs, render: 4ms)
 PUT /api/tasks/639890ca-de09-4b4b-a1f4-a5efc6b7b1b2 200 in 9ms (compile: 4ms, render: 5ms)
 PUT /api/tasks/3b107005-f4b8-40c2-954a-82077fd4d532 200 in 6ms (compile: 1487µs, render: 4ms)
 GET /api/tasks 200 in 6ms (compile: 2ms, render: 4ms)
 PUT /api/tasks/639890ca-de09-4b4b-a1f4-a5efc6b7b1b2 200 in 10ms (compile: 5ms, render: 6ms)
 PUT /api/tasks/3b107005-f4b8-40c2-954a-82077fd4d532 200 in 7ms (compile: 1790µs, render: 5ms)
 GET /api/tasks 200 in 6ms (compile: 2ms, render: 4ms)
 PUT /api/tasks/639890ca-de09-4b4b-a1f4-a5efc6b7b1b2 200 in 10ms (compile: 5ms, render: 5ms)
 PUT /api/tasks/3b107005-f4b8-40c2-954a-82077fd4d532 200 in 5ms (compile: 1591µs, render: 4ms)
 GET /api/tasks 200 in 6ms (compile: 2ms, render: 4ms)
 PUT /api/tasks/639890ca-de09-4b4b-a1f4-a5efc6b7b1b2 200 in 11ms (compile: 5ms, render: 6ms)
 PUT /api/tasks/3b107005-f4b8-40c2-954a-82077fd4d532 200 in 3ms (compile: 857µs, render: 2ms)
 GET /api/tasks 200 in 6ms (compile: 2ms, render: 4ms)
 PUT /api/tasks/639890ca-de09-4b4b-a1f4-a5efc6b7b1b2 200 in 9ms (compile: 5ms, render: 5ms)
 PUT /api/tasks/3b107005-f4b8-40c2-954a-82077fd4d532 200 in 5ms (compile: 1328µs, render: 4ms)
 GET /api/tasks 200 in 6ms (compile: 2ms, render: 4ms)
 PUT /api/tasks/639890ca-de09-4b4b-a1f4-a5efc6b7b1b2 200 in 10ms (compile: 5ms, render: 5ms)
 PUT /api/tasks/3b107005-f4b8-40c2-954a-82077fd4d532 200 in 6ms (compile: 1895µs, render: 4ms)
 GET /api/tasks 200 in 6ms (compile: 2ms, render: 4ms)
 PUT /api/tasks/639890ca-de09-4b4b-a1f4-a5efc6b7b1b2 200 in 9ms (compile: 4ms, render: 5ms)
 PUT /api/tasks/3b107005-f4b8-40c2-954a-82077fd4d532 200 in 5ms (compile: 1464µs, render: 4ms)
 GET /api/tasks 200 in 6ms (compile: 2ms, render: 4ms)
 PUT /api/tasks/639890ca-de09-4b4b-a1f4-a5efc6b7b1b2 200 in 10ms (compile: 5ms, render: 5ms)
 PUT /api/tasks/3b107005-f4b8-40c2-954a-82077fd4d532 200 in 5ms (compile: 1472µs, render: 4ms)
 GET /api/tasks 200 in 6ms (compile: 2ms, render: 4ms)
 PUT /api/tasks/639890ca-de09-4b4b-a1f4-a5efc6b7b1b2 200 in 10ms (compile: 5ms, render: 5ms)
 PUT /api/tasks/3b107005-f4b8-40c2-954a-82077fd4d532 200 in 5ms (compile: 1427µs, render: 4ms)
 GET /api/tasks 200 in 6ms (compile: 2ms, render: 4ms)
 PUT /api/tasks/639890ca-de09-4b4b-a1f4-a5efc6b7b1b2 200 in 11ms (compile: 6ms, render: 6ms)
 PUT /api/tasks/3b107005-f4b8-40c2-954a-82077fd4d532 200 in 6ms (compile: 1536µs, render: 4ms)
 GET /api/tasks 200 in 6ms (compile: 2ms, render: 4ms)
 PUT /api/tasks/639890ca-de09-4b4b-a1f4-a5efc6b7b1b2 200 in 10ms (compile: 5ms, render: 5ms)
 PUT /api/tasks/3b107005-f4b8-40c2-954a-82077fd4d532 200 in 6ms (compile: 1565µs, render: 4ms)
 GET /api/tasks 200 in 6ms (compile: 2ms, render: 4ms)
 PUT /api/tasks/639890ca-de09-4b4b-a1f4-a5efc6b7b1b2 200 in 10ms (compile: 5ms, render: 5ms)
 PUT /api/tasks/3b107005-f4b8-40c2-954a-82077fd4d532 200 in 5ms (compile: 1426µs, render: 4ms)
 GET /api/tasks 200 in 6ms (compile: 2ms, render: 4ms)
 PUT /api/tasks/639890ca-de09-4b4b-a1f4-a5efc6b7b1b2 200 in 10ms (compile: 5ms, render: 5ms)
 PUT /api/tasks/3b107005-f4b8-40c2-954a-82077fd4d532 200 in 5ms (compile: 1745µs, render: 4ms)
 GET /api/tasks 200 in 5ms (compile: 1717µs, render: 3ms)
 PUT /api/tasks/639890ca-de09-4b4b-a1f4-a5efc6b7b1b2 200 in 10ms (compile: 5ms, render: 6ms)
 PUT /api/tasks/3b107005-f4b8-40c2-954a-82077fd4d532 200 in 7ms (compile: 3ms, render: 4ms)
 GET /api/tasks 200 in 6ms (compile: 2ms, render: 4ms)
 PUT /api/tasks/639890ca-de09-4b4b-a1f4-a5efc6b7b1b2 200 in 10ms (compile: 5ms, render: 5ms)
 PUT /api/tasks/3b107005-f4b8-40c2-954a-82077fd4d532 200 in 5ms (compile: 1380µs, render: 4ms)
 GET /api/tasks 200 in 6ms (compile: 1992µs, render: 4ms)
 PUT /api/tasks/639890ca-de09-4b4b-a1f4-a5efc6b7b1b2 200 in 11ms (compile: 5ms, render: 6ms)
 PUT /api/tasks/3b107005-f4b8-40c2-954a-82077fd4d532 200 in 5ms (compile: 1413µs, render: 4ms)
 GET /api/tasks 200 in 7ms (compile: 2ms, render: 4ms)
 PUT /api/tasks/639890ca-de09-4b4b-a1f4-a5efc6b7b1b2 200 in 9ms (compile: 5ms, render: 5ms)
 PUT /api/tasks/3b107005-f4b8-40c2-954a-82077fd4d532 200 in 5ms (compile: 1478µs, render: 4ms)
 GET /api/tasks 200 in 6ms (compile: 2ms, render: 4ms)
 PUT /api/tasks/639890ca-de09-4b4b-a1f4-a5efc6b7b1b2 200 in 9ms (compile: 4ms, render: 5ms)
 PUT /api/tasks/3b107005-f4b8-40c2-954a-82077fd4d532 200 in 6ms (compile: 1371µs, render: 5ms)
 GET /api/tasks 200 in 6ms (compile: 2ms, render: 4ms)
 PUT /api/tasks/639890ca-de09-4b4b-a1f4-a5efc6b7b1b2 200 in 10ms (compile: 5ms, render: 5ms)
 PUT /api/tasks/3b107005-f4b8-40c2-954a-82077fd4d532 200 in 6ms (compile: 1765µs, render: 4ms)
 GET /api/tasks 200 in 6ms (compile: 2ms, render: 4ms)
 PUT /api/tasks/639890ca-de09-4b4b-a1f4-a5efc6b7b1b2 200 in 9ms (compile: 5ms, render: 5ms)
 PUT /api/tasks/3b107005-f4b8-40c2-954a-82077fd4d532 200 in 5ms (compile: 1364µs, render: 4ms)
 GET /api/tasks 200 in 6ms (compile: 2ms, render: 4ms)
 PUT /api/tasks/639890ca-de09-4b4b-a1f4-a5efc6b7b1b2 200 in 11ms (compile: 6ms, render: 5ms)
 PUT /api/tasks/3b107005-f4b8-40c2-954a-82077fd4d532 200 in 6ms (compile: 1569µs, render: 4ms)
 GET /api/tasks 200 in 6ms (compile: 2ms, render: 4ms)
 PUT /api/tasks/639890ca-de09-4b4b-a1f4-a5efc6b7b1b2 200 in 10ms (compile: 5ms, render: 5ms)
 PUT /api/tasks/3b107005-f4b8-40c2-954a-82077fd4d532 200 in 5ms (compile: 1453µs, render: 4ms)
 GET /api/tasks 200 in 6ms (compile: 2ms, render: 4ms)
 PUT /api/tasks/639890ca-de09-4b4b-a1f4-a5efc6b7b1b2 200 in 9ms (compile: 4ms, render: 5ms)
 PUT /api/tasks/3b107005-f4b8-40c2-954a-82077fd4d532 200 in 5ms (compile: 1389µs, render: 4ms)
 GET /api/tasks 200 in 6ms (compile: 2ms, render: 4ms)
 PUT /api/tasks/639890ca-de09-4b4b-a1f4-a5efc6b7b1b2 200 in 12ms (compile: 5ms, render: 6ms)
 PUT /api/tasks/3b107005-f4b8-40c2-954a-82077fd4d532 200 in 4ms (compile: 960µs, render: 3ms)
 GET /api/tasks 200 in 6ms (compile: 2ms, render: 4ms)
 PUT /api/tasks/639890ca-de09-4b4b-a1f4-a5efc6b7b1b2 200 in 9ms (compile: 4ms, render: 5ms)
 PUT /api/tasks/3b107005-f4b8-40c2-954a-82077fd4d532 200 in 6ms (compile: 1289µs, render: 4ms)
 GET /api/tasks 200 in 6ms (compile: 2ms, render: 4ms)
 PUT /api/tasks/639890ca-de09-4b4b-a1f4-a5efc6b7b1b2 200 in 10ms (compile: 5ms, render: 5ms)
 PUT /api/tasks/3b107005-f4b8-40c2-954a-82077fd4d532 200 in 6ms (compile: 1785µs, render: 5ms)
 GET /api/tasks 200 in 6ms (compile: 2ms, render: 4ms)
 PUT /api/tasks/639890ca-de09-4b4b-a1f4-a5efc6b7b1b2 200 in 10ms (compile: 5ms, render: 5ms)
 PUT /api/tasks/3b107005-f4b8-40c2-954a-82077fd4d532 200 in 6ms (compile: 1457µs, render: 4ms)
 GET /api/tasks 200 in 6ms (compile: 2ms, render: 4ms)
 PUT /api/tasks/639890ca-de09-4b4b-a1f4-a5efc6b7b1b2 200 in 10ms (compile: 5ms, render: 5ms)
 PUT /api/tasks/3b107005-f4b8-40c2-954a-82077fd4d532 200 in 5ms (compile: 1366µs, render: 4ms)
 GET /api/tasks 200 in 6ms (compile: 2ms, render: 4ms)
 PUT /api/tasks/639890ca-de09-4b4b-a1f4-a5efc6b7b1b2 200 in 10ms (compile: 5ms, render: 5ms)
 PUT /api/tasks/3b107005-f4b8-40c2-954a-82077fd4d532 200 in 5ms (compile: 1480µs, render: 4ms)
 GET /api/tasks 200 in 6ms (compile: 2ms, render: 4ms)
 PUT /api/tasks/639890ca-de09-4b4b-a1f4-a5efc6b7b1b2 200 in 10ms (compile: 5ms, render: 5ms)
 PUT /api/tasks/3b107005-f4b8-40c2-954a-82077fd4d532 200 in 6ms (compile: 1823µs, render: 4ms)
 GET /api/tasks 200 in 6ms (compile: 2ms, render: 4ms)
 PUT /api/tasks/639890ca-de09-4b4b-a1f4-a5efc6b7b1b2 200 in 11ms (compile: 5ms, render: 5ms)
 PUT /api/tasks/3b107005-f4b8-40c2-954a-82077fd4d532 200 in 5ms (compile: 1480µs, render: 4ms)
 GET /api/tasks 200 in 6ms (compile: 2ms, render: 4ms)
 PUT /api/tasks/639890ca-de09-4b4b-a1f4-a5efc6b7b1b2 200 in 10ms (compile: 5ms, render: 5ms)
 PUT /api/tasks/3b107005-f4b8-40c2-954a-82077fd4d532 200 in 5ms (compile: 1419µs, render: 4ms)
 GET /api/tasks 200 in 6ms (compile: 2ms, render: 4ms)
 PUT /api/tasks/639890ca-de09-4b4b-a1f4-a5efc6b7b1b2 200 in 10ms (compile: 5ms, render: 5ms)
 PUT /api/tasks/3b107005-f4b8-40c2-954a-82077fd4d532 200 in 5ms (compile: 1467µs, render: 4ms)
 GET /api/tasks 200 in 6ms (compile: 2ms, render: 4ms)
 PUT /api/tasks/639890ca-de09-4b4b-a1f4-a5efc6b7b1b2 200 in 10ms (compile: 4ms, render: 5ms)
 PUT /api/tasks/3b107005-f4b8-40c2-954a-82077fd4d532 200 in 5ms (compile: 1682µs, render: 3ms)
 GET /api/tasks 200 in 6ms (compile: 2ms, render: 4ms)
 PUT /api/tasks/639890ca-de09-4b4b-a1f4-a5efc6b7b1b2 200 in 10ms (compile: 5ms, render: 5ms)
 PUT /api/tasks/3b107005-f4b8-40c2-954a-82077fd4d532 200 in 5ms (compile: 1315µs, render: 4ms)
 GET /api/tasks 200 in 6ms (compile: 1992µs, render: 4ms)
 PUT /api/tasks/639890ca-de09-4b4b-a1f4-a5efc6b7b1b2 200 in 10ms (compile: 5ms, render: 5ms)
 PUT /api/tasks/3b107005-f4b8-40c2-954a-82077fd4d532 200 in 5ms (compile: 1407µs, render: 4ms)
 GET /api/tasks 200 in 7ms (compile: 3ms, render: 4ms)
 PUT /api/tasks/639890ca-de09-4b4b-a1f4-a5efc6b7b1b2 200 in 9ms (compile: 4ms, render: 5ms)
 PUT /api/tasks/3b107005-f4b8-40c2-954a-82077fd4d532 200 in 5ms (compile: 1395µs, render: 4ms)
 GET /api/tasks 200 in 6ms (compile: 2ms, render: 4ms)
 PUT /api/tasks/639890ca-de09-4b4b-a1f4-a5efc6b7b1b2 200 in 10ms (compile: 5ms, render: 5ms)
 PUT /api/tasks/3b107005-f4b8-40c2-954a-82077fd4d532 200 in 6ms (compile: 1507µs, render: 4ms)
 GET /api/tasks 200 in 6ms (compile: 2ms, render: 4ms)
 PUT /api/tasks/639890ca-de09-4b4b-a1f4-a5efc6b7b1b2 200 in 10ms (compile: 5ms, render: 5ms)
 PUT /api/tasks/3b107005-f4b8-40c2-954a-82077fd4d532 200 in 6ms (compile: 1785µs, render: 4ms)
 GET /api/tasks 200 in 6ms (compile: 2ms, render: 4ms)
 PUT /api/tasks/639890ca-de09-4b4b-a1f4-a5efc6b7b1b2 200 in 10ms (compile: 5ms, render: 5ms)
 PUT /api/tasks/3b107005-f4b8-40c2-954a-82077fd4d532 200 in 5ms (compile: 1415µs, render: 4ms)
 GET /api/tasks 200 in 6ms (compile: 2ms, render: 4ms)
 PUT /api/tasks/639890ca-de09-4b4b-a1f4-a5efc6b7b1b2 200 in 10ms (compile: 5ms, render: 5ms)
 PUT /api/tasks/3b107005-f4b8-40c2-954a-82077fd4d532 200 in 5ms (compile: 1469µs, render: 4ms)
 GET /api/tasks 200 in 6ms (compile: 2ms, render: 4ms)
 PUT /api/tasks/639890ca-de09-4b4b-a1f4-a5efc6b7b1b2 200 in 13ms (compile: 7ms, render: 6ms)
 PUT /api/tasks/3b107005-f4b8-40c2-954a-82077fd4d532 200 in 6ms (compile: 1554µs, render: 4ms)
 GET /api/tasks 200 in 6ms (compile: 2ms, render: 4ms)
 PUT /api/tasks/639890ca-de09-4b4b-a1f4-a5efc6b7b1b2 200 in 9ms (compile: 4ms, render: 5ms)
 PUT /api/tasks/3b107005-f4b8-40c2-954a-82077fd4d532 200 in 5ms (compile: 1492µs, render: 4ms)
 GET /api/tasks 200 in 6ms (compile: 2ms, render: 4ms)
 PUT /api/tasks/639890ca-de09-4b4b-a1f4-a5efc6b7b1b2 200 in 10ms (compile: 5ms, render: 5ms)
 PUT /api/tasks/3b107005-f4b8-40c2-954a-82077fd4d532 200 in 5ms (compile: 1500µs, render: 4ms)
 GET /api/tasks 200 in 6ms (compile: 2ms, render: 4ms)
 PUT /api/tasks/639890ca-de09-4b4b-a1f4-a5efc6b7b1b2 200 in 11ms (compile: 5ms, render: 5ms)
 PUT /api/tasks/3b107005-f4b8-40c2-954a-82077fd4d532 200 in 6ms (compile: 1679µs, render: 5ms)
 GET /api/tasks 200 in 6ms (compile: 2ms, render: 4ms)
 PUT /api/tasks/639890ca-de09-4b4b-a1f4-a5efc6b7b1b2 200 in 11ms (compile: 5ms, render: 6ms)
 PUT /api/tasks/3b107005-f4b8-40c2-954a-82077fd4d532 200 in 6ms (compile: 1451µs, render: 4ms)
 GET /api/tasks 200 in 4ms (compile: 1702µs, render: 3ms)
 PUT /api/tasks/639890ca-de09-4b4b-a1f4-a5efc6b7b1b2 200 in 8ms (compile: 4ms, render: 3ms)
 PUT /api/tasks/3b107005-f4b8-40c2-954a-82077fd4d532 200 in 4ms (compile: 1000µs, render: 3ms)
 GET /api/tasks 200 in 6ms (compile: 2ms, render: 4ms)
 PUT /api/tasks/639890ca-de09-4b4b-a1f4-a5efc6b7b1b2 200 in 11ms (compile: 6ms, render: 6ms)
 PUT /api/tasks/3b107005-f4b8-40c2-954a-82077fd4d532 200 in 7ms (compile: 1871µs, render: 5ms)
 GET /api/tasks 200 in 5ms (compile: 2ms, render: 3ms)
 PUT /api/tasks/639890ca-de09-4b4b-a1f4-a5efc6b7b1b2 200 in 11ms (compile: 5ms, render: 5ms)
 PUT /api/tasks/3b107005-f4b8-40c2-954a-82077fd4d532 200 in 5ms (compile: 1472µs, render: 4ms)
 GET /api/tasks 200 in 6ms (compile: 2ms, render: 3ms)
 PUT /api/tasks/639890ca-de09-4b4b-a1f4-a5efc6b7b1b2 200 in 7ms (compile: 3ms, render: 4ms)
 PUT /api/tasks/3b107005-f4b8-40c2-954a-82077fd4d532 200 in 2ms (compile: 641µs, render: 1615µs)
 GET /api/tasks 200 in 6ms (compile: 2ms, render: 4ms)
 PUT /api/tasks/639890ca-de09-4b4b-a1f4-a5efc6b7b1b2 200 in 9ms (compile: 4ms, render: 5ms)
 PUT /api/tasks/3b107005-f4b8-40c2-954a-82077fd4d532 200 in 5ms (compile: 1311µs, render: 4ms)
 GET /api/tasks 200 in 5ms (compile: 1790µs, render: 3ms)
 PUT /api/tasks/639890ca-de09-4b4b-a1f4-a5efc6b7b1b2 200 in 10ms (compile: 5ms, render: 5ms)
 PUT /api/tasks/3b107005-f4b8-40c2-954a-82077fd4d532 200 in 6ms (compile: 1646µs, render: 4ms)
 GET /api/tasks 200 in 6ms (compile: 2ms, render: 4ms)
 PUT /api/tasks/639890ca-de09-4b4b-a1f4-a5efc6b7b1b2 200 in 11ms (compile: 5ms, render: 6ms)
 PUT /api/tasks/3b107005-f4b8-40c2-954a-82077fd4d532 200 in 6ms (compile: 1641µs, render: 5ms)
 GET /api/tasks 200 in 6ms (compile: 2ms, render: 4ms)
 PUT /api/tasks/639890ca-de09-4b4b-a1f4-a5efc6b7b1b2 200 in 11ms (compile: 6ms, render: 6ms)
 PUT /api/tasks/3b107005-f4b8-40c2-954a-82077fd4d532 200 in 7ms (compile: 2ms, render: 5ms)
 GET /api/tasks 200 in 6ms (compile: 2ms, render: 4ms)
 PUT /api/tasks/639890ca-de09-4b4b-a1f4-a5efc6b7b1b2 200 in 10ms (compile: 5ms, render: 5ms)
 PUT /api/tasks/3b107005-f4b8-40c2-954a-82077fd4d532 200 in 5ms (compile: 1471µs, render: 4ms)
 GET /api/tasks 200 in 6ms (compile: 2ms, render: 4ms)
 PUT /api/tasks/639890ca-de09-4b4b-a1f4-a5efc6b7b1b2 200 in 9ms (compile: 5ms, render: 5ms)
 PUT /api/tasks/3b107005-f4b8-40c2-954a-82077fd4d532 200 in 5ms (compile: 1406µs, render: 4ms)
 GET /api/tasks 200 in 6ms (compile: 2ms, render: 4ms)
 PUT /api/tasks/639890ca-de09-4b4b-a1f4-a5efc6b7b1b2 200 in 11ms (compile: 5ms, render: 5ms)
 PUT /api/tasks/3b107005-f4b8-40c2-954a-82077fd4d532 200 in 5ms (compile: 1801µs, render: 4ms)
 GET /api/tasks 200 in 6ms (compile: 2ms, render: 4ms)
 PUT /api/tasks/639890ca-de09-4b4b-a1f4-a5efc6b7b1b2 200 in 11ms (compile: 6ms, render: 5ms)
 PUT /api/tasks/3b107005-f4b8-40c2-954a-82077fd4d532 200 in 5ms (compile: 1408µs, render: 4ms)
 GET /api/tasks 200 in 6ms (compile: 2ms, render: 4ms)
 PUT /api/tasks/639890ca-de09-4b4b-a1f4-a5efc6b7b1b2 200 in 11ms (compile: 5ms, render: 5ms)
 PUT /api/tasks/3b107005-f4b8-40c2-954a-82077fd4d532 200 in 6ms (compile: 1539µs, render: 4ms)
 GET /api/tasks 200 in 6ms (compile: 2ms, render: 4ms)
 PUT /api/tasks/639890ca-de09-4b4b-a1f4-a5efc6b7b1b2 200 in 10ms (compile: 5ms, render: 5ms)
 PUT /api/tasks/3b107005-f4b8-40c2-954a-82077fd4d532 200 in 6ms (compile: 1482µs, render: 4ms)
 GET /api/tasks 200 in 5ms (compile: 1590µs, render: 3ms)
 PUT /api/tasks/639890ca-de09-4b4b-a1f4-a5efc6b7b1b2 200 in 10ms (compile: 4ms, render: 5ms)
 PUT /api/tasks/3b107005-f4b8-40c2-954a-82077fd4d532 200 in 5ms (compile: 1385µs, render: 4ms)
 GET /api/tasks 200 in 6ms (compile: 1937µs, render: 4ms)
 PUT /api/tasks/639890ca-de09-4b4b-a1f4-a5efc6b7b1b2 200 in 10ms (compile: 5ms, render: 5ms)
 PUT /api/tasks/3b107005-f4b8-40c2-954a-82077fd4d532 200 in 6ms (compile: 1863µs, render: 4ms)
 GET /api/tasks 200 in 6ms (compile: 2ms, render: 4ms)
 PUT /api/tasks/639890ca-de09-4b4b-a1f4-a5efc6b7b1b2 200 in 10ms (compile: 5ms, render: 5ms)
 PUT /api/tasks/3b107005-f4b8-40c2-954a-82077fd4d532 200 in 4ms (compile: 1061µs, render: 2ms)
 GET /api/tasks 200 in 6ms (compile: 1984µs, render: 4ms)
 PUT /api/tasks/639890ca-de09-4b4b-a1f4-a5efc6b7b1b2 200 in 9ms (compile: 4ms, render: 5ms)
 PUT /api/tasks/3b107005-f4b8-40c2-954a-82077fd4d532 200 in 5ms (compile: 1517µs, render: 4ms)
 GET /api/tasks 200 in 6ms (compile: 2ms, render: 4ms)
 PUT /api/tasks/639890ca-de09-4b4b-a1f4-a5efc6b7b1b2 200 in 10ms (compile: 5ms, render: 5ms)
 PUT /api/tasks/3b107005-f4b8-40c2-954a-82077fd4d532 200 in 5ms (compile: 1544µs, render: 4ms)
 GET /api/tasks 200 in 6ms (compile: 2ms, render: 4ms)
 PUT /api/tasks/639890ca-de09-4b4b-a1f4-a5efc6b7b1b2 200 in 10ms (compile: 5ms, render: 5ms)
 PUT /api/tasks/3b107005-f4b8-40c2-954a-82077fd4d532 200 in 6ms (compile: 1403µs, render: 4ms)
 GET /api/tasks 200 in 6ms (compile: 2ms, render: 4ms)
 PUT /api/tasks/639890ca-de09-4b4b-a1f4-a5efc6b7b1b2 200 in 10ms (compile: 4ms, render: 5ms)
 PUT /api/tasks/3b107005-f4b8-40c2-954a-82077fd4d532 200 in 6ms (compile: 1579µs, render: 4ms)
 GET /api/tasks 200 in 6ms (compile: 2ms, render: 4ms)
 PUT /api/tasks/639890ca-de09-4b4b-a1f4-a5efc6b7b1b2 200 in 10ms (compile: 5ms, render: 5ms)
 PUT /api/tasks/3b107005-f4b8-40c2-954a-82077fd4d532 200 in 6ms (compile: 1765µs, render: 4ms)
 GET /api/tasks 200 in 6ms (compile: 2ms, render: 4ms)
 PUT /api/tasks/639890ca-de09-4b4b-a1f4-a5efc6b7b1b2 200 in 11ms (compile: 5ms, render: 6ms)
 PUT /api/tasks/3b107005-f4b8-40c2-954a-82077fd4d532 200 in 6ms (compile: 1685µs, render: 4ms)
 GET /api/tasks 200 in 6ms (compile: 2ms, render: 4ms)
 PUT /api/tasks/639890ca-de09-4b4b-a1f4-a5efc6b7b1b2 200 in 10ms (compile: 5ms, render: 5ms)
 PUT /api/tasks/3b107005-f4b8-40c2-954a-82077fd4d532 200 in 6ms (compile: 1672µs, render: 4ms)
 GET /api/tasks 200 in 6ms (compile: 2ms, render: 4ms)
 PUT /api/tasks/639890ca-de09-4b4b-a1f4-a5efc6b7b1b2 200 in 11ms (compile: 6ms, render: 6ms)
 PUT /api/tasks/3b107005-f4b8-40c2-954a-82077fd4d532 200 in 6ms (compile: 1577µs, render: 5ms)
 GET /api/tasks 200 in 6ms (compile: 2ms, render: 4ms)
 PUT /api/tasks/639890ca-de09-4b4b-a1f4-a5efc6b7b1b2 200 in 10ms (compile: 5ms, render: 5ms)
 PUT /api/tasks/3b107005-f4b8-40c2-954a-82077fd4d532 200 in 6ms (compile: 1581µs, render: 4ms)
 GET /api/tasks 200 in 6ms (compile: 1827µs, render: 4ms)
 PUT /api/tasks/639890ca-de09-4b4b-a1f4-a5efc6b7b1b2 200 in 11ms (compile: 6ms, render: 5ms)
 PUT /api/tasks/3b107005-f4b8-40c2-954a-82077fd4d532 200 in 5ms (compile: 1595µs, render: 4ms)
 GET /api/tasks 200 in 6ms (compile: 2ms, render: 4ms)
 PUT /api/tasks/639890ca-de09-4b4b-a1f4-a5efc6b7b1b2 200 in 9ms (compile: 4ms, render: 5ms)
 PUT /api/tasks/3b107005-f4b8-40c2-954a-82077fd4d532 200 in 5ms (compile: 1464µs, render: 4ms)
 GET / 200 in 49ms (compile: 23ms, render: 26ms)
 GET / 200 in 19ms (compile: 726µs, render: 19ms)
 GET / 200 in 15ms (compile: 1231µs, render: 14ms)
 GET / 200 in 17ms (compile: 534µs, render: 16ms)
 GET / 200 in 17ms (compile: 569µs, render: 16ms)
 GET / 200 in 13ms (compile: 542µs, render: 13ms)
 GET / 200 in 14ms (compile: 419µs, render: 14ms)
 GET / 200 in 10ms (compile: 423µs, render: 10ms)
 GET / 200 in 6ms (compile: 742µs, render: 5ms)
 GET / 200 in 7ms (compile: 2ms, render: 5ms)
 GET /api/tasks 200 in 39ms (compile: 34ms, render: 5ms)
 PUT /api/tasks/639890ca-de09-4b4b-a1f4-a5efc6b7b1b2 200 in 21ms (compile: 17ms, render: 4ms)
 PUT /api/tasks/3b107005-f4b8-40c2-954a-82077fd4d532 200 in 3ms (compile: 810µs, render: 2ms)
 GET /api/tasks 200 in 7ms (compile: 2ms, render: 4ms)
 PUT /api/tasks/639890ca-de09-4b4b-a1f4-a5efc6b7b1b2 200 in 10ms (compile: 5ms, render: 6ms)
 PUT /api/tasks/3b107005-f4b8-40c2-954a-82077fd4d532 200 in 6ms (compile: 1523µs, render: 4ms)
 GET /api/tasks 200 in 8ms (compile: 2ms, render: 5ms)
 PUT /api/tasks/639890ca-de09-4b4b-a1f4-a5efc6b7b1b2 200 in 11ms (compile: 5ms, render: 5ms)
 PUT /api/tasks/3b107005-f4b8-40c2-954a-82077fd4d532 200 in 5ms (compile: 1418µs, render: 4ms)
 GET /api/tasks 200 in 7ms (compile: 3ms, render: 4ms)
 PUT /api/tasks/639890ca-de09-4b4b-a1f4-a5efc6b7b1b2 200 in 11ms (compile: 5ms, render: 5ms)
 PUT /api/tasks/3b107005-f4b8-40c2-954a-82077fd4d532 200 in 6ms (compile: 1608µs, render: 4ms)
 GET /api/tasks 200 in 6ms (compile: 2ms, render: 4ms)
 PUT /api/tasks/639890ca-de09-4b4b-a1f4-a5efc6b7b1b2 200 in 12ms (compile: 5ms, render: 6ms)
 PUT /api/tasks/3b107005-f4b8-40c2-954a-82077fd4d532 200 in 6ms (compile: 1637µs, render: 5ms)
 GET /api/tasks 200 in 6ms (compile: 2ms, render: 4ms)
 PUT /api/tasks/639890ca-de09-4b4b-a1f4-a5efc6b7b1b2 200 in 10ms (compile: 4ms, render: 5ms)
 PUT /api/tasks/3b107005-f4b8-40c2-954a-82077fd4d532 200 in 6ms (compile: 1506µs, render: 4ms)
 GET /api/tasks 200 in 6ms (compile: 2ms, render: 4ms)
 PUT /api/tasks/639890ca-de09-4b4b-a1f4-a5efc6b7b1b2 200 in 10ms (compile: 5ms, render: 5ms)
 PUT /api/tasks/3b107005-f4b8-40c2-954a-82077fd4d532 200 in 6ms (compile: 1885µs, render: 4ms)
 GET /api/tasks 200 in 7ms (compile: 2ms, render: 4ms)
 PUT /api/tasks/639890ca-de09-4b4b-a1f4-a5efc6b7b1b2 200 in 12ms (compile: 5ms, render: 7ms)
 PUT /api/tasks/3b107005-f4b8-40c2-954a-82077fd4d532 200 in 6ms (compile: 1950µs, render: 4ms)
✓ Compiled in 10ms
 GET /api/tasks 200 in 8ms (compile: 3ms, render: 5ms)
 PUT /api/tasks/639890ca-de09-4b4b-a1f4-a5efc6b7b1b2 200 in 11ms (compile: 6ms, render: 5ms)
 PUT /api/tasks/3b107005-f4b8-40c2-954a-82077fd4d532 200 in 6ms (compile: 1625µs, render: 4ms)
 GET /api/tasks 200 in 7ms (compile: 2ms, render: 5ms)
 PUT /api/tasks/639890ca-de09-4b4b-a1f4-a5efc6b7b1b2 200 in 9ms (compile: 4ms, render: 5ms)
 PUT /api/tasks/3b107005-f4b8-40c2-954a-82077fd4d532 200 in 6ms (compile: 1424µs, render: 4ms)
 GET /api/tasks 200 in 6ms (compile: 2ms, render: 4ms)
 PUT /api/tasks/639890ca-de09-4b4b-a1f4-a5efc6b7b1b2 200 in 13ms (compile: 6ms, render: 7ms)
 PUT /api/tasks/3b107005-f4b8-40c2-954a-82077fd4d532 200 in 7ms (compile: 1904µs, render: 5ms)
 GET /api/tasks 200 in 4ms (compile: 1209µs, render: 2ms)
 PUT /api/tasks/639890ca-de09-4b4b-a1f4-a5efc6b7b1b2 200 in 6ms (compile: 2ms, render: 4ms)
 PUT /api/tasks/3b107005-f4b8-40c2-954a-82077fd4d532 200 in 6ms (compile: 1795µs, render: 4ms)
 GET /api/tasks 200 in 7ms (compile: 2ms, render: 5ms)
 PUT /api/tasks/639890ca-de09-4b4b-a1f4-a5efc6b7b1b2 200 in 10ms (compile: 4ms, render: 5ms)
 PUT /api/tasks/3b107005-f4b8-40c2-954a-82077fd4d532 200 in 6ms (compile: 1494µs, render: 4ms)
 GET /api/tasks 200 in 6ms (compile: 2ms, render: 4ms)
 PUT /api/tasks/639890ca-de09-4b4b-a1f4-a5efc6b7b1b2 200 in 10ms (compile: 5ms, render: 5ms)
 PUT /api/tasks/3b107005-f4b8-40c2-954a-82077fd4d532 200 in 6ms (compile: 1631µs, render: 5ms)
 GET /api/tasks 200 in 6ms (compile: 2ms, render: 4ms)
 PUT /api/tasks/639890ca-de09-4b4b-a1f4-a5efc6b7b1b2 200 in 10ms (compile: 5ms, render: 5ms)
 PUT /api/tasks/3b107005-f4b8-40c2-954a-82077fd4d532 200 in 6ms (compile: 1612µs, render: 4ms)
✓ Compiled in 5ms
 GET /api/tasks 200 in 6ms (compile: 2ms, render: 4ms)
 PUT /api/tasks/639890ca-de09-4b4b-a1f4-a5efc6b7b1b2 200 in 10ms (compile: 5ms, render: 6ms)
 PUT /api/tasks/3b107005-f4b8-40c2-954a-82077fd4d532 200 in 6ms (compile: 1563µs, render: 4ms)
 GET /api/tasks 200 in 6ms (compile: 2ms, render: 4ms)
 PUT /api/tasks/639890ca-de09-4b4b-a1f4-a5efc6b7b1b2 200 in 11ms (compile: 5ms, render: 6ms)
 PUT /api/tasks/3b107005-f4b8-40c2-954a-82077fd4d532 200 in 6ms (compile: 1774µs, render: 5ms)
 GET /api/tasks 200 in 6ms (compile: 2ms, render: 4ms)
 PUT /api/tasks/639890ca-de09-4b4b-a1f4-a5efc6b7b1b2 200 in 12ms (compile: 5ms, render: 7ms)
 PUT /api/tasks/3b107005-f4b8-40c2-954a-82077fd4d532 200 in 4ms (compile: 1220µs, render: 2ms)
 GET /api/tasks 200 in 6ms (compile: 1732µs, render: 4ms)
 PUT /api/tasks/639890ca-de09-4b4b-a1f4-a5efc6b7b1b2 200 in 11ms (compile: 5ms, render: 5ms)
 PUT /api/tasks/3b107005-f4b8-40c2-954a-82077fd4d532 200 in 6ms (compile: 1615µs, render: 4ms)
 GET /api/tasks 200 in 6ms (compile: 1806µs, render: 4ms)
 PUT /api/tasks/639890ca-de09-4b4b-a1f4-a5efc6b7b1b2 200 in 11ms (compile: 6ms, render: 5ms)
 PUT /api/tasks/3b107005-f4b8-40c2-954a-82077fd4d532 200 in 6ms (compile: 1632µs, render: 5ms)
 GET /api/tasks 200 in 7ms (compile: 2ms, render: 4ms)
 PUT /api/tasks/639890ca-de09-4b4b-a1f4-a5efc6b7b1b2 200 in 10ms (compile: 5ms, render: 5ms)
 PUT /api/tasks/3b107005-f4b8-40c2-954a-82077fd4d532 200 in 6ms (compile: 1546µs, render: 4ms)
 GET /api/tasks 200 in 6ms (compile: 2ms, render: 4ms)
 PUT /api/tasks/639890ca-de09-4b4b-a1f4-a5efc6b7b1b2 200 in 10ms (compile: 4ms, render: 5ms)
 PUT /api/tasks/3b107005-f4b8-40c2-954a-82077fd4d532 200 in 6ms (compile: 1771µs, render: 4ms)
 GET /api/tasks 200 in 6ms (compile: 2ms, render: 4ms)
 PUT /api/tasks/639890ca-de09-4b4b-a1f4-a5efc6b7b1b2 200 in 9ms (compile: 4ms, render: 5ms)
 PUT /api/tasks/3b107005-f4b8-40c2-954a-82077fd4d532 200 in 6ms (compile: 1782µs, render: 4ms)
 GET /api/tasks 200 in 6ms (compile: 2ms, render: 4ms)
 PUT /api/tasks/639890ca-de09-4b4b-a1f4-a5efc6b7b1b2 200 in 11ms (compile: 5ms, render: 6ms)
 PUT /api/tasks/3b107005-f4b8-40c2-954a-82077fd4d532 200 in 7ms (compile: 1721µs, render: 5ms)
 GET /api/tasks 200 in 6ms (compile: 2ms, render: 4ms)
 PUT /api/tasks/639890ca-de09-4b4b-a1f4-a5efc6b7b1b2 200 in 11ms (compile: 5ms, render: 5ms)
 PUT /api/tasks/3b107005-f4b8-40c2-954a-82077fd4d532 200 in 6ms (compile: 1651µs, render: 5ms)
 GET /api/tasks 200 in 6ms (compile: 2ms, render: 4ms)
 PUT /api/tasks/639890ca-de09-4b4b-a1f4-a5efc6b7b1b2 200 in 11ms (compile: 5ms, render: 5ms)
 PUT /api/tasks/3b107005-f4b8-40c2-954a-82077fd4d532 200 in 6ms (compile: 1580µs, render: 4ms)
 GET /api/tasks 200 in 7ms (compile: 2ms, render: 4ms)
 PUT /api/tasks/639890ca-de09-4b4b-a1f4-a5efc6b7b1b2 200 in 11ms (compile: 5ms, render: 6ms)
 PUT /api/tasks/3b107005-f4b8-40c2-954a-82077fd4d532 200 in 5ms (compile: 1745µs, render: 3ms)
 GET /api/tasks 200 in 7ms (compile: 2ms, render: 4ms)
 PUT /api/tasks/639890ca-de09-4b4b-a1f4-a5efc6b7b1b2 200 in 11ms (compile: 5ms, render: 6ms)
 PUT /api/tasks/3b107005-f4b8-40c2-954a-82077fd4d532 200 in 5ms (compile: 1447µs, render: 4ms)
 GET /api/tasks 200 in 6ms (compile: 2ms, render: 4ms)
 PUT /api/tasks/639890ca-de09-4b4b-a1f4-a5efc6b7b1b2 200 in 11ms (compile: 6ms, render: 5ms)
 PUT /api/tasks/3b107005-f4b8-40c2-954a-82077fd4d532 200 in 5ms (compile: 1425µs, render: 4ms)
 GET /api/tasks 200 in 6ms (compile: 2ms, render: 4ms)
 PUT /api/tasks/639890ca-de09-4b4b-a1f4-a5efc6b7b1b2 200 in 11ms (compile: 5ms, render: 5ms)
 PUT /api/tasks/3b107005-f4b8-40c2-954a-82077fd4d532 200 in 5ms (compile: 1511µs, render: 4ms)
 GET /api/tasks 200 in 6ms (compile: 2ms, render: 4ms)
 PUT /api/tasks/639890ca-de09-4b4b-a1f4-a5efc6b7b1b2 200 in 10ms (compile: 5ms, render: 5ms)
 PUT /api/tasks/3b107005-f4b8-40c2-954a-82077fd4d532 200 in 6ms (compile: 1538µs, render: 4ms)
 GET /api/tasks 200 in 6ms (compile: 2ms, render: 4ms)
 PUT /api/tasks/639890ca-de09-4b4b-a1f4-a5efc6b7b1b2 200 in 10ms (compile: 5ms, render: 6ms)
 PUT /api/tasks/3b107005-f4b8-40c2-954a-82077fd4d532 200 in 6ms (compile: 1654µs, render: 4ms)
 GET /api/tasks 200 in 6ms (compile: 2ms, render: 4ms)
 PUT /api/tasks/639890ca-de09-4b4b-a1f4-a5efc6b7b1b2 200 in 10ms (compile: 5ms, render: 5ms)
 PUT /api/tasks/3b107005-f4b8-40c2-954a-82077fd4d532 200 in 6ms (compile: 1562µs, render: 4ms)
✓ Compiled in 11ms
 GET /api/tasks 200 in 7ms (compile: 3ms, render: 4ms)
 PUT /api/tasks/639890ca-de09-4b4b-a1f4-a5efc6b7b1b2 200 in 10ms (compile: 5ms, render: 6ms)
 PUT /api/tasks/3b107005-f4b8-40c2-954a-82077fd4d532 200 in 6ms (compile: 1612µs, render: 4ms)
 GET /api/tasks 200 in 7ms (compile: 2ms, render: 5ms)
 PUT /api/tasks/639890ca-de09-4b4b-a1f4-a5efc6b7b1b2 200 in 11ms (compile: 6ms, render: 5ms)
 PUT /api/tasks/3b107005-f4b8-40c2-954a-82077fd4d532 200 in 5ms (compile: 1496µs, render: 4ms)
 GET /api/tasks 200 in 6ms (compile: 2ms, render: 4ms)
 PUT /api/tasks/639890ca-de09-4b4b-a1f4-a5efc6b7b1b2 200 in 10ms (compile: 5ms, render: 5ms)
 PUT /api/tasks/3b107005-f4b8-40c2-954a-82077fd4d532 200 in 6ms (compile: 1502µs, render: 4ms)
 GET /api/tasks 200 in 6ms (compile: 2ms, render: 4ms)
 PUT /api/tasks/639890ca-de09-4b4b-a1f4-a5efc6b7b1b2 200 in 10ms (compile: 5ms, render: 5ms)
 PUT /api/tasks/3b107005-f4b8-40c2-954a-82077fd4d532 200 in 6ms (compile: 1635µs, render: 4ms)
 GET /api/tasks 200 in 6ms (compile: 2ms, render: 4ms)
 PUT /api/tasks/639890ca-de09-4b4b-a1f4-a5efc6b7b1b2 200 in 10ms (compile: 5ms, render: 5ms)
 PUT /api/tasks/3b107005-f4b8-40c2-954a-82077fd4d532 200 in 6ms (compile: 1539µs, render: 4ms)
 GET /api/tasks 200 in 6ms (compile: 2ms, render: 4ms)
 PUT /api/tasks/639890ca-de09-4b4b-a1f4-a5efc6b7b1b2 200 in 12ms (compile: 5ms, render: 7ms)
 PUT /api/tasks/3b107005-f4b8-40c2-954a-82077fd4d532 200 in 4ms (compile: 937µs, render: 3ms)
 GET /api/tasks 200 in 6ms (compile: 2ms, render: 4ms)
 PUT /api/tasks/639890ca-de09-4b4b-a1f4-a5efc6b7b1b2 200 in 10ms (compile: 5ms, render: 5ms)
 PUT /api/tasks/3b107005-f4b8-40c2-954a-82077fd4d532 200 in 6ms (compile: 1223µs, render: 5ms)
 GET /api/tasks 200 in 6ms (compile: 2ms, render: 4ms)
 PUT /api/tasks/639890ca-de09-4b4b-a1f4-a5efc6b7b1b2 200 in 10ms (compile: 5ms, render: 5ms)
 PUT /api/tasks/3b107005-f4b8-40c2-954a-82077fd4d532 200 in 6ms (compile: 1531µs, render: 4ms)
✓ Compiled in 4ms
 GET /api/tasks 200 in 6ms (compile: 2ms, render: 4ms)
 PUT /api/tasks/639890ca-de09-4b4b-a1f4-a5efc6b7b1b2 200 in 10ms (compile: 5ms, render: 5ms)
 PUT /api/tasks/3b107005-f4b8-40c2-954a-82077fd4d532 200 in 6ms (compile: 1629µs, render: 4ms)
 GET /api/tasks 200 in 6ms (compile: 2ms, render: 4ms)
 PUT /api/tasks/639890ca-de09-4b4b-a1f4-a5efc6b7b1b2 200 in 10ms (compile: 5ms, render: 5ms)
 PUT /api/tasks/3b107005-f4b8-40c2-954a-82077fd4d532 200 in 5ms (compile: 1506µs, render: 4ms)
 GET /api/tasks 200 in 7ms (compile: 3ms, render: 5ms)
 PUT /api/tasks/639890ca-de09-4b4b-a1f4-a5efc6b7b1b2 200 in 10ms (compile: 4ms, render: 6ms)
 PUT /api/tasks/3b107005-f4b8-40c2-954a-82077fd4d532 200 in 7ms (compile: 2ms, render: 5ms)
 GET /api/tasks 200 in 7ms (compile: 2ms, render: 4ms)
 PUT /api/tasks/639890ca-de09-4b4b-a1f4-a5efc6b7b1b2 200 in 11ms (compile: 5ms, render: 6ms)
 PUT /api/tasks/3b107005-f4b8-40c2-954a-82077fd4d532 200 in 6ms (compile: 1668µs, render: 4ms)
 GET /api/tasks 200 in 6ms (compile: 2ms, render: 4ms)
 PUT /api/tasks/639890ca-de09-4b4b-a1f4-a5efc6b7b1b2 200 in 10ms (compile: 5ms, render: 5ms)
 PUT /api/tasks/3b107005-f4b8-40c2-954a-82077fd4d532 200 in 6ms (compile: 1583µs, render: 4ms)
✓ Compiled in 10ms
 GET /api/tasks 200 in 6ms (compile: 2ms, render: 4ms)
 PUT /api/tasks/639890ca-de09-4b4b-a1f4-a5efc6b7b1b2 200 in 9ms (compile: 5ms, render: 5ms)
 PUT /api/tasks/3b107005-f4b8-40c2-954a-82077fd4d532 200 in 6ms (compile: 1558µs, render: 4ms)
 GET /api/tasks 200 in 6ms (compile: 2ms, render: 4ms)
 PUT /api/tasks/639890ca-de09-4b4b-a1f4-a5efc6b7b1b2 200 in 11ms (compile: 5ms, render: 6ms)
 PUT /api/tasks/3b107005-f4b8-40c2-954a-82077fd4d532 200 in 6ms (compile: 1628µs, render: 4ms)
 GET /api/tasks 200 in 6ms (compile: 2ms, render: 4ms)
 PUT /api/tasks/639890ca-de09-4b4b-a1f4-a5efc6b7b1b2 200 in 14ms (compile: 8ms, render: 6ms)
 PUT /api/tasks/3b107005-f4b8-40c2-954a-82077fd4d532 200 in 6ms (compile: 1576µs, render: 4ms)
 GET /api/tasks 200 in 7ms (compile: 3ms, render: 4ms)
 PUT /api/tasks/639890ca-de09-4b4b-a1f4-a5efc6b7b1b2 200 in 10ms (compile: 5ms, render: 6ms)
 PUT /api/tasks/3b107005-f4b8-40c2-954a-82077fd4d532 200 in 6ms (compile: 1686µs, render: 5ms)
 GET /api/tasks 200 in 4ms (compile: 1205µs, render: 3ms)
 PUT /api/tasks/639890ca-de09-4b4b-a1f4-a5efc6b7b1b2 200 in 10ms (compile: 4ms, render: 5ms)
 PUT /api/tasks/3b107005-f4b8-40c2-954a-82077fd4d532 200 in 6ms (compile: 1610µs, render: 4ms)
 GET /api/tasks 200 in 7ms (compile: 2ms, render: 4ms)
 PUT /api/tasks/639890ca-de09-4b4b-a1f4-a5efc6b7b1b2 200 in 11ms (compile: 5ms, render: 6ms)
 PUT /api/tasks/3b107005-f4b8-40c2-954a-82077fd4d532 200 in 5ms (compile: 1456µs, render: 4ms)
 GET /api/tasks 200 in 6ms (compile: 2ms, render: 4ms)
 PUT /api/tasks/639890ca-de09-4b4b-a1f4-a5efc6b7b1b2 200 in 11ms (compile: 5ms, render: 6ms)
 PUT /api/tasks/3b107005-f4b8-40c2-954a-82077fd4d532 200 in 6ms (compile: 1630µs, render: 4ms)
 GET /api/tasks 200 in 6ms (compile: 2ms, render: 4ms)
 PUT /api/tasks/639890ca-de09-4b4b-a1f4-a5efc6b7b1b2 200 in 10ms (compile: 5ms, render: 5ms)
 PUT /api/tasks/3b107005-f4b8-40c2-954a-82077fd4d532 200 in 6ms (compile: 1561µs, render: 4ms)
 GET /api/tasks 200 in 7ms (compile: 2ms, render: 4ms)
 PUT /api/tasks/639890ca-de09-4b4b-a1f4-a5efc6b7b1b2 200 in 9ms (compile: 4ms, render: 5ms)
 PUT /api/tasks/3b107005-f4b8-40c2-954a-82077fd4d532 200 in 5ms (compile: 1567µs, render: 3ms)
 GET /api/tasks 200 in 6ms (compile: 2ms, render: 4ms)
 PUT /api/tasks/639890ca-de09-4b4b-a1f4-a5efc6b7b1b2 200 in 11ms (compile: 6ms, render: 5ms)
 PUT /api/tasks/3b107005-f4b8-40c2-954a-82077fd4d532 200 in 6ms (compile: 1643µs, render: 4ms)
 GET /api/tasks 200 in 7ms (compile: 3ms, render: 4ms)
 PUT /api/tasks/639890ca-de09-4b4b-a1f4-a5efc6b7b1b2 200 in 9ms (compile: 4ms, render: 5ms)
 PUT /api/tasks/3b107005-f4b8-40c2-954a-82077fd4d532 200 in 6ms (compile: 1817µs, render: 4ms)
 GET /api/tasks 200 in 6ms (compile: 2ms, render: 4ms)
 PUT /api/tasks/639890ca-de09-4b4b-a1f4-a5efc6b7b1b2 200 in 11ms (compile: 6ms, render: 5ms)
 PUT /api/tasks/3b107005-f4b8-40c2-954a-82077fd4d532 200 in 5ms (compile: 1533µs, render: 4ms)
 GET /api/tasks 200 in 6ms (compile: 2ms, render: 4ms)
 PUT /api/tasks/639890ca-de09-4b4b-a1f4-a5efc6b7b1b2 200 in 11ms (compile: 5ms, render: 5ms)
 PUT /api/tasks/3b107005-f4b8-40c2-954a-82077fd4d532 200 in 6ms (compile: 1590µs, render: 4ms)
 GET /api/tasks 200 in 6ms (compile: 2ms, render: 4ms)
 PUT /api/tasks/639890ca-de09-4b4b-a1f4-a5efc6b7b1b2 200 in 10ms (compile: 5ms, render: 5ms)
 PUT /api/tasks/3b107005-f4b8-40c2-954a-82077fd4d532 200 in 5ms (compile: 1450µs, render: 4ms)
 GET /api/tasks 200 in 6ms (compile: 2ms, render: 4ms)
 PUT /api/tasks/639890ca-de09-4b4b-a1f4-a5efc6b7b1b2 200 in 10ms (compile: 5ms, render: 5ms)
 PUT /api/tasks/3b107005-f4b8-40c2-954a-82077fd4d532 200 in 6ms (compile: 1565µs, render: 4ms)
 GET /api/tasks 200 in 6ms (compile: 2ms, render: 4ms)
 PUT /api/tasks/639890ca-de09-4b4b-a1f4-a5efc6b7b1b2 200 in 11ms (compile: 5ms, render: 5ms)
 PUT /api/tasks/3b107005-f4b8-40c2-954a-82077fd4d532 200 in 6ms (compile: 1544µs, render: 4ms)
 GET /api/tasks 200 in 6ms (compile: 3ms, render: 4ms)
 PUT /api/tasks/639890ca-de09-4b4b-a1f4-a5efc6b7b1b2 200 in 11ms (compile: 6ms, render: 5ms)
 PUT /api/tasks/3b107005-f4b8-40c2-954a-82077fd4d532 200 in 6ms (compile: 1594µs, render: 4ms)
 GET /api/tasks 200 in 6ms (compile: 3ms, render: 4ms)
 PUT /api/tasks/639890ca-de09-4b4b-a1f4-a5efc6b7b1b2 200 in 9ms (compile: 4ms, render: 5ms)
 PUT /api/tasks/3b107005-f4b8-40c2-954a-82077fd4d532 200 in 5ms (compile: 1428µs, render: 4ms)
 GET /api/tasks 200 in 6ms (compile: 2ms, render: 4ms)
 PUT /api/tasks/639890ca-de09-4b4b-a1f4-a5efc6b7b1b2 200 in 10ms (compile: 5ms, render: 5ms)
 PUT /api/tasks/3b107005-f4b8-40c2-954a-82077fd4d532 200 in 6ms (compile: 1548µs, render: 5ms)
 GET /api/tasks 200 in 7ms (compile: 3ms, render: 4ms)
 PUT /api/tasks/639890ca-de09-4b4b-a1f4-a5efc6b7b1b2 200 in 11ms (compile: 5ms, render: 5ms)
 PUT /api/tasks/3b107005-f4b8-40c2-954a-82077fd4d532 200 in 6ms (compile: 1641µs, render: 5ms)
 GET /api/tasks 200 in 7ms (compile: 2ms, render: 4ms)
 PUT /api/tasks/639890ca-de09-4b4b-a1f4-a5efc6b7b1b2 200 in 10ms (compile: 5ms, render: 5ms)
 PUT /api/tasks/3b107005-f4b8-40c2-954a-82077fd4d532 200 in 8ms (compile: 2ms, render: 5ms)
 GET /api/tasks 200 in 7ms (compile: 2ms, render: 5ms)
 PUT /api/tasks/639890ca-de09-4b4b-a1f4-a5efc6b7b1b2 200 in 12ms (compile: 6ms, render: 6ms)
 PUT /api/tasks/3b107005-f4b8-40c2-954a-82077fd4d532 200 in 6ms (compile: 1505µs, render: 4ms)
 GET /api/tasks 200 in 6ms (compile: 2ms, render: 4ms)
 PUT /api/tasks/639890ca-de09-4b4b-a1f4-a5efc6b7b1b2 200 in 11ms (compile: 5ms, render: 6ms)
 PUT /api/tasks/3b107005-f4b8-40c2-954a-82077fd4d532 200 in 6ms (compile: 1494µs, render: 4ms)
 GET /api/tasks 200 in 6ms (compile: 2ms, render: 4ms)
 PUT /api/tasks/639890ca-de09-4b4b-a1f4-a5efc6b7b1b2 200 in 10ms (compile: 5ms, render: 5ms)
 PUT /api/tasks/3b107005-f4b8-40c2-954a-82077fd4d532 200 in 5ms (compile: 1462µs, render: 4ms)
 GET /api/tasks 200 in 6ms (compile: 2ms, render: 4ms)
 PUT /api/tasks/639890ca-de09-4b4b-a1f4-a5efc6b7b1b2 200 in 11ms (compile: 5ms, render: 6ms)
 PUT /api/tasks/3b107005-f4b8-40c2-954a-82077fd4d532 200 in 6ms (compile: 1668µs, render: 4ms)
 GET /api/tasks 200 in 6ms (compile: 2ms, render: 4ms)
 PUT /api/tasks/639890ca-de09-4b4b-a1f4-a5efc6b7b1b2 200 in 10ms (compile: 5ms, render: 6ms)
 PUT /api/tasks/3b107005-f4b8-40c2-954a-82077fd4d532 200 in 6ms (compile: 1891µs, render: 5ms)
✓ Compiled in 11ms
 GET /api/tasks 200 in 6ms (compile: 1768µs, render: 4ms)
 PUT /api/tasks/639890ca-de09-4b4b-a1f4-a5efc6b7b1b2 200 in 10ms (compile: 5ms, render: 5ms)
 PUT /api/tasks/3b107005-f4b8-40c2-954a-82077fd4d532 200 in 6ms (compile: 1573µs, render: 4ms)
 GET /api/tasks 200 in 10ms (compile: 5ms, render: 4ms)
 PUT /api/tasks/639890ca-de09-4b4b-a1f4-a5efc6b7b1b2 200 in 9ms (compile: 4ms, render: 5ms)
 PUT /api/tasks/3b107005-f4b8-40c2-954a-82077fd4d532 200 in 5ms (compile: 1425µs, render: 4ms)
 GET /api/tasks 200 in 6ms (compile: 2ms, render: 4ms)
 PUT /api/tasks/639890ca-de09-4b4b-a1f4-a5efc6b7b1b2 200 in 10ms (compile: 4ms, render: 6ms)
 PUT /api/tasks/3b107005-f4b8-40c2-954a-82077fd4d532 200 in 6ms (compile: 1688µs, render: 4ms)
 GET /api/tasks 200 in 6ms (compile: 2ms, render: 4ms)
 PUT /api/tasks/639890ca-de09-4b4b-a1f4-a5efc6b7b1b2 200 in 11ms (compile: 5ms, render: 6ms)
 PUT /api/tasks/3b107005-f4b8-40c2-954a-82077fd4d532 200 in 6ms (compile: 1778µs, render: 5ms)
 GET /api/tasks 200 in 4ms (compile: 1462µs, render: 3ms)
 PUT /api/tasks/639890ca-de09-4b4b-a1f4-a5efc6b7b1b2 200 in 7ms (compile: 3ms, render: 4ms)
 PUT /api/tasks/3b107005-f4b8-40c2-954a-82077fd4d532 200 in 8ms (compile: 6ms, render: 1871µs)
 GET /api/tasks 200 in 4ms (compile: 1414µs, render: 2ms)
 PUT /api/tasks/639890ca-de09-4b4b-a1f4-a5efc6b7b1b2 200 in 6ms (compile: 2ms, render: 4ms)
 PUT /api/tasks/3b107005-f4b8-40c2-954a-82077fd4d532 200 in 4ms (compile: 1039µs, render: 3ms)
 GET /api/tasks 200 in 4ms (compile: 1453µs, render: 2ms)
 PUT /api/tasks/639890ca-de09-4b4b-a1f4-a5efc6b7b1b2 200 in 6ms (compile: 3ms, render: 3ms)
 PUT /api/tasks/3b107005-f4b8-40c2-954a-82077fd4d532 200 in 4ms (compile: 976µs, render: 3ms)
 GET /api/tasks 200 in 7ms (compile: 3ms, render: 4ms)
 PUT /api/tasks/639890ca-de09-4b4b-a1f4-a5efc6b7b1b2 200 in 11ms (compile: 5ms, render: 5ms)
 PUT /api/tasks/3b107005-f4b8-40c2-954a-82077fd4d532 200 in 6ms (compile: 1489µs, render: 4ms)
 GET /api/tasks 200 in 6ms (compile: 2ms, render: 4ms)
 PUT /api/tasks/639890ca-de09-4b4b-a1f4-a5efc6b7b1b2 200 in 10ms (compile: 5ms, render: 5ms)
 PUT /api/tasks/3b107005-f4b8-40c2-954a-82077fd4d532 200 in 6ms (compile: 1519µs, render: 4ms)
 GET /api/tasks 200 in 6ms (compile: 2ms, render: 4ms)
 PUT /api/tasks/639890ca-de09-4b4b-a1f4-a5efc6b7b1b2 200 in 9ms (compile: 4ms, render: 5ms)
 PUT /api/tasks/3b107005-f4b8-40c2-954a-82077fd4d532 200 in 6ms (compile: 1560µs, render: 4ms)
 GET /api/tasks 200 in 6ms (compile: 2ms, render: 4ms)
 PUT /api/tasks/639890ca-de09-4b4b-a1f4-a5efc6b7b1b2 200 in 11ms (compile: 6ms, render: 6ms)
 PUT /api/tasks/3b107005-f4b8-40c2-954a-82077fd4d532 200 in 6ms (compile: 1697µs, render: 4ms)
 GET /api/tasks 200 in 6ms (compile: 2ms, render: 4ms)
 PUT /api/tasks/639890ca-de09-4b4b-a1f4-a5efc6b7b1b2 200 in 9ms (compile: 5ms, render: 5ms)
 PUT /api/tasks/3b107005-f4b8-40c2-954a-82077fd4d532 200 in 5ms (compile: 1527µs, render: 3ms)
 GET /api/tasks 200 in 6ms (compile: 1910µs, render: 4ms)
 PUT /api/tasks/639890ca-de09-4b4b-a1f4-a5efc6b7b1b2 200 in 11ms (compile: 5ms, render: 6ms)
 PUT /api/tasks/3b107005-f4b8-40c2-954a-82077fd4d532 200 in 6ms (compile: 1535µs, render: 5ms)
 GET /api/tasks 200 in 11ms (compile: 2ms, render: 9ms)
 PUT /api/tasks/639890ca-de09-4b4b-a1f4-a5efc6b7b1b2 200 in 11ms (compile: 5ms, render: 6ms)
 PUT /api/tasks/3b107005-f4b8-40c2-954a-82077fd4d532 200 in 6ms (compile: 1499µs, render: 4ms)
 GET /api/tasks 200 in 6ms (compile: 2ms, render: 4ms)
 PUT /api/tasks/639890ca-de09-4b4b-a1f4-a5efc6b7b1b2 200 in 10ms (compile: 5ms, render: 5ms)
 PUT /api/tasks/3b107005-f4b8-40c2-954a-82077fd4d532 200 in 7ms (compile: 1731µs, render: 5ms)
 GET /api/tasks 200 in 7ms (compile: 2ms, render: 4ms)
 PUT /api/tasks/639890ca-de09-4b4b-a1f4-a5efc6b7b1b2 200 in 10ms (compile: 5ms, render: 5ms)
 PUT /api/tasks/3b107005-f4b8-40c2-954a-82077fd4d532 200 in 6ms (compile: 1608µs, render: 4ms)
 GET /api/tasks 200 in 6ms (compile: 2ms, render: 4ms)
 PUT /api/tasks/639890ca-de09-4b4b-a1f4-a5efc6b7b1b2 200 in 10ms (compile: 5ms, render: 5ms)
 PUT /api/tasks/3b107005-f4b8-40c2-954a-82077fd4d532 200 in 5ms (compile: 1452µs, render: 4ms)
 GET /api/tasks 200 in 3ms (compile: 1077µs, render: 2ms)
 PUT /api/tasks/639890ca-de09-4b4b-a1f4-a5efc6b7b1b2 200 in 7ms (compile: 3ms, render: 4ms)
 PUT /api/tasks/3b107005-f4b8-40c2-954a-82077fd4d532 200 in 4ms (compile: 863µs, render: 3ms)
 GET /api/tasks 200 in 6ms (compile: 2ms, render: 4ms)
 PUT /api/tasks/639890ca-de09-4b4b-a1f4-a5efc6b7b1b2 200 in 10ms (compile: 5ms, render: 5ms)
 PUT /api/tasks/3b107005-f4b8-40c2-954a-82077fd4d532 200 in 5ms (compile: 1399µs, render: 4ms)
 GET /api/tasks 200 in 6ms (compile: 2ms, render: 4ms)
 PUT /api/tasks/639890ca-de09-4b4b-a1f4-a5efc6b7b1b2 200 in 11ms (compile: 5ms, render: 6ms)
 PUT /api/tasks/3b107005-f4b8-40c2-954a-82077fd4d532 200 in 6ms (compile: 1545µs, render: 4ms)
 GET /api/tasks 200 in 7ms (compile: 3ms, render: 4ms)
 PUT /api/tasks/639890ca-de09-4b4b-a1f4-a5efc6b7b1b2 200 in 10ms (compile: 5ms, render: 5ms)
 PUT /api/tasks/3b107005-f4b8-40c2-954a-82077fd4d532 200 in 5ms (compile: 1501µs, render: 4ms)
 GET /api/tasks 200 in 6ms (compile: 2ms, render: 4ms)
 PUT /api/tasks/639890ca-de09-4b4b-a1f4-a5efc6b7b1b2 200 in 12ms (compile: 6ms, render: 7ms)
 PUT /api/tasks/3b107005-f4b8-40c2-954a-82077fd4d532 200 in 6ms (compile: 1885µs, render: 4ms)
 GET /api/tasks 200 in 6ms (compile: 2ms, render: 4ms)
 PUT /api/tasks/639890ca-de09-4b4b-a1f4-a5efc6b7b1b2 200 in 10ms (compile: 5ms, render: 5ms)
 PUT /api/tasks/3b107005-f4b8-40c2-954a-82077fd4d532 200 in 5ms (compile: 1415µs, render: 4ms)
 GET /api/tasks 200 in 6ms (compile: 3ms, render: 4ms)
 PUT /api/tasks/639890ca-de09-4b4b-a1f4-a5efc6b7b1b2 200 in 10ms (compile: 5ms, render: 6ms)
 PUT /api/tasks/3b107005-f4b8-40c2-954a-82077fd4d532 200 in 6ms (compile: 1687µs, render: 4ms)
 GET /api/tasks 200 in 6ms (compile: 2ms, render: 4ms)
 PUT /api/tasks/639890ca-de09-4b4b-a1f4-a5efc6b7b1b2 200 in 11ms (compile: 5ms, render: 5ms)
 PUT /api/tasks/3b107005-f4b8-40c2-954a-82077fd4d532 200 in 6ms (compile: 1564µs, render: 4ms)
 GET /api/tasks 200 in 6ms (compile: 2ms, render: 4ms)
 PUT /api/tasks/639890ca-de09-4b4b-a1f4-a5efc6b7b1b2 200 in 10ms (compile: 5ms, render: 5ms)
 PUT /api/tasks/3b107005-f4b8-40c2-954a-82077fd4d532 200 in 5ms (compile: 1389µs, render: 4ms)
 GET /api/tasks 200 in 6ms (compile: 2ms, render: 4ms)
 PUT /api/tasks/639890ca-de09-4b4b-a1f4-a5efc6b7b1b2 200 in 11ms (compile: 6ms, render: 5ms)
 PUT /api/tasks/3b107005-f4b8-40c2-954a-82077fd4d532 200 in 6ms (compile: 1577µs, render: 4ms)
 GET /api/tasks 200 in 6ms (compile: 2ms, render: 4ms)
 PUT /api/tasks/639890ca-de09-4b4b-a1f4-a5efc6b7b1b2 200 in 9ms (compile: 4ms, render: 5ms)
 PUT /api/tasks/3b107005-f4b8-40c2-954a-82077fd4d532 200 in 6ms (compile: 1523µs, render: 4ms)
 GET /api/tasks 200 in 6ms (compile: 2ms, render: 4ms)
 PUT /api/tasks/639890ca-de09-4b4b-a1f4-a5efc6b7b1b2 200 in 10ms (compile: 5ms, render: 5ms)
 PUT /api/tasks/3b107005-f4b8-40c2-954a-82077fd4d532 200 in 5ms (compile: 1494µs, render: 4ms)
 GET /api/tasks 200 in 6ms (compile: 2ms, render: 4ms)
 PUT /api/tasks/639890ca-de09-4b4b-a1f4-a5efc6b7b1b2 200 in 11ms (compile: 6ms, render: 6ms)
 PUT /api/tasks/3b107005-f4b8-40c2-954a-82077fd4d532 200 in 6ms (compile: 1722µs, render: 4ms)
 GET /api/tasks 200 in 4ms (compile: 1398µs, render: 3ms)
 PUT /api/tasks/639890ca-de09-4b4b-a1f4-a5efc6b7b1b2 200 in 8ms (compile: 4ms, render: 4ms)
 PUT /api/tasks/3b107005-f4b8-40c2-954a-82077fd4d532 200 in 5ms (compile: 1207µs, render: 3ms)
 GET /api/tasks 200 in 4ms (compile: 1663µs, render: 3ms)
 PUT /api/tasks/639890ca-de09-4b4b-a1f4-a5efc6b7b1b2 200 in 8ms (compile: 4ms, render: 4ms)
 PUT /api/tasks/3b107005-f4b8-40c2-954a-82077fd4d532 200 in 6ms (compile: 1418µs, render: 4ms)
 GET /api/tasks 200 in 4ms (compile: 1431µs, render: 3ms)
 PUT /api/tasks/639890ca-de09-4b4b-a1f4-a5efc6b7b1b2 200 in 7ms (compile: 3ms, render: 4ms)
 PUT /api/tasks/3b107005-f4b8-40c2-954a-82077fd4d532 200 in 5ms (compile: 1423µs, render: 3ms)
 GET /api/tasks 200 in 7ms (compile: 2ms, render: 4ms)
 PUT /api/tasks/639890ca-de09-4b4b-a1f4-a5efc6b7b1b2 200 in 12ms (compile: 5ms, render: 7ms)
 PUT /api/tasks/3b107005-f4b8-40c2-954a-82077fd4d532 200 in 4ms (compile: 1040µs, render: 3ms)
 GET /api/tasks 200 in 6ms (compile: 2ms, render: 4ms)
 PUT /api/tasks/639890ca-de09-4b4b-a1f4-a5efc6b7b1b2 200 in 9ms (compile: 5ms, render: 5ms)
 PUT /api/tasks/3b107005-f4b8-40c2-954a-82077fd4d532 200 in 5ms (compile: 1351µs, render: 4ms)
 GET /api/tasks 200 in 6ms (compile: 2ms, render: 4ms)
 PUT /api/tasks/639890ca-de09-4b4b-a1f4-a5efc6b7b1b2 200 in 11ms (compile: 4ms, render: 6ms)
 PUT /api/tasks/3b107005-f4b8-40c2-954a-82077fd4d532 200 in 6ms (compile: 1388µs, render: 5ms)
 GET /api/tasks 200 in 6ms (compile: 2ms, render: 4ms)
 PUT /api/tasks/639890ca-de09-4b4b-a1f4-a5efc6b7b1b2 200 in 10ms (compile: 4ms, render: 6ms)
 PUT /api/tasks/3b107005-f4b8-40c2-954a-82077fd4d532 200 in 7ms (compile: 1867µs, render: 5ms)
 GET /api/tasks 200 in 6ms (compile: 2ms, render: 4ms)
 PUT /api/tasks/639890ca-de09-4b4b-a1f4-a5efc6b7b1b2 200 in 11ms (compile: 5ms, render: 5ms)
 PUT /api/tasks/3b107005-f4b8-40c2-954a-82077fd4d532 200 in 6ms (compile: 1503µs, render: 4ms)
 GET /api/tasks 200 in 5ms (compile: 1921µs, render: 4ms)
 PUT /api/tasks/639890ca-de09-4b4b-a1f4-a5efc6b7b1b2 200 in 11ms (compile: 5ms, render: 5ms)
 PUT /api/tasks/3b107005-f4b8-40c2-954a-82077fd4d532 200 in 6ms (compile: 1559µs, render: 4ms)
 GET /api/tasks 200 in 6ms (compile: 2ms, render: 4ms)
 PUT /api/tasks/639890ca-de09-4b4b-a1f4-a5efc6b7b1b2 200 in 11ms (compile: 5ms, render: 6ms)
 PUT /api/tasks/3b107005-f4b8-40c2-954a-82077fd4d532 200 in 6ms (compile: 1603µs, render: 4ms)
 GET /api/tasks 200 in 6ms (compile: 2ms, render: 4ms)
 PUT /api/tasks/639890ca-de09-4b4b-a1f4-a5efc6b7b1b2 200 in 10ms (compile: 4ms, render: 6ms)
 PUT /api/tasks/3b107005-f4b8-40c2-954a-82077fd4d532 200 in 6ms (compile: 1621µs, render: 4ms)
 GET /api/tasks 200 in 6ms (compile: 2ms, render: 4ms)
 PUT /api/tasks/639890ca-de09-4b4b-a1f4-a5efc6b7b1b2 200 in 10ms (compile: 5ms, render: 5ms)
 PUT /api/tasks/3b107005-f4b8-40c2-954a-82077fd4d532 200 in 6ms (compile: 1551µs, render: 4ms)
 GET /api/tasks 200 in 6ms (compile: 2ms, render: 4ms)
 PUT /api/tasks/639890ca-de09-4b4b-a1f4-a5efc6b7b1b2 200 in 10ms (compile: 5ms, render: 5ms)
 PUT /api/tasks/3b107005-f4b8-40c2-954a-82077fd4d532 200 in 6ms (compile: 1686µs, render: 4ms)
 GET /api/tasks 200 in 6ms (compile: 2ms, render: 4ms)
 PUT /api/tasks/639890ca-de09-4b4b-a1f4-a5efc6b7b1b2 200 in 11ms (compile: 5ms, render: 6ms)
 PUT /api/tasks/3b107005-f4b8-40c2-954a-82077fd4d532 200 in 7ms (compile: 2ms, render: 4ms)
 GET /api/tasks 200 in 4ms (compile: 1480µs, render: 3ms)
 PUT /api/tasks/639890ca-de09-4b4b-a1f4-a5efc6b7b1b2 200 in 6ms (compile: 2ms, render: 3ms)
 PUT /api/tasks/3b107005-f4b8-40c2-954a-82077fd4d532 200 in 5ms (compile: 1224µs, render: 3ms)
 GET /api/tasks 200 in 6ms (compile: 1890µs, render: 4ms)
 PUT /api/tasks/639890ca-de09-4b4b-a1f4-a5efc6b7b1b2 200 in 9ms (compile: 4ms, render: 5ms)
 PUT /api/tasks/3b107005-f4b8-40c2-954a-82077fd4d532 200 in 6ms (compile: 1536µs, render: 4ms)
 GET /api/tasks 200 in 6ms (compile: 3ms, render: 4ms)
 PUT /api/tasks/639890ca-de09-4b4b-a1f4-a5efc6b7b1b2 200 in 10ms (compile: 5ms, render: 5ms)
 PUT /api/tasks/3b107005-f4b8-40c2-954a-82077fd4d532 200 in 6ms (compile: 1586µs, render: 4ms)
 POST /api/tasks 201 in 8ms (compile: 1663µs, render: 6ms)
 GET /api/tasks 200 in 6ms (compile: 2ms, render: 4ms)
 DELETE /api/tasks/e1b2d40e-4427-48a4-8515-575d6462fd38 200 in 10ms (compile: 5ms, render: 5ms)
 PUT /api/tasks/639890ca-de09-4b4b-a1f4-a5efc6b7b1b2 200 in 5ms (compile: 1600µs, render: 4ms)
 PUT /api/tasks/3b107005-f4b8-40c2-954a-82077fd4d532 200 in 5ms (compile: 1838µs, render: 3ms)
 GET /api/tasks 200 in 6ms (compile: 3ms, render: 4ms)
 PUT /api/tasks/639890ca-de09-4b4b-a1f4-a5efc6b7b1b2 200 in 10ms (compile: 5ms, render: 5ms)
 PUT /api/tasks/3b107005-f4b8-40c2-954a-82077fd4d532 200 in 6ms (compile: 1740µs, render: 4ms)
 GET /api/tasks 200 in 6ms (compile: 2ms, render: 4ms)
 PUT /api/tasks/639890ca-de09-4b4b-a1f4-a5efc6b7b1b2 200 in 10ms (compile: 5ms, render: 5ms)
 PUT /api/tasks/3b107005-f4b8-40c2-954a-82077fd4d532 200 in 6ms (compile: 1639µs, render: 4ms)
 POST /api/specs 404 in 78ms (compile: 77ms, render: 1694µs)
 GET /api/tasks 200 in 1915µs (compile: 723µs, render: 1192µs)
 PUT /api/tasks/639890ca-de09-4b4b-a1f4-a5efc6b7b1b2 200 in 3ms (compile: 1419µs, render: 1709µs)
 PUT /api/tasks/3b107005-f4b8-40c2-954a-82077fd4d532 200 in 1862µs (compile: 461µs, render: 1401µs)
 GET /api/tasks 200 in 6ms (compile: 2ms, render: 4ms)
 PUT /api/tasks/639890ca-de09-4b4b-a1f4-a5efc6b7b1b2 200 in 10ms (compile: 5ms, render: 5ms)
 PUT /api/tasks/3b107005-f4b8-40c2-954a-82077fd4d532 200 in 6ms (compile: 1719µs, render: 5ms)
 GET /api/tasks 200 in 6ms (compile: 2ms, render: 4ms)
 PUT /api/tasks/639890ca-de09-4b4b-a1f4-a5efc6b7b1b2 200 in 10ms (compile: 5ms, render: 5ms)
 PUT /api/tasks/3b107005-f4b8-40c2-954a-82077fd4d532 200 in 5ms (compile: 2ms, render: 3ms)
 GET /api/tasks 200 in 7ms (compile: 3ms, render: 4ms)
 PUT /api/tasks/639890ca-de09-4b4b-a1f4-a5efc6b7b1b2 200 in 10ms (compile: 5ms, render: 6ms)
 PUT /api/tasks/3b107005-f4b8-40c2-954a-82077fd4d532 200 in 6ms (compile: 1714µs, render: 4ms)
 GET /api/tasks 200 in 6ms (compile: 2ms, render: 4ms)
 PUT /api/tasks/639890ca-de09-4b4b-a1f4-a5efc6b7b1b2 200 in 10ms (compile: 5ms, render: 5ms)
 PUT /api/tasks/3b107005-f4b8-40c2-954a-82077fd4d532 200 in 5ms (compile: 1521µs, render: 4ms)
 GET /api/tasks 200 in 6ms (compile: 2ms, render: 4ms)
 PUT /api/tasks/639890ca-de09-4b4b-a1f4-a5efc6b7b1b2 200 in 10ms (compile: 5ms, render: 5ms)
 PUT /api/tasks/3b107005-f4b8-40c2-954a-82077fd4d532 200 in 6ms (compile: 1508µs, render: 4ms)
 GET /api/tasks 200 in 5ms (compile: 2ms, render: 3ms)
 PUT /api/tasks/639890ca-de09-4b4b-a1f4-a5efc6b7b1b2 200 in 8ms (compile: 4ms, render: 4ms)
 PUT /api/tasks/3b107005-f4b8-40c2-954a-82077fd4d532 200 in 4ms (compile: 1096µs, render: 3ms)
 GET /api/tasks 200 in 6ms (compile: 2ms, render: 4ms)
 PUT /api/tasks/639890ca-de09-4b4b-a1f4-a5efc6b7b1b2 200 in 9ms (compile: 5ms, render: 5ms)
 PUT /api/tasks/3b107005-f4b8-40c2-954a-82077fd4d532 200 in 5ms (compile: 1469µs, render: 4ms)
 GET /api/tasks 200 in 6ms (compile: 2ms, render: 4ms)
 PUT /api/tasks/639890ca-de09-4b4b-a1f4-a5efc6b7b1b2 200 in 10ms (compile: 5ms, render: 5ms)
 PUT /api/tasks/3b107005-f4b8-40c2-954a-82077fd4d532 200 in 5ms (compile: 1512µs, render: 4ms)
 GET /api/tasks 200 in 6ms (compile: 2ms, render: 4ms)
 PUT /api/tasks/639890ca-de09-4b4b-a1f4-a5efc6b7b1b2 200 in 11ms (compile: 5ms, render: 5ms)
 PUT /api/tasks/3b107005-f4b8-40c2-954a-82077fd4d532 200 in 6ms (compile: 1528µs, render: 4ms)
 GET /api/tasks 200 in 6ms (compile: 2ms, render: 4ms)
 PUT /api/tasks/639890ca-de09-4b4b-a1f4-a5efc6b7b1b2 200 in 11ms (compile: 5ms, render: 6ms)
 PUT /api/tasks/3b107005-f4b8-40c2-954a-82077fd4d532 200 in 5ms (compile: 1575µs, render: 4ms)
 GET /api/tasks 200 in 6ms (compile: 2ms, render: 4ms)
 PUT /api/tasks/639890ca-de09-4b4b-a1f4-a5efc6b7b1b2 200 in 11ms (compile: 5ms, render: 5ms)
 PUT /api/tasks/3b107005-f4b8-40c2-954a-82077fd4d532 200 in 6ms (compile: 1635µs, render: 4ms)
 GET /api/tasks 200 in 6ms (compile: 2ms, render: 4ms)
 PUT /api/tasks/639890ca-de09-4b4b-a1f4-a5efc6b7b1b2 200 in 10ms (compile: 5ms, render: 5ms)
 PUT /api/tasks/3b107005-f4b8-40c2-954a-82077fd4d532 200 in 7ms (compile: 1724µs, render: 5ms)
 GET /api/tasks 200 in 7ms (compile: 2ms, render: 5ms)
 PUT /api/tasks/639890ca-de09-4b4b-a1f4-a5efc6b7b1b2 200 in 11ms (compile: 6ms, render: 6ms)
 PUT /api/tasks/3b107005-f4b8-40c2-954a-82077fd4d532 200 in 7ms (compile: 1641µs, render: 5ms)
 GET /api/tasks 200 in 6ms (compile: 2ms, render: 4ms)
 PUT /api/tasks/639890ca-de09-4b4b-a1f4-a5efc6b7b1b2 200 in 10ms (compile: 4ms, render: 5ms)
 PUT /api/tasks/3b107005-f4b8-40c2-954a-82077fd4d532 200 in 6ms (compile: 1539µs, render: 4ms)
 GET /api/tasks 200 in 6ms (compile: 2ms, render: 4ms)
 PUT /api/tasks/639890ca-de09-4b4b-a1f4-a5efc6b7b1b2 200 in 11ms (compile: 5ms, render: 5ms)
 PUT /api/tasks/3b107005-f4b8-40c2-954a-82077fd4d532 200 in 5ms (compile: 1488µs, render: 4ms)
 GET /api/tasks 200 in 6ms (compile: 2ms, render: 4ms)
 PUT /api/tasks/639890ca-de09-4b4b-a1f4-a5efc6b7b1b2 200 in 10ms (compile: 5ms, render: 5ms)
 PUT /api/tasks/3b107005-f4b8-40c2-954a-82077fd4d532 200 in 6ms (compile: 1641µs, render: 4ms)
 GET /api/tasks 200 in 3ms (compile: 988µs, render: 1705µs)
 GET /api/tasks 200 in 6ms (compile: 2ms, render: 4ms)
 PUT /api/tasks/639890ca-de09-4b4b-a1f4-a5efc6b7b1b2 200 in 9ms (compile: 4ms, render: 5ms)
 PUT /api/tasks/3b107005-f4b8-40c2-954a-82077fd4d532 200 in 6ms (compile: 1792µs, render: 4ms)
 GET /api/tasks 200 in 6ms (compile: 2ms, render: 4ms)
 PUT /api/tasks/639890ca-de09-4b4b-a1f4-a5efc6b7b1b2 200 in 11ms (compile: 5ms, render: 5ms)
 PUT /api/tasks/3b107005-f4b8-40c2-954a-82077fd4d532 200 in 6ms (compile: 1553µs, render: 4ms)
 GET /api/tasks 200 in 6ms (compile: 2ms, render: 4ms)
 PUT /api/tasks/639890ca-de09-4b4b-a1f4-a5efc6b7b1b2 200 in 11ms (compile: 6ms, render: 6ms)
 PUT /api/tasks/3b107005-f4b8-40c2-954a-82077fd4d532 200 in 6ms (compile: 1624µs, render: 4ms)
 GET /api/tasks 200 in 6ms (compile: 2ms, render: 4ms)
 PUT /api/tasks/639890ca-de09-4b4b-a1f4-a5efc6b7b1b2 200 in 11ms (compile: 5ms, render: 5ms)
 PUT /api/tasks/3b107005-f4b8-40c2-954a-82077fd4d532 200 in 6ms (compile: 1597µs, render: 4ms)
 GET /api/tasks 200 in 6ms (compile: 2ms, render: 4ms)
 PUT /api/tasks/639890ca-de09-4b4b-a1f4-a5efc6b7b1b2 200 in 11ms (compile: 5ms, render: 6ms)
 PUT /api/tasks/3b107005-f4b8-40c2-954a-82077fd4d532 200 in 6ms (compile: 1723µs, render: 4ms)
 GET /api/tasks 200 in 6ms (compile: 2ms, render: 4ms)
 PUT /api/tasks/639890ca-de09-4b4b-a1f4-a5efc6b7b1b2 200 in 11ms (compile: 5ms, render: 6ms)
 PUT /api/tasks/3b107005-f4b8-40c2-954a-82077fd4d532 200 in 6ms (compile: 1624µs, render: 4ms)
 GET /api/tasks 200 in 7ms (compile: 2ms, render: 5ms)
 PUT /api/tasks/639890ca-de09-4b4b-a1f4-a5efc6b7b1b2 200 in 10ms (compile: 5ms, render: 5ms)
 PUT /api/tasks/3b107005-f4b8-40c2-954a-82077fd4d532 200 in 6ms (compile: 1580µs, render: 4ms)
 GET /api/tasks 200 in 6ms (compile: 2ms, render: 4ms)
 PUT /api/tasks/639890ca-de09-4b4b-a1f4-a5efc6b7b1b2 200 in 10ms (compile: 5ms, render: 6ms)
 PUT /api/tasks/3b107005-f4b8-40c2-954a-82077fd4d532 200 in 6ms (compile: 1589µs, render: 5ms)
 GET /api/tasks 200 in 6ms (compile: 2ms, render: 4ms)
 PUT /api/tasks/639890ca-de09-4b4b-a1f4-a5efc6b7b1b2 200 in 11ms (compile: 6ms, render: 5ms)
 PUT /api/tasks/3b107005-f4b8-40c2-954a-82077fd4d532 200 in 5ms (compile: 1517µs, render: 4ms)
 GET /api/tasks 200 in 6ms (compile: 2ms, render: 4ms)
 PUT /api/tasks/639890ca-de09-4b4b-a1f4-a5efc6b7b1b2 200 in 11ms (compile: 5ms, render: 6ms)
 PUT /api/tasks/3b107005-f4b8-40c2-954a-82077fd4d532 200 in 5ms (compile: 1561µs, render: 4ms)
 GET /api/tasks 200 in 6ms (compile: 2ms, render: 4ms)
 PUT /api/tasks/639890ca-de09-4b4b-a1f4-a5efc6b7b1b2 200 in 10ms (compile: 5ms, render: 5ms)
 PUT /api/tasks/3b107005-f4b8-40c2-954a-82077fd4d532 200 in 5ms (compile: 1522µs, render: 4ms)
 GET /api/tasks 200 in 6ms (compile: 3ms, render: 4ms)
 PUT /api/tasks/639890ca-de09-4b4b-a1f4-a5efc6b7b1b2 200 in 9ms (compile: 4ms, render: 5ms)
 PUT /api/tasks/3b107005-f4b8-40c2-954a-82077fd4d532 200 in 5ms (compile: 1458µs, render: 4ms)
 POST /api/tasks 201 in 3ms (compile: 747µs, render: 1830µs)
 GET /api/tasks 200 in 6ms (compile: 2ms, render: 4ms)
 DELETE /api/tasks/e31f25ac-5ea2-46cc-93d6-96f5bc79d1b7 200 in 10ms (compile: 5ms, render: 5ms)
 PUT /api/tasks/639890ca-de09-4b4b-a1f4-a5efc6b7b1b2 200 in 6ms (compile: 1510µs, render: 4ms)
 PUT /api/tasks/3b107005-f4b8-40c2-954a-82077fd4d532 200 in 5ms (compile: 1561µs, render: 4ms)
 GET /api/tasks 200 in 6ms (compile: 2ms, render: 4ms)
 PUT /api/tasks/639890ca-de09-4b4b-a1f4-a5efc6b7b1b2 200 in 11ms (compile: 5ms, render: 5ms)
 PUT /api/tasks/3b107005-f4b8-40c2-954a-82077fd4d532 200 in 6ms (compile: 1664µs, render: 4ms)
 GET /api/tasks 200 in 6ms (compile: 2ms, render: 4ms)
 PUT /api/tasks/639890ca-de09-4b4b-a1f4-a5efc6b7b1b2 200 in 10ms (compile: 4ms, render: 6ms)
 PUT /api/tasks/3b107005-f4b8-40c2-954a-82077fd4d532 200 in 6ms (compile: 1724µs, render: 4ms)
 POST /api/specs 404 in 10ms (compile: 3ms, render: 7ms)
 GET /api/tasks 200 in 6ms (compile: 2ms, render: 4ms)
 PUT /api/tasks/639890ca-de09-4b4b-a1f4-a5efc6b7b1b2 200 in 10ms (compile: 5ms, render: 5ms)
 PUT /api/tasks/3b107005-f4b8-40c2-954a-82077fd4d532 200 in 5ms (compile: 2ms, render: 3ms)
 GET /api/tasks 200 in 6ms (compile: 2ms, render: 4ms)
 PUT /api/tasks/639890ca-de09-4b4b-a1f4-a5efc6b7b1b2 200 in 10ms (compile: 4ms, render: 6ms)
 PUT /api/tasks/3b107005-f4b8-40c2-954a-82077fd4d532 200 in 5ms (compile: 1523µs, render: 4ms)
 GET /api/tasks 200 in 6ms (compile: 1887µs, render: 4ms)
 PUT /api/tasks/639890ca-de09-4b4b-a1f4-a5efc6b7b1b2 200 in 10ms (compile: 5ms, render: 5ms)
 PUT /api/tasks/3b107005-f4b8-40c2-954a-82077fd4d532 200 in 7ms (compile: 1761µs, render: 5ms)
 GET /api/tasks 200 in 6ms (compile: 3ms, render: 3ms)
 PUT /api/tasks/639890ca-de09-4b4b-a1f4-a5efc6b7b1b2 200 in 9ms (compile: 4ms, render: 5ms)
 PUT /api/tasks/3b107005-f4b8-40c2-954a-82077fd4d532 200 in 5ms (compile: 1484µs, render: 4ms)
 GET /api/tasks 200 in 6ms (compile: 2ms, render: 4ms)
 PUT /api/tasks/639890ca-de09-4b4b-a1f4-a5efc6b7b1b2 200 in 12ms (compile: 5ms, render: 7ms)
 PUT /api/tasks/3b107005-f4b8-40c2-954a-82077fd4d532 200 in 7ms (compile: 2ms, render: 5ms)
 GET /api/tasks 200 in 6ms (compile: 2ms, render: 4ms)
 PUT /api/tasks/639890ca-de09-4b4b-a1f4-a5efc6b7b1b2 200 in 11ms (compile: 6ms, render: 6ms)
 PUT /api/tasks/3b107005-f4b8-40c2-954a-82077fd4d532 200 in 6ms (compile: 1595µs, render: 4ms)
 GET /api/tasks 200 in 6ms (compile: 2ms, render: 4ms)
 PUT /api/tasks/639890ca-de09-4b4b-a1f4-a5efc6b7b1b2 200 in 9ms (compile: 4ms, render: 5ms)
 PUT /api/tasks/3b107005-f4b8-40c2-954a-82077fd4d532 200 in 5ms (compile: 1371µs, render: 4ms)
 GET /api/tasks 200 in 6ms (compile: 2ms, render: 4ms)
 PUT /api/tasks/639890ca-de09-4b4b-a1f4-a5efc6b7b1b2 200 in 9ms (compile: 4ms, render: 5ms)
 PUT /api/tasks/3b107005-f4b8-40c2-954a-82077fd4d532 200 in 5ms (compile: 1438µs, render: 4ms)
 GET /api/tasks 200 in 6ms (compile: 2ms, render: 4ms)
 PUT /api/tasks/639890ca-de09-4b4b-a1f4-a5efc6b7b1b2 200 in 10ms (compile: 5ms, render: 5ms)
 PUT /api/tasks/3b107005-f4b8-40c2-954a-82077fd4d532 200 in 6ms (compile: 1620µs, render: 4ms)
 GET /api/tasks 200 in 6ms (compile: 2ms, render: 4ms)
 PUT /api/tasks/639890ca-de09-4b4b-a1f4-a5efc6b7b1b2 200 in 11ms (compile: 5ms, render: 5ms)
 PUT /api/tasks/3b107005-f4b8-40c2-954a-82077fd4d532 200 in 6ms (compile: 1593µs, render: 4ms)
 GET /api/tasks 200 in 6ms (compile: 2ms, render: 4ms)
 PUT /api/tasks/639890ca-de09-4b4b-a1f4-a5efc6b7b1b2 200 in 11ms (compile: 5ms, render: 6ms)
 PUT /api/tasks/3b107005-f4b8-40c2-954a-82077fd4d532 200 in 6ms (compile: 1556µs, render: 5ms)
 GET /api/tasks 200 in 7ms (compile: 2ms, render: 4ms)
 PUT /api/tasks/639890ca-de09-4b4b-a1f4-a5efc6b7b1b2 200 in 10ms (compile: 5ms, render: 5ms)
 PUT /api/tasks/3b107005-f4b8-40c2-954a-82077fd4d532 200 in 5ms (compile: 1455µs, render: 4ms)
 GET /api/tasks 200 in 6ms (compile: 2ms, render: 4ms)
 PUT /api/tasks/639890ca-de09-4b4b-a1f4-a5efc6b7b1b2 200 in 11ms (compile: 5ms, render: 5ms)
 PUT /api/tasks/3b107005-f4b8-40c2-954a-82077fd4d532 200 in 6ms (compile: 1490µs, render: 4ms)
 GET /api/tasks 200 in 6ms (compile: 2ms, render: 4ms)
 PUT /api/tasks/639890ca-de09-4b4b-a1f4-a5efc6b7b1b2 200 in 12ms (compile: 6ms, render: 6ms)
 PUT /api/tasks/3b107005-f4b8-40c2-954a-82077fd4d532 200 in 7ms (compile: 1667µs, render: 5ms)
 GET /api/tasks 200 in 6ms (compile: 2ms, render: 4ms)
 PUT /api/tasks/639890ca-de09-4b4b-a1f4-a5efc6b7b1b2 200 in 10ms (compile: 5ms, render: 5ms)
 PUT /api/tasks/3b107005-f4b8-40c2-954a-82077fd4d532 200 in 5ms (compile: 1417µs, render: 4ms)
 GET /api/tasks 200 in 6ms (compile: 2ms, render: 4ms)
 PUT /api/tasks/639890ca-de09-4b4b-a1f4-a5efc6b7b1b2 200 in 10ms (compile: 5ms, render: 5ms)
 PUT /api/tasks/3b107005-f4b8-40c2-954a-82077fd4d532 200 in 5ms (compile: 1409µs, render: 4ms)
 GET /api/tasks 200 in 6ms (compile: 3ms, render: 4ms)
 PUT /api/tasks/639890ca-de09-4b4b-a1f4-a5efc6b7b1b2 200 in 11ms (compile: 6ms, render: 5ms)
 PUT /api/tasks/3b107005-f4b8-40c2-954a-82077fd4d532 200 in 6ms (compile: 1492µs, render: 4ms)
 GET /api/tasks 200 in 5ms (compile: 1504µs, render: 3ms)
 PUT /api/tasks/639890ca-de09-4b4b-a1f4-a5efc6b7b1b2 200 in 8ms (compile: 4ms, render: 4ms)
 PUT /api/tasks/3b107005-f4b8-40c2-954a-82077fd4d532 200 in 5ms (compile: 1172µs, render: 3ms)
 GET /api/tasks 200 in 6ms (compile: 2ms, render: 4ms)
 PUT /api/tasks/639890ca-de09-4b4b-a1f4-a5efc6b7b1b2 200 in 9ms (compile: 5ms, render: 5ms)
 PUT /api/tasks/3b107005-f4b8-40c2-954a-82077fd4d532 200 in 6ms (compile: 1592µs, render: 4ms)
 GET /api/tasks 200 in 6ms (compile: 2ms, render: 4ms)
 PUT /api/tasks/639890ca-de09-4b4b-a1f4-a5efc6b7b1b2 200 in 10ms (compile: 4ms, render: 6ms)
 PUT /api/tasks/3b107005-f4b8-40c2-954a-82077fd4d532 200 in 7ms (compile: 1955µs, render: 5ms)
 GET /api/tasks 200 in 6ms (compile: 2ms, render: 4ms)
 PUT /api/tasks/639890ca-de09-4b4b-a1f4-a5efc6b7b1b2 200 in 10ms (compile: 5ms, render: 5ms)
 PUT /api/tasks/3b107005-f4b8-40c2-954a-82077fd4d532 200 in 6ms (compile: 1614µs, render: 4ms)
 GET /api/tasks 200 in 6ms (compile: 2ms, render: 4ms)
 PUT /api/tasks/639890ca-de09-4b4b-a1f4-a5efc6b7b1b2 200 in 11ms (compile: 5ms, render: 7ms)
 PUT /api/tasks/3b107005-f4b8-40c2-954a-82077fd4d532 200 in 3ms (compile: 869µs, render: 2ms)
 GET /api/tasks 200 in 6ms (compile: 2ms, render: 4ms)
 PUT /api/tasks/639890ca-de09-4b4b-a1f4-a5efc6b7b1b2 200 in 11ms (compile: 5ms, render: 5ms)
 PUT /api/tasks/3b107005-f4b8-40c2-954a-82077fd4d532 200 in 5ms (compile: 1494µs, render: 4ms)
 GET /api/tasks 200 in 5ms (compile: 1946µs, render: 3ms)
 PUT /api/tasks/639890ca-de09-4b4b-a1f4-a5efc6b7b1b2 200 in 10ms (compile: 5ms, render: 5ms)
 PUT /api/tasks/3b107005-f4b8-40c2-954a-82077fd4d532 200 in 5ms (compile: 1515µs, render: 4ms)
 GET /api/tasks 200 in 6ms (compile: 2ms, render: 4ms)
 PUT /api/tasks/639890ca-de09-4b4b-a1f4-a5efc6b7b1b2 200 in 11ms (compile: 5ms, render: 6ms)
 PUT /api/tasks/3b107005-f4b8-40c2-954a-82077fd4d532 200 in 6ms (compile: 1648µs, render: 4ms)
 GET /api/tasks 200 in 6ms (compile: 2ms, render: 4ms)
 PUT /api/tasks/639890ca-de09-4b4b-a1f4-a5efc6b7b1b2 200 in 11ms (compile: 5ms, render: 6ms)
 PUT /api/tasks/3b107005-f4b8-40c2-954a-82077fd4d532 200 in 6ms (compile: 1639µs, render: 4ms)
 GET /api/tasks 200 in 6ms (compile: 2ms, render: 4ms)
 PUT /api/tasks/639890ca-de09-4b4b-a1f4-a5efc6b7b1b2 200 in 10ms (compile: 5ms, render: 5ms)
 PUT /api/tasks/3b107005-f4b8-40c2-954a-82077fd4d532 200 in 5ms (compile: 1491µs, render: 4ms)
 GET /api/tasks 200 in 5ms (compile: 2ms, render: 3ms)
 PUT /api/tasks/639890ca-de09-4b4b-a1f4-a5efc6b7b1b2 200 in 11ms (compile: 5ms, render: 5ms)
 PUT /api/tasks/3b107005-f4b8-40c2-954a-82077fd4d532 200 in 5ms (compile: 1537µs, render: 4ms)
 GET /api/tasks 200 in 6ms (compile: 2ms, render: 4ms)
 PUT /api/tasks/639890ca-de09-4b4b-a1f4-a5efc6b7b1b2 200 in 10ms (compile: 4ms, render: 5ms)
 PUT /api/tasks/3b107005-f4b8-40c2-954a-82077fd4d532 200 in 6ms (compile: 1580µs, render: 4ms)
 GET /api/tasks 200 in 6ms (compile: 2ms, render: 4ms)
 PUT /api/tasks/639890ca-de09-4b4b-a1f4-a5efc6b7b1b2 200 in 9ms (compile: 4ms, render: 5ms)
 PUT /api/tasks/3b107005-f4b8-40c2-954a-82077fd4d532 200 in 6ms (compile: 1550µs, render: 4ms)
 GET /api/tasks 200 in 6ms (compile: 2ms, render: 4ms)
 PUT /api/tasks/639890ca-de09-4b4b-a1f4-a5efc6b7b1b2 200 in 11ms (compile: 5ms, render: 5ms)
 PUT /api/tasks/3b107005-f4b8-40c2-954a-82077fd4d532 200 in 6ms (compile: 1537µs, render: 4ms)
 GET /api/tasks 200 in 6ms (compile: 2ms, render: 4ms)
 PUT /api/tasks/639890ca-de09-4b4b-a1f4-a5efc6b7b1b2 200 in 11ms (compile: 5ms, render: 6ms)
 PUT /api/tasks/3b107005-f4b8-40c2-954a-82077fd4d532 200 in 5ms (compile: 1689µs, render: 3ms)
 GET /api/tasks 200 in 6ms (compile: 2ms, render: 4ms)
 PUT /api/tasks/639890ca-de09-4b4b-a1f4-a5efc6b7b1b2 200 in 11ms (compile: 6ms, render: 5ms)
 PUT /api/tasks/3b107005-f4b8-40c2-954a-82077fd4d532 200 in 5ms (compile: 1546µs, render: 4ms)
 GET /api/tasks 200 in 6ms (compile: 2ms, render: 4ms)
 PUT /api/tasks/639890ca-de09-4b4b-a1f4-a5efc6b7b1b2 200 in 10ms (compile: 5ms, render: 5ms)
 PUT /api/tasks/3b107005-f4b8-40c2-954a-82077fd4d532 200 in 6ms (compile: 1450µs, render: 4ms)
 GET /api/tasks 200 in 6ms (compile: 3ms, render: 3ms)
 PUT /api/tasks/639890ca-de09-4b4b-a1f4-a5efc6b7b1b2 200 in 10ms (compile: 5ms, render: 5ms)
 PUT /api/tasks/3b107005-f4b8-40c2-954a-82077fd4d532 200 in 5ms (compile: 1482µs, render: 4ms)
 GET /api/tasks 200 in 6ms (compile: 2ms, render: 4ms)
 PUT /api/tasks/639890ca-de09-4b4b-a1f4-a5efc6b7b1b2 200 in 10ms (compile: 5ms, render: 6ms)
 PUT /api/tasks/3b107005-f4b8-40c2-954a-82077fd4d532 200 in 6ms (compile: 1538µs, render: 5ms)
 POST /api/tasks 201 in 5ms (compile: 1446µs, render: 3ms)
 GET /api/tasks 200 in 6ms (compile: 2ms, render: 4ms)
 DELETE /api/tasks/0c9810d1-ec7e-457d-b109-b8ece5621e9c 200 in 9ms (compile: 5ms, render: 5ms)
 PUT /api/tasks/639890ca-de09-4b4b-a1f4-a5efc6b7b1b2 200 in 6ms (compile: 1549µs, render: 4ms)
 PUT /api/tasks/3b107005-f4b8-40c2-954a-82077fd4d532 200 in 5ms (compile: 1517µs, render: 3ms)
 GET /api/tasks 200 in 6ms (compile: 2ms, render: 4ms)
 PUT /api/tasks/639890ca-de09-4b4b-a1f4-a5efc6b7b1b2 200 in 10ms (compile: 5ms, render: 5ms)
 PUT /api/tasks/3b107005-f4b8-40c2-954a-82077fd4d532 200 in 5ms (compile: 1461µs, render: 4ms)
 GET /api/tasks 200 in 5ms (compile: 2ms, render: 3ms)
 PUT /api/tasks/639890ca-de09-4b4b-a1f4-a5efc6b7b1b2 200 in 11ms (compile: 5ms, render: 6ms)
 PUT /api/tasks/3b107005-f4b8-40c2-954a-82077fd4d532 200 in 6ms (compile: 1576µs, render: 4ms)
 GET /api/tasks 200 in 6ms (compile: 2ms, render: 4ms)
 PUT /api/tasks/639890ca-de09-4b4b-a1f4-a5efc6b7b1b2 200 in 10ms (compile: 5ms, render: 5ms)
 PUT /api/tasks/3b107005-f4b8-40c2-954a-82077fd4d532 200 in 6ms (compile: 1578µs, render: 4ms)
 GET /api/tasks 200 in 6ms (compile: 2ms, render: 4ms)
 PUT /api/tasks/639890ca-de09-4b4b-a1f4-a5efc6b7b1b2 200 in 11ms (compile: 6ms, render: 5ms)
 PUT /api/tasks/3b107005-f4b8-40c2-954a-82077fd4d532 200 in 6ms (compile: 1700µs, render: 4ms)
 GET /api/tasks 200 in 6ms (compile: 2ms, render: 4ms)
 PUT /api/tasks/639890ca-de09-4b4b-a1f4-a5efc6b7b1b2 200 in 10ms (compile: 5ms, render: 5ms)
 PUT /api/tasks/3b107005-f4b8-40c2-954a-82077fd4d532 200 in 5ms (compile: 1760µs, render: 3ms)
 GET /api/tasks 200 in 6ms (compile: 2ms, render: 4ms)
 PUT /api/tasks/639890ca-de09-4b4b-a1f4-a5efc6b7b1b2 200 in 11ms (compile: 5ms, render: 5ms)
 PUT /api/tasks/3b107005-f4b8-40c2-954a-82077fd4d532 200 in 5ms (compile: 1474µs, render: 4ms)
 GET /api/tasks 200 in 6ms (compile: 2ms, render: 4ms)
 PUT /api/tasks/639890ca-de09-4b4b-a1f4-a5efc6b7b1b2 200 in 11ms (compile: 5ms, render: 6ms)
 PUT /api/tasks/3b107005-f4b8-40c2-954a-82077fd4d532 200 in 6ms (compile: 1655µs, render: 4ms)
 GET /api/tasks 200 in 4ms (compile: 1691µs, render: 2ms)
 PUT /api/tasks/639890ca-de09-4b4b-a1f4-a5efc6b7b1b2 200 in 7ms (compile: 4ms, render: 3ms)
 PUT /api/tasks/3b107005-f4b8-40c2-954a-82077fd4d532 200 in 4ms (compile: 1068µs, render: 3ms)
 GET /api/tasks 200 in 7ms (compile: 3ms, render: 4ms)
 PUT /api/tasks/639890ca-de09-4b4b-a1f4-a5efc6b7b1b2 200 in 10ms (compile: 5ms, render: 5ms)
 PUT /api/tasks/3b107005-f4b8-40c2-954a-82077fd4d532 200 in 5ms (compile: 1484µs, render: 4ms)
 GET /api/tasks 200 in 6ms (compile: 2ms, render: 4ms)
 PUT /api/tasks/639890ca-de09-4b4b-a1f4-a5efc6b7b1b2 200 in 10ms (compile: 5ms, render: 5ms)
 PUT /api/tasks/3b107005-f4b8-40c2-954a-82077fd4d532 200 in 5ms (compile: 1477µs, render: 4ms)
 GET /api/tasks 200 in 6ms (compile: 2ms, render: 4ms)
 PUT /api/tasks/639890ca-de09-4b4b-a1f4-a5efc6b7b1b2 200 in 10ms (compile: 5ms, render: 5ms)
 PUT /api/tasks/3b107005-f4b8-40c2-954a-82077fd4d532 200 in 5ms (compile: 1519µs, render: 4ms)
 GET /api/tasks 200 in 6ms (compile: 2ms, render: 4ms)
 PUT /api/tasks/639890ca-de09-4b4b-a1f4-a5efc6b7b1b2 200 in 10ms (compile: 5ms, render: 5ms)
 PUT /api/tasks/3b107005-f4b8-40c2-954a-82077fd4d532 200 in 6ms (compile: 1575µs, render: 4ms)
 GET /api/tasks 200 in 6ms (compile: 2ms, render: 4ms)
 PUT /api/tasks/639890ca-de09-4b4b-a1f4-a5efc6b7b1b2 200 in 11ms (compile: 6ms, render: 5ms)
 PUT /api/tasks/3b107005-f4b8-40c2-954a-82077fd4d532 200 in 6ms (compile: 1689µs, render: 4ms)
 GET /api/tasks 200 in 6ms (compile: 2ms, render: 4ms)
 PUT /api/tasks/639890ca-de09-4b4b-a1f4-a5efc6b7b1b2 200 in 10ms (compile: 5ms, render: 5ms)
 PUT /api/tasks/3b107005-f4b8-40c2-954a-82077fd4d532 200 in 5ms (compile: 1593µs, render: 4ms)
 GET /api/tasks 200 in 6ms (compile: 2ms, render: 4ms)
 PUT /api/tasks/639890ca-de09-4b4b-a1f4-a5efc6b7b1b2 200 in 10ms (compile: 5ms, render: 5ms)
 PUT /api/tasks/3b107005-f4b8-40c2-954a-82077fd4d532 200 in 6ms (compile: 1557µs, render: 5ms)
 GET /api/tasks 200 in 7ms (compile: 2ms, render: 4ms)
 PUT /api/tasks/639890ca-de09-4b4b-a1f4-a5efc6b7b1b2 200 in 10ms (compile: 4ms, render: 6ms)
 PUT /api/tasks/3b107005-f4b8-40c2-954a-82077fd4d532 200 in 5ms (compile: 1485µs, render: 4ms)
 GET /api/tasks 200 in 6ms (compile: 2ms, render: 4ms)
 PUT /api/tasks/639890ca-de09-4b4b-a1f4-a5efc6b7b1b2 200 in 10ms (compile: 5ms, render: 5ms)
 PUT /api/tasks/3b107005-f4b8-40c2-954a-82077fd4d532 200 in 5ms (compile: 1499µs, render: 4ms)
 GET /api/tasks 200 in 6ms (compile: 2ms, render: 4ms)
 PUT /api/tasks/639890ca-de09-4b4b-a1f4-a5efc6b7b1b2 200 in 11ms (compile: 5ms, render: 5ms)
 PUT /api/tasks/3b107005-f4b8-40c2-954a-82077fd4d532 200 in 5ms (compile: 1434µs, render: 4ms)
 GET /api/tasks 200 in 6ms (compile: 2ms, render: 4ms)
 PUT /api/tasks/639890ca-de09-4b4b-a1f4-a5efc6b7b1b2 200 in 11ms (compile: 6ms, render: 5ms)
 PUT /api/tasks/3b107005-f4b8-40c2-954a-82077fd4d532 200 in 5ms (compile: 1519µs, render: 4ms)
 GET /api/tasks 200 in 6ms (compile: 2ms, render: 4ms)
 PUT /api/tasks/639890ca-de09-4b4b-a1f4-a5efc6b7b1b2 200 in 11ms (compile: 5ms, render: 5ms)
 PUT /api/tasks/3b107005-f4b8-40c2-954a-82077fd4d532 200 in 6ms (compile: 1499µs, render: 4ms)
 GET /api/tasks 200 in 6ms (compile: 3ms, render: 3ms)
 PUT /api/tasks/639890ca-de09-4b4b-a1f4-a5efc6b7b1b2 200 in 11ms (compile: 6ms, render: 5ms)
 PUT /api/tasks/3b107005-f4b8-40c2-954a-82077fd4d532 200 in 6ms (compile: 1516µs, render: 4ms)
 GET /api/tasks 200 in 6ms (compile: 3ms, render: 4ms)
 PUT /api/tasks/639890ca-de09-4b4b-a1f4-a5efc6b7b1b2 200 in 11ms (compile: 5ms, render: 6ms)
 PUT /api/tasks/3b107005-f4b8-40c2-954a-82077fd4d532 200 in 6ms (compile: 1550µs, render: 4ms)
 GET /api/tasks 200 in 8ms (compile: 3ms, render: 5ms)
 DELETE /api/tasks/test-task-001 200 in 10ms (compile: 6ms, render: 5ms)
 POST /api/tasks 201 in 6ms (compile: 1737µs, render: 4ms)
 POST /api/tasks 201 in 4ms (compile: 1106µs, render: 3ms)
 GET /api/tasks 200 in 6ms (compile: 2ms, render: 4ms)
 DELETE /api/tasks/f1814017-24ab-4e3a-b80c-3fb91bd12525 200 in 9ms (compile: 5ms, render: 5ms)
 DELETE /api/tasks/04b250db-d195-4a2c-bfcd-ae0ba6c5d61d 200 in 5ms (compile: 1579µs, render: 4ms)
 POST /api/tasks 201 in 5ms (compile: 1364µs, render: 3ms)
 POST /api/tasks 201 in 4ms (compile: 1728µs, render: 2ms)
 GET /api/tasks 200 in 6ms (compile: 2ms, render: 4ms)
 DELETE /api/tasks/4c602390-a5cd-463c-b6c0-416e85a50d10 200 in 11ms (compile: 6ms, render: 5ms)
 DELETE /api/tasks/5d1e0dc4-9d5e-48dd-857e-40d94427d731 200 in 5ms (compile: 1528µs, render: 4ms)
 POST /api/tasks 201 in 5ms (compile: 1479µs, render: 4ms)
 POST /api/tasks 201 in 3ms (compile: 973µs, render: 2ms)
 GET /api/tasks 200 in 4ms (compile: 1360µs, render: 2ms)
 DELETE /api/tasks/7567ba87-11a9-4584-9138-383a3ee75d31 200 in 9ms (compile: 4ms, render: 6ms)
 DELETE /api/tasks/786b5a10-7efe-434a-a62b-7ae9254fef15 200 in 4ms (compile: 1065µs, render: 3ms)
 POST /api/tasks 201 in 3ms (compile: 803µs, render: 2ms)
 POST /api/tasks 201 in 3ms (compile: 792µs, render: 2ms)
 GET /api/tasks 200 in 6ms (compile: 2ms, render: 4ms)
 DELETE /api/tasks/5baef1a7-5c80-4cdf-94be-18945dcbf767 200 in 10ms (compile: 5ms, render: 5ms)
 DELETE /api/tasks/a46aec0c-13a3-4baa-baf1-671aed796cf6 200 in 8ms (compile: 3ms, render: 5ms)
 POST /api/tasks 201 in 5ms (compile: 1429µs, render: 4ms)
 POST /api/tasks 201 in 4ms (compile: 1355µs, render: 3ms)
 POST /api/specs 404 in 3ms (compile: 970µs, render: 2ms)
 GET /api/tasks 200 in 6ms (compile: 2ms, render: 4ms)
 DELETE /api/tasks/03491709-e5ae-477e-b8a9-db353a6d80ec 200 in 10ms (compile: 5ms, render: 4ms)
 DELETE /api/tasks/f076d212-29ff-4b3f-8dcf-9dfc1cd18049 200 in 5ms (compile: 1500µs, render: 3ms)
 POST /api/tasks 201 in 6ms (compile: 1313µs, render: 4ms)
 POST /api/tasks 201 in 4ms (compile: 1189µs, render: 3ms)
 GET /api/tasks 200 in 6ms (compile: 2ms, render: 4ms)
 DELETE /api/tasks/a1c3cdae-0ba1-4811-8ee4-c1f874098e0f 200 in 12ms (compile: 6ms, render: 6ms)
 DELETE /api/tasks/58edcf30-0921-4247-ba39-14e443de1d25 200 in 3ms (compile: 836µs, render: 1860µs)
 POST /api/tasks 201 in 3ms (compile: 605µs, render: 2ms)
 POST /api/tasks 201 in 2ms (compile: 558µs, render: 1654µs)
 GET /api/tasks 200 in 6ms (compile: 2ms, render: 4ms)
 DELETE /api/tasks/fbfe1d90-da37-4bf1-b93a-50d52f95f030 200 in 9ms (compile: 5ms, render: 4ms)
 DELETE /api/tasks/9cffd73c-4a20-40d3-b885-59e6592e94b1 200 in 6ms (compile: 1843µs, render: 4ms)
 POST /api/tasks 201 in 6ms (compile: 1537µs, render: 4ms)
 POST /api/tasks 201 in 4ms (compile: 1239µs, render: 3ms)
 GET /api/tasks 200 in 9ms (compile: 3ms, render: 5ms)
 GET /api/tasks 200 in 6ms (compile: 2ms, render: 4ms)
 DELETE /api/tasks/359ee741-f5ae-4350-8542-cc81878b13b8 200 in 10ms (compile: 5ms, render: 5ms)
 DELETE /api/tasks/1c4592c6-ebcd-4d56-99f4-c6976df7270a 200 in 6ms (compile: 1614µs, render: 4ms)
 POST /api/tasks 201 in 5ms (compile: 1555µs, render: 3ms)
 POST /api/tasks 201 in 3ms (compile: 879µs, render: 2ms)
 GET /api/tasks 200 in 6ms (compile: 2ms, render: 4ms)
 DELETE /api/tasks/851acfc4-a2d0-41e8-b6db-b671f988adb0 200 in 10ms (compile: 5ms, render: 5ms)
 DELETE /api/tasks/47eb4099-7b70-4945-a2d5-3d28ff14cf86 200 in 5ms (compile: 1651µs, render: 4ms)
 POST /api/tasks 201 in 6ms (compile: 2ms, render: 4ms)
 POST /api/tasks 201 in 4ms (compile: 1097µs, render: 3ms)
 GET /api/tasks 200 in 6ms (compile: 2ms, render: 4ms)
 DELETE /api/tasks/824bb9f0-aebd-4d8d-9ef5-17e5377d71f2 200 in 9ms (compile: 4ms, render: 5ms)
 DELETE /api/tasks/8c2ff8dd-2296-46eb-b0bc-36a42904e853 200 in 5ms (compile: 1512µs, render: 4ms)
 POST /api/tasks 201 in 4ms (compile: 1339µs, render: 3ms)
 POST /api/tasks 201 in 3ms (compile: 728µs, render: 1964µs)
 GET /api/tasks 200 in 6ms (compile: 2ms, render: 4ms)
 DELETE /api/tasks/f5c87e36-8d4a-4324-b08e-79c8bea5baa3 200 in 10ms (compile: 5ms, render: 5ms)
 DELETE /api/tasks/04a3058d-1d53-41ae-ab7c-f4591a375835 200 in 6ms (compile: 1554µs, render: 4ms)
 POST /api/tasks 201 in 5ms (compile: 1810µs, render: 3ms)
 POST /api/tasks 201 in 4ms (compile: 1224µs, render: 3ms)
[?25h

> dev-board@1.0.0 dev
> next dev

▲ Next.js 16.1.6 (Turbopack)
- Local:         http://localhost:3000
- Network:       http://192.168.100.126:3000

✓ Starting...
✓ Ready in 211ms
 GET /api/tasks 200 in 99ms (compile: 91ms, render: 9ms)
 DELETE /api/tasks/68432257-ebcf-4d7c-b696-58c619aed261 200 in 101ms
 GET / 200 in 103ms (compile: 54ms, render: 49ms)
 GET /api/tasks 200 in 4ms (compile: 1761µs, render: 2ms)
 GET /api/tasks 200 in 7ms (compile: 2ms, render: 5ms)
 POST /api/tasks 201 in 7ms (compile: 1717µs, render: 5ms)
 PUT /api/tasks/480872a9-fe59-4c00-9c72-d9a321e8e15f 200 in 9ms (compile: 4ms, render: 5ms)
 GET /api/tasks 200 in 8ms (compile: 3ms, render: 5ms)
 DELETE /api/tasks/d1a4c360-3215-4a27-83b9-f6e4fd99b9eb 200 in 11ms (compile: 6ms, render: 5ms)
 POST /api/tasks 201 in 7ms (compile: 2ms, render: 5ms)
 PUT /api/tasks/480872a9-fe59-4c00-9c72-d9a321e8e15f 200 in 6ms (compile: 1657µs, render: 4ms)
 GET /api/tasks 200 in 7ms (compile: 3ms, render: 5ms)
 DELETE /api/tasks/b3d92617-16d4-4f17-b102-7ba4ccecdc80 200 in 10ms (compile: 5ms, render: 5ms)
 POST /api/tasks 201 in 6ms (compile: 1600µs, render: 4ms)
 PUT /api/tasks/480872a9-fe59-4c00-9c72-d9a321e8e15f 200 in 5ms (compile: 1656µs, render: 4ms)
 GET /api/tasks 200 in 6ms (compile: 2ms, render: 4ms)
 DELETE /api/tasks/9e37ea9b-67b5-482a-b98f-a7a4c7d3a36f 200 in 11ms (compile: 5ms, render: 6ms)
 POST /api/tasks 201 in 7ms (compile: 1806µs, render: 5ms)
 PUT /api/tasks/480872a9-fe59-4c00-9c72-d9a321e8e15f 200 in 5ms (compile: 1533µs, render: 3ms)
 GET /api/tasks 200 in 6ms (compile: 1864µs, render: 5ms)
 DELETE /api/tasks/366f39b8-d8ed-488f-a07a-0badbc785da9 200 in 10ms (compile: 5ms, render: 5ms)
 POST /api/tasks 201 in 6ms (compile: 1694µs, render: 4ms)
 PUT /api/tasks/480872a9-fe59-4c00-9c72-d9a321e8e15f 200 in 5ms (compile: 1642µs, render: 3ms)
 GET /api/tasks 200 in 9ms (compile: 4ms, render: 5ms)
 GET /api/tasks 200 in 7ms (compile: 3ms, render: 4ms)
 DELETE /api/tasks/97dc1b97-85af-48f4-a55c-1d152eb815cf 200 in 10ms (compile: 4ms, render: 6ms)
 POST /api/tasks 201 in 7ms (compile: 1827µs, render: 5ms)
 PUT /api/tasks/480872a9-fe59-4c00-9c72-d9a321e8e15f 200 in 4ms (compile: 1069µs, render: 3ms)
 GET /api/tasks 200 in 7ms (compile: 1676µs, render: 5ms)
 DELETE /api/tasks/c091f787-eac3-4d82-82a5-7ec3ec4af239 200 in 9ms (compile: 4ms, render: 5ms)
 POST /api/tasks 201 in 5ms (compile: 1037µs, render: 4ms)
 PUT /api/tasks/480872a9-fe59-4c00-9c72-d9a321e8e15f 200 in 4ms (compile: 1623µs, render: 2ms)
 GET /api/tasks 200 in 6ms (compile: 1975µs, render: 4ms)
 DELETE /api/tasks/5246cf2d-864a-448c-88b4-065ff0497661 200 in 11ms (compile: 6ms, render: 5ms)
 POST /api/tasks 201 in 6ms (compile: 1724µs, render: 4ms)
 PUT /api/tasks/480872a9-fe59-4c00-9c72-d9a321e8e15f 200 in 4ms (compile: 725µs, render: 3ms)
 GET /api/tasks 200 in 7ms (compile: 3ms, render: 4ms)
 DELETE /api/tasks/cc0ceedf-f41e-44b8-87e3-e3b1940f2508 200 in 11ms (compile: 6ms, render: 5ms)
 POST /api/tasks 201 in 6ms (compile: 1635µs, render: 4ms)
 PUT /api/tasks/480872a9-fe59-4c00-9c72-d9a321e8e15f 200 in 5ms (compile: 1861µs, render: 3ms)
 GET /api/tasks 200 in 4ms (compile: 1692µs, render: 3ms)
 DELETE /api/tasks/0a52f3af-7cb6-4c80-bd03-b1e15f9a29dd 200 in 7ms (compile: 4ms, render: 3ms)
 POST /api/tasks 201 in 4ms (compile: 1134µs, render: 3ms)
 PUT /api/tasks/480872a9-fe59-4c00-9c72-d9a321e8e15f 200 in 4ms (compile: 1016µs, render: 3ms)
 GET /api/tasks 200 in 6ms (compile: 3ms, render: 4ms)
 DELETE /api/tasks/780f1d41-7a45-4a92-99d0-7e0cd67dab07 200 in 10ms (compile: 5ms, render: 5ms)
 POST /api/tasks 201 in 6ms (compile: 1700µs, render: 4ms)
 PUT /api/tasks/480872a9-fe59-4c00-9c72-d9a321e8e15f 200 in 5ms (compile: 1717µs, render: 3ms)
 GET /api/tasks 200 in 9ms (compile: 3ms, render: 5ms)
 DELETE /api/tasks/05d22915-e8e3-4afe-b5fa-ba6aee84843d 200 in 9ms (compile: 4ms, render: 5ms)
 POST /api/tasks 201 in 6ms (compile: 2ms, render: 4ms)
 PUT /api/tasks/480872a9-fe59-4c00-9c72-d9a321e8e15f 200 in 4ms (compile: 1046µs, render: 3ms)
 GET /api/tasks 200 in 6ms (compile: 2ms, render: 4ms)
 DELETE /api/tasks/f1efa836-ccd4-4fef-9c96-10a7c617c4a6 200 in 8ms (compile: 4ms, render: 4ms)
 POST /api/tasks 201 in 6ms (compile: 1463µs, render: 4ms)
 PUT /api/tasks/480872a9-fe59-4c00-9c72-d9a321e8e15f 200 in 5ms (compile: 1330µs, render: 3ms)
 GET /api/tasks 200 in 7ms (compile: 3ms, render: 4ms)
 DELETE /api/tasks/87028f0c-cd13-4187-8100-8407754e0e39 200 in 9ms (compile: 4ms, render: 4ms)
 POST /api/tasks 201 in 5ms (compile: 1454µs, render: 4ms)
 PUT /api/tasks/480872a9-fe59-4c00-9c72-d9a321e8e15f 200 in 5ms (compile: 1381µs, render: 3ms)
 GET /api/tasks 200 in 7ms (compile: 2ms, render: 4ms)
 DELETE /api/tasks/7d3a3542-1887-473d-8411-2398c1fe79a7 200 in 9ms (compile: 4ms, render: 4ms)
 POST /api/tasks 201 in 7ms (compile: 1808µs, render: 5ms)
 PUT /api/tasks/480872a9-fe59-4c00-9c72-d9a321e8e15f 200 in 5ms (compile: 1267µs, render: 3ms)
 GET /api/tasks 200 in 6ms (compile: 1821µs, render: 4ms)
 DELETE /api/tasks/0129737f-9094-47e1-a046-783d734c8e4e 200 in 6ms (compile: 3ms, render: 3ms)
 POST /api/tasks 201 in 3ms (compile: 777µs, render: 2ms)
 PUT /api/tasks/480872a9-fe59-4c00-9c72-d9a321e8e15f 200 in 3ms (compile: 794µs, render: 2ms)
 GET /api/tasks 200 in 7ms (compile: 3ms, render: 5ms)
 DELETE /api/tasks/841a362b-6df3-474d-aab4-c2d11e0475d9 200 in 8ms (compile: 5ms, render: 4ms)
 POST /api/tasks 201 in 6ms (compile: 1480µs, render: 4ms)
 PUT /api/tasks/480872a9-fe59-4c00-9c72-d9a321e8e15f 200 in 5ms (compile: 1380µs, render: 4ms)
 GET /api/tasks 200 in 6ms (compile: 3ms, render: 4ms)
 DELETE /api/tasks/8c9a0a86-fb29-4ad1-99f3-f26897a2ba7b 200 in 9ms (compile: 4ms, render: 5ms)
 POST /api/tasks 201 in 6ms (compile: 1542µs, render: 4ms)
 PUT /api/tasks/480872a9-fe59-4c00-9c72-d9a321e8e15f 200 in 4ms (compile: 1288µs, render: 3ms)
 GET /api/tasks 200 in 7ms (compile: 2ms, render: 4ms)
 DELETE /api/tasks/6a8ad071-f6fc-4577-b7a2-f494dfca0586 200 in 9ms (compile: 5ms, render: 5ms)
 POST /api/tasks 201 in 5ms (compile: 1777µs, render: 3ms)
 PUT /api/tasks/480872a9-fe59-4c00-9c72-d9a321e8e15f 200 in 3ms (compile: 805µs, render: 2ms)
 GET /api/tasks 200 in 10ms (compile: 3ms, render: 6ms)
 DELETE /api/tasks/97eaedd3-35dd-4e33-a7f9-c11e3ae873cd 200 in 10ms (compile: 5ms, render: 5ms)
 POST /api/tasks 201 in 4ms (compile: 1606µs, render: 3ms)
 PUT /api/tasks/480872a9-fe59-4c00-9c72-d9a321e8e15f 200 in 3ms (compile: 910µs, render: 3ms)
 GET /api/tasks 200 in 3ms (compile: 1101µs, render: 1457µs)
 GET /api/tasks 200 in 7ms (compile: 3ms, render: 5ms)
 DELETE /api/tasks/6ab79015-b514-4495-b903-682a8be70a03 200 in 9ms (compile: 4ms, render: 5ms)
 POST /api/tasks 201 in 7ms (compile: 1557µs, render: 5ms)
 PUT /api/tasks/480872a9-fe59-4c00-9c72-d9a321e8e15f 200 in 5ms (compile: 1669µs, render: 3ms)
 GET /api/tasks 200 in 6ms (compile: 2ms, render: 4ms)
 DELETE /api/tasks/962efa0f-c894-453b-9f8f-ec992da5d217 200 in 10ms (compile: 5ms, render: 5ms)
 POST /api/tasks 201 in 6ms (compile: 1626µs, render: 4ms)
 PUT /api/tasks/480872a9-fe59-4c00-9c72-d9a321e8e15f 200 in 5ms (compile: 1550µs, render: 4ms)
 GET /api/tasks 200 in 7ms (compile: 3ms, render: 4ms)
 DELETE /api/tasks/d1012aab-f827-4f4a-8dcf-4740c0c15fc9 200 in 10ms (compile: 6ms, render: 5ms)
 POST /api/tasks 201 in 7ms (compile: 1782µs, render: 5ms)
 PUT /api/tasks/480872a9-fe59-4c00-9c72-d9a321e8e15f 200 in 6ms (compile: 1732µs, render: 4ms)
 GET /api/tasks 200 in 6ms (compile: 2ms, render: 4ms)
 DELETE /api/tasks/ad4c22ff-9c93-4264-94ef-177b85ab7e88 200 in 11ms (compile: 6ms, render: 5ms)
 POST /api/tasks 201 in 6ms (compile: 1613µs, render: 4ms)
 PUT /api/tasks/480872a9-fe59-4c00-9c72-d9a321e8e15f 200 in 6ms (compile: 1932µs, render: 5ms)
 POST /api/tasks 201 in 11ms (compile: 3ms, render: 8ms)
 GET /api/tasks 200 in 6ms (compile: 2ms, render: 4ms)
 DELETE /api/tasks/f499cfa0-f0f4-480e-8023-930be8a4a198 200 in 7ms (compile: 3ms, render: 3ms)
 DELETE /api/tasks/6b3c6f60-58a9-4b4a-8da9-0df93dc142f5 200 in 3ms (compile: 876µs, render: 2ms)
 POST /api/tasks 201 in 2ms (compile: 524µs, render: 1685µs)
 PUT /api/tasks/480872a9-fe59-4c00-9c72-d9a321e8e15f 200 in 2ms (compile: 492µs, render: 1592µs)
 GET /api/tasks 200 in 6ms (compile: 2ms, render: 4ms)
 DELETE /api/tasks/6200104f-5dcc-4adb-b5d8-0477d852c93e 200 in 10ms (compile: 5ms, render: 5ms)
 POST /api/tasks 201 in 6ms (compile: 1511µs, render: 4ms)
 PUT /api/tasks/480872a9-fe59-4c00-9c72-d9a321e8e15f 200 in 6ms (compile: 1664µs, render: 4ms)
 GET /api/tasks 200 in 6ms (compile: 2ms, render: 4ms)
 DELETE /api/tasks/7de09f4d-a90e-49d5-bc6f-a9fffbc3e5ed 200 in 10ms (compile: 6ms, render: 5ms)
 POST /api/tasks 201 in 6ms (compile: 1547µs, render: 4ms)
 PUT /api/tasks/480872a9-fe59-4c00-9c72-d9a321e8e15f 200 in 6ms (compile: 1488µs, render: 4ms)
 GET /api/tasks 200 in 7ms (compile: 2ms, render: 5ms)
 DELETE /api/tasks/c701155c-3d04-4e34-82cd-2deb6b482b87 200 in 10ms (compile: 5ms, render: 5ms)
 POST /api/tasks 201 in 6ms (compile: 1660µs, render: 4ms)
 PUT /api/tasks/480872a9-fe59-4c00-9c72-d9a321e8e15f 200 in 6ms (compile: 1928µs, render: 4ms)
 POST /api/specs 404 in 14ms (compile: 12ms, render: 1486µs)
 GET /api/tasks 200 in 7ms (compile: 2ms, render: 4ms)
 DELETE /api/tasks/acb2adb3-8b4a-4552-9839-4984411d7677 200 in 10ms (compile: 5ms, render: 5ms)
 POST /api/tasks 201 in 6ms (compile: 1995µs, render: 4ms)
 PUT /api/tasks/480872a9-fe59-4c00-9c72-d9a321e8e15f 200 in 5ms (compile: 1461µs, render: 4ms)
 GET /api/tasks 200 in 7ms (compile: 3ms, render: 4ms)
 DELETE /api/tasks/05666ec1-7bf4-4845-9d9c-37cc6d16709a 200 in 10ms (compile: 4ms, render: 6ms)
 POST /api/tasks 201 in 7ms (compile: 1705µs, render: 5ms)
 PUT /api/tasks/480872a9-fe59-4c00-9c72-d9a321e8e15f 200 in 5ms (compile: 1579µs, render: 3ms)
 GET /api/tasks 200 in 6ms (compile: 3ms, render: 4ms)
 DELETE /api/tasks/74c74056-dd37-4245-a588-930584270cc8 200 in 10ms (compile: 6ms, render: 5ms)
 POST /api/tasks 201 in 7ms (compile: 2ms, render: 5ms)
 PUT /api/tasks/480872a9-fe59-4c00-9c72-d9a321e8e15f 200 in 6ms (compile: 2ms, render: 4ms)
 GET /api/tasks 200 in 5ms (compile: 2ms, render: 3ms)
 DELETE /api/tasks/8e3864e2-bdd1-48ac-aad5-e6ad864dd736 200 in 11ms (compile: 6ms, render: 5ms)
 POST /api/tasks 201 in 6ms (compile: 1715µs, render: 4ms)
 PUT /api/tasks/480872a9-fe59-4c00-9c72-d9a321e8e15f 200 in 6ms (compile: 1510µs, render: 4ms)
 GET /api/tasks 200 in 5ms (compile: 2ms, render: 3ms)
 DELETE /api/tasks/7908229c-2375-40e6-8519-a5865e17baf7 200 in 11ms (compile: 6ms, render: 5ms)
 POST /api/tasks 201 in 6ms (compile: 1574µs, render: 4ms)
 PUT /api/tasks/480872a9-fe59-4c00-9c72-d9a321e8e15f 200 in 5ms (compile: 1675µs, render: 4ms)
 GET /api/tasks 200 in 6ms (compile: 2ms, render: 4ms)
 DELETE /api/tasks/77545a64-c40b-4e85-ad6b-8c768dc28e22 200 in 11ms (compile: 5ms, render: 5ms)
 POST /api/tasks 201 in 6ms (compile: 1653µs, render: 5ms)
 PUT /api/tasks/480872a9-fe59-4c00-9c72-d9a321e8e15f 200 in 5ms (compile: 1709µs, render: 4ms)
 GET /api/tasks 200 in 6ms (compile: 2ms, render: 4ms)
 DELETE /api/tasks/252395b0-9621-4c82-bda3-b55d73d96e59 200 in 10ms (compile: 5ms, render: 5ms)
 POST /api/tasks 201 in 6ms (compile: 1654µs, render: 4ms)
 PUT /api/tasks/480872a9-fe59-4c00-9c72-d9a321e8e15f 200 in 5ms (compile: 1118µs, render: 4ms)
 GET /api/tasks 200 in 6ms (compile: 2ms, render: 4ms)
 DELETE /api/tasks/2bfd40d9-91b3-4fd1-a37f-267cb08c146d 200 in 11ms (compile: 6ms, render: 5ms)
 POST /api/tasks 201 in 6ms (compile: 1733µs, render: 4ms)
 PUT /api/tasks/480872a9-fe59-4c00-9c72-d9a321e8e15f 200 in 6ms (compile: 1981µs, render: 4ms)
 GET /api/tasks 200 in 7ms (compile: 3ms, render: 4ms)
 DELETE /api/tasks/abaa013a-d1b7-49d4-b0d9-1e95ba031273 200 in 10ms (compile: 6ms, render: 5ms)
 POST /api/tasks 201 in 6ms (compile: 1539µs, render: 4ms)
 PUT /api/tasks/480872a9-fe59-4c00-9c72-d9a321e8e15f 200 in 5ms (compile: 1779µs, render: 3ms)
 POST /api/tasks 201 in 2ms (compile: 620µs, render: 1512µs)
 GET /api/tasks 200 in 6ms (compile: 2ms, render: 4ms)
 DELETE /api/tasks/8f877262-3ca5-4735-a051-6e6a6d0a5c12 200 in 9ms (compile: 4ms, render: 4ms)
 DELETE /api/tasks/4f630c7d-17da-4014-b3fd-8ecfe6e640f0 200 in 5ms (compile: 1500µs, render: 4ms)
 POST /api/tasks 201 in 5ms (compile: 1652µs, render: 4ms)
 PUT /api/tasks/480872a9-fe59-4c00-9c72-d9a321e8e15f 200 in 4ms (compile: 1096µs, render: 3ms)
 GET /api/tasks 200 in 4ms (compile: 1194µs, render: 3ms)
 DELETE /api/tasks/74f04298-20fa-479f-a544-5ba98a617faf 200 in 8ms (compile: 4ms, render: 4ms)
 POST /api/tasks 201 in 4ms (compile: 1177µs, render: 3ms)
 PUT /api/tasks/480872a9-fe59-4c00-9c72-d9a321e8e15f 200 in 5ms (compile: 1347µs, render: 4ms)
 GET /api/tasks 200 in 6ms (compile: 2ms, render: 4ms)
 DELETE /api/tasks/01f1e14b-032d-4502-bb61-61d49cfe0a7d 200 in 9ms (compile: 5ms, render: 4ms)
 POST /api/tasks 201 in 6ms (compile: 1497µs, render: 4ms)
 PUT /api/tasks/480872a9-fe59-4c00-9c72-d9a321e8e15f 200 in 4ms (compile: 1084µs, render: 3ms)
 GET /api/tasks 200 in 6ms (compile: 2ms, render: 4ms)
 DELETE /api/tasks/18487f2b-53b4-42b5-b27f-3c00eb39bfa0 200 in 10ms (compile: 5ms, render: 5ms)
 POST /api/tasks 201 in 6ms (compile: 1608µs, render: 4ms)
 PUT /api/tasks/480872a9-fe59-4c00-9c72-d9a321e8e15f 200 in 4ms (compile: 1494µs, render: 2ms)
 GET /api/tasks 200 in 6ms (compile: 1802µs, render: 4ms)
 DELETE /api/tasks/d9323403-e715-4185-ad67-771f0cc0e067 200 in 10ms (compile: 5ms, render: 5ms)
 POST /api/tasks 201 in 6ms (compile: 1616µs, render: 5ms)
 PUT /api/tasks/480872a9-fe59-4c00-9c72-d9a321e8e15f 200 in 5ms (compile: 1681µs, render: 3ms)
 GET /api/tasks 200 in 6ms (compile: 2ms, render: 4ms)
 DELETE /api/tasks/fc08e554-dc3b-45f5-b16f-be56af8972e1 200 in 11ms (compile: 6ms, render: 5ms)
 POST /api/tasks 201 in 7ms (compile: 2ms, render: 5ms)
 PUT /api/tasks/480872a9-fe59-4c00-9c72-d9a321e8e15f 200 in 4ms (compile: 1192µs, render: 3ms)
 GET /api/tasks 200 in 6ms (compile: 2ms, render: 4ms)
 DELETE /api/tasks/76e4ac12-1ed2-4cd8-a0b2-9e1a7b9b61c4 200 in 10ms (compile: 5ms, render: 5ms)
 POST /api/tasks 201 in 6ms (compile: 1736µs, render: 5ms)
 PUT /api/tasks/480872a9-fe59-4c00-9c72-d9a321e8e15f 200 in 4ms (compile: 1417µs, render: 3ms)
 GET /api/tasks 200 in 6ms (compile: 3ms, render: 4ms)
 DELETE /api/tasks/ee26819f-b459-465a-b883-c0b352d69546 200 in 9ms (compile: 4ms, render: 5ms)
 POST /api/tasks 201 in 6ms (compile: 1641µs, render: 5ms)
 PUT /api/tasks/480872a9-fe59-4c00-9c72-d9a321e8e15f 200 in 5ms (compile: 1274µs, render: 3ms)
 GET /api/tasks 200 in 6ms (compile: 2ms, render: 4ms)
 DELETE /api/tasks/d17f386d-80e3-45c9-88f2-10690e7a1a28 200 in 9ms (compile: 5ms, render: 5ms)
 POST /api/tasks 201 in 6ms (compile: 1673µs, render: 4ms)
 PUT /api/tasks/480872a9-fe59-4c00-9c72-d9a321e8e15f 200 in 5ms (compile: 1546µs, render: 4ms)
 GET /api/tasks 200 in 7ms (compile: 3ms, render: 4ms)
 DELETE /api/tasks/3b9744db-ebb7-4c88-bc3b-b5f75a57fe44 200 in 11ms (compile: 6ms, render: 5ms)
 POST /api/tasks 201 in 6ms (compile: 1774µs, render: 5ms)
 PUT /api/tasks/480872a9-fe59-4c00-9c72-d9a321e8e15f 200 in 5ms (compile: 1463µs, render: 4ms)
 GET /api/tasks 200 in 6ms (compile: 2ms, render: 4ms)
 DELETE /api/tasks/1648b9fa-0f2b-47b2-9360-02b47b79c76b 200 in 9ms (compile: 5ms, render: 4ms)
 POST /api/tasks 201 in 6ms (compile: 1532µs, render: 4ms)
 PUT /api/tasks/480872a9-fe59-4c00-9c72-d9a321e8e15f 200 in 6ms (compile: 2ms, render: 4ms)
 GET /api/tasks 200 in 6ms (compile: 2ms, render: 4ms)
 DELETE /api/tasks/228f5e1a-5491-46a0-93ce-9b314f9448ce 200 in 9ms (compile: 4ms, render: 5ms)
 POST /api/tasks 201 in 6ms (compile: 1451µs, render: 4ms)
 PUT /api/tasks/480872a9-fe59-4c00-9c72-d9a321e8e15f 200 in 6ms (compile: 1736µs, render: 4ms)
 GET /api/tasks 200 in 7ms (compile: 2ms, render: 4ms)
 DELETE /api/tasks/39a09297-861f-42af-9929-406d5c0c25a9 200 in 8ms (compile: 4ms, render: 4ms)
 POST /api/tasks 201 in 5ms (compile: 1550µs, render: 4ms)
 PUT /api/tasks/480872a9-fe59-4c00-9c72-d9a321e8e15f 200 in 6ms (compile: 1631µs, render: 4ms)
 GET /api/tasks 200 in 6ms (compile: 2ms, render: 4ms)
 DELETE /api/tasks/d0bbcf3d-0cff-421c-be9f-3f6012a8033f 200 in 9ms (compile: 4ms, render: 5ms)
 POST /api/tasks 201 in 6ms (compile: 1765µs, render: 5ms)
 PUT /api/tasks/480872a9-fe59-4c00-9c72-d9a321e8e15f 200 in 5ms (compile: 1249µs, render: 3ms)
 GET /api/tasks 200 in 6ms (compile: 2ms, render: 4ms)
 DELETE /api/tasks/28085f02-c430-4951-b8c1-f5216037da81 200 in 10ms (compile: 5ms, render: 5ms)
 POST /api/tasks 201 in 7ms (compile: 1886µs, render: 5ms)
 PUT /api/tasks/480872a9-fe59-4c00-9c72-d9a321e8e15f 200 in 6ms (compile: 2ms, render: 4ms)
 GET /api/tasks 200 in 7ms (compile: 2ms, render: 4ms)
 DELETE /api/tasks/ad8cc639-fd6a-42ff-a988-35045b7b4469 200 in 9ms (compile: 5ms, render: 5ms)
 POST /api/tasks 201 in 7ms (compile: 1999µs, render: 5ms)
 PUT /api/tasks/480872a9-fe59-4c00-9c72-d9a321e8e15f 200 in 3ms (compile: 835µs, render: 3ms)
 GET /api/tasks 200 in 8ms (compile: 3ms, render: 5ms)
 DELETE /api/tasks/dff956e4-9819-4190-b904-49276bb8740b 200 in 10ms (compile: 5ms, render: 5ms)
 POST /api/tasks 201 in 6ms (compile: 1690µs, render: 5ms)
 PUT /api/tasks/480872a9-fe59-4c00-9c72-d9a321e8e15f 200 in 5ms (compile: 1554µs, render: 4ms)
 GET /api/tasks 200 in 7ms (compile: 3ms, render: 4ms)
 DELETE /api/tasks/da6a56c8-8884-4b0b-b0a1-acb63440564a 200 in 11ms (compile: 6ms, render: 6ms)
 POST /api/tasks 201 in 7ms (compile: 2ms, render: 5ms)
 PUT /api/tasks/480872a9-fe59-4c00-9c72-d9a321e8e15f 200 in 5ms (compile: 1428µs, render: 4ms)
 GET /api/tasks 200 in 6ms (compile: 2ms, render: 4ms)
 DELETE /api/tasks/1bd98b2c-2713-408f-a91a-fd6fe30835fd 200 in 10ms (compile: 5ms, render: 5ms)
 POST /api/tasks 201 in 7ms (compile: 1712µs, render: 5ms)
 PUT /api/tasks/480872a9-fe59-4c00-9c72-d9a321e8e15f 200 in 5ms (compile: 1317µs, render: 4ms)
 GET /api/tasks 200 in 7ms (compile: 2ms, render: 4ms)
 DELETE /api/tasks/1ca14617-d4b1-4609-9782-d6ab0ba06b27 200 in 11ms (compile: 5ms, render: 5ms)
 POST /api/tasks 201 in 7ms (compile: 1804µs, render: 5ms)
 PUT /api/tasks/480872a9-fe59-4c00-9c72-d9a321e8e15f 200 in 6ms (compile: 1883µs, render: 4ms)
[?25h

> dev-board@1.0.0 dev
> next dev

▲ Next.js 16.1.6 (Turbopack)
- Local:         http://localhost:3000
- Network:       http://192.168.100.126:3000

✓ Starting...
✓ Ready in 241ms
 GET /api/tasks 200 in 92ms (compile: 84ms, render: 9ms)
 GET / 200 in 165ms (compile: 105ms, render: 61ms)
 GET /api/tasks 200 in 4ms (compile: 1950µs, render: 2ms)
 GET /api/tasks 200 in 11ms (compile: 4ms, render: 7ms)
 PUT /api/tasks/480872a9-fe59-4c00-9c72-d9a321e8e15f 200 in 15ms (compile: 6ms, render: 9ms)
 POST /api/tasks 201 in 9ms (compile: 3ms, render: 5ms)
 GET /api/tasks 200 in 7ms (compile: 3ms, render: 5ms)
 DELETE /api/tasks/6f4dfe70-ad14-4ce6-9dee-0d29ccb060fa 200 in 11ms (compile: 6ms, render: 5ms)
 PUT /api/tasks/480872a9-fe59-4c00-9c72-d9a321e8e15f 200 in 7ms (compile: 2ms, render: 5ms)
 POST /api/tasks 201 in 5ms (compile: 1465µs, render: 3ms)
 GET /api/tasks 200 in 8ms (compile: 3ms, render: 5ms)
 DELETE /api/tasks/9a5281e8-2954-4b18-bd8b-c3b8be1b4313 200 in 11ms (compile: 5ms, render: 6ms)
 PUT /api/tasks/480872a9-fe59-4c00-9c72-d9a321e8e15f 200 in 8ms (compile: 2ms, render: 6ms)
 POST /api/tasks 201 in 5ms (compile: 1515µs, render: 4ms)
 GET /api/tasks 200 in 6ms (compile: 2ms, render: 4ms)
 DELETE /api/tasks/d7c0f767-fad0-4ef7-8b33-b5318e236dd0 200 in 10ms (compile: 4ms, render: 6ms)
 PUT /api/tasks/480872a9-fe59-4c00-9c72-d9a321e8e15f 200 in 6ms (compile: 1477µs, render: 5ms)
 POST /api/tasks 201 in 7ms (compile: 1569µs, render: 5ms)
 GET /api/tasks 200 in 7ms (compile: 2ms, render: 5ms)
 DELETE /api/tasks/03edea8d-5ff2-449a-905e-789c4128dd45 200 in 10ms (compile: 5ms, render: 5ms)
 PUT /api/tasks/480872a9-fe59-4c00-9c72-d9a321e8e15f 200 in 7ms (compile: 1755µs, render: 5ms)
 POST /api/tasks 201 in 5ms (compile: 1429µs, render: 3ms)
 GET /api/tasks 200 in 7ms (compile: 2ms, render: 4ms)
 DELETE /api/tasks/d8ebd2d0-ebd5-4bfb-915d-ae1f7e77550a 200 in 10ms (compile: 5ms, render: 5ms)
 PUT /api/tasks/480872a9-fe59-4c00-9c72-d9a321e8e15f 200 in 6ms (compile: 1627µs, render: 5ms)
 POST /api/tasks 201 in 4ms (compile: 1245µs, render: 3ms)
 GET /api/tasks 200 in 6ms (compile: 1989µs, render: 4ms)
 DELETE /api/tasks/4fb31962-2689-47cb-ab80-e23895a681cf 200 in 10ms (compile: 5ms, render: 5ms)
 PUT /api/tasks/480872a9-fe59-4c00-9c72-d9a321e8e15f 200 in 6ms (compile: 1781µs, render: 5ms)
 POST /api/tasks 201 in 4ms (compile: 1342µs, render: 3ms)
 GET /api/tasks 200 in 6ms (compile: 3ms, render: 4ms)
 DELETE /api/tasks/98a572df-471c-4483-8a4b-f522c54c5c67 200 in 11ms (compile: 6ms, render: 6ms)
 PUT /api/tasks/480872a9-fe59-4c00-9c72-d9a321e8e15f 200 in 8ms (compile: 1327µs, render: 6ms)
 POST /api/tasks 201 in 3ms (compile: 889µs, render: 2ms)
 GET /api/tasks 200 in 7ms (compile: 2ms, render: 4ms)
 DELETE /api/tasks/31e0b311-b7ef-4ce8-a511-0c6a4ce5100f 200 in 10ms (compile: 5ms, render: 5ms)
 PUT /api/tasks/480872a9-fe59-4c00-9c72-d9a321e8e15f 200 in 6ms (compile: 1598µs, render: 4ms)
 POST /api/tasks 201 in 5ms (compile: 1513µs, render: 3ms)
 GET /api/tasks 200 in 8ms (compile: 3ms, render: 6ms)
 DELETE /api/tasks/1d94f387-4940-4e53-948a-5b9add1c43a8 200 in 11ms (compile: 5ms, render: 5ms)
 PUT /api/tasks/480872a9-fe59-4c00-9c72-d9a321e8e15f 200 in 9ms (compile: 2ms, render: 7ms)
 POST /api/tasks 201 in 5ms (compile: 1274µs, render: 4ms)
 GET /api/tasks 200 in 9ms (compile: 3ms, render: 6ms)
 DELETE /api/tasks/132da6b6-090b-4364-90ad-25ed69879adc 200 in 10ms (compile: 5ms, render: 5ms)
 PUT /api/tasks/480872a9-fe59-4c00-9c72-d9a321e8e15f 200 in 7ms (compile: 1926µs, render: 5ms)
 POST /api/tasks 201 in 4ms (compile: 1303µs, render: 3ms)
 GET /api/tasks 200 in 7ms (compile: 2ms, render: 4ms)
 DELETE /api/tasks/2872e42d-8a23-44f9-a18e-273b62096b23 200 in 11ms (compile: 6ms, render: 5ms)
 PUT /api/tasks/480872a9-fe59-4c00-9c72-d9a321e8e15f 200 in 7ms (compile: 1785µs, render: 5ms)
 POST /api/tasks 201 in 5ms (compile: 2ms, render: 3ms)
 GET /api/tasks 200 in 7ms (compile: 2ms, render: 5ms)
 DELETE /api/tasks/e2181b74-84af-41a0-9fa6-72362c9cb67b 200 in 12ms (compile: 7ms, render: 5ms)
 PUT /api/tasks/480872a9-fe59-4c00-9c72-d9a321e8e15f 200 in 7ms (compile: 1773µs, render: 5ms)
 POST /api/tasks 201 in 4ms (compile: 1151µs, render: 3ms)
 GET /api/tasks 200 in 7ms (compile: 2ms, render: 4ms)
 DELETE /api/tasks/74d4f968-22f6-4ec0-901d-dbac76104c0f 200 in 10ms (compile: 5ms, render: 5ms)
 PUT /api/tasks/480872a9-fe59-4c00-9c72-d9a321e8e15f 200 in 5ms (compile: 1872µs, render: 4ms)
 POST /api/tasks 201 in 4ms (compile: 993µs, render: 3ms)
 GET /api/tasks 200 in 7ms (compile: 2ms, render: 4ms)
 DELETE /api/tasks/ba719a27-ab3e-4da8-9cfc-93e12b1295cc 200 in 10ms (compile: 5ms, render: 5ms)
 PUT /api/tasks/480872a9-fe59-4c00-9c72-d9a321e8e15f 200 in 7ms (compile: 1964µs, render: 5ms)
 POST /api/tasks 201 in 5ms (compile: 1318µs, render: 4ms)
 GET /api/tasks 200 in 4ms (compile: 1406µs, render: 3ms)
 DELETE /api/tasks/7ca1f911-5647-4aa9-ab12-5241bf39adb5 200 in 8ms (compile: 5ms, render: 3ms)
 PUT /api/tasks/480872a9-fe59-4c00-9c72-d9a321e8e15f 200 in 5ms (compile: 1302µs, render: 3ms)
 POST /api/tasks 201 in 4ms (compile: 1230µs, render: 3ms)
 GET /api/tasks 200 in 6ms (compile: 2ms, render: 4ms)
 DELETE /api/tasks/757836b4-5891-44ef-b1d1-8e69e34c46d0 200 in 10ms (compile: 6ms, render: 5ms)
 PUT /api/tasks/480872a9-fe59-4c00-9c72-d9a321e8e15f 200 in 6ms (compile: 1651µs, render: 5ms)
 POST /api/tasks 201 in 5ms (compile: 1541µs, render: 4ms)
 GET /api/tasks 200 in 7ms (compile: 3ms, render: 5ms)
 DELETE /api/tasks/2a70bb94-04bc-4211-8f27-7d8f5d81ecba 200 in 10ms (compile: 5ms, render: 5ms)
 PUT /api/tasks/480872a9-fe59-4c00-9c72-d9a321e8e15f 200 in 6ms (compile: 1629µs, render: 4ms)
 POST /api/tasks 201 in 5ms (compile: 1478µs, render: 3ms)
 GET /api/tasks 200 in 6ms (compile: 2ms, render: 4ms)
 DELETE /api/tasks/a26ddec3-d287-4386-8fa5-f5bfdff914c8 200 in 10ms (compile: 5ms, render: 5ms)
 PUT /api/tasks/480872a9-fe59-4c00-9c72-d9a321e8e15f 200 in 6ms (compile: 1531µs, render: 4ms)
 POST /api/tasks 201 in 5ms (compile: 1425µs, render: 3ms)
 GET /api/tasks 200 in 7ms (compile: 3ms, render: 4ms)
 DELETE /api/tasks/5219dce5-2eaa-4504-a9ee-cda2142427d9 200 in 9ms (compile: 4ms, render: 4ms)
 PUT /api/tasks/480872a9-fe59-4c00-9c72-d9a321e8e15f 200 in 6ms (compile: 1651µs, render: 4ms)
 POST /api/tasks 201 in 5ms (compile: 1517µs, render: 3ms)
 GET /api/tasks 200 in 6ms (compile: 2ms, render: 4ms)
 DELETE /api/tasks/a9abac0d-62ba-423e-bc20-e487a771a671 200 in 10ms (compile: 5ms, render: 5ms)
 PUT /api/tasks/480872a9-fe59-4c00-9c72-d9a321e8e15f 200 in 6ms (compile: 1637µs, render: 4ms)
 POST /api/tasks 201 in 4ms (compile: 1173µs, render: 3ms)
 GET /api/tasks 200 in 7ms (compile: 3ms, render: 4ms)
 DELETE /api/tasks/17c816df-0f68-4dcf-9463-18e66626ec5f 200 in 10ms (compile: 5ms, render: 5ms)
 PUT /api/tasks/480872a9-fe59-4c00-9c72-d9a321e8e15f 200 in 6ms (compile: 1780µs, render: 5ms)
 POST /api/tasks 201 in 5ms (compile: 1377µs, render: 3ms)
 GET /api/tasks 200 in 6ms (compile: 2ms, render: 4ms)
 DELETE /api/tasks/b65b09b6-1e14-47f1-9ce1-0f20e97b7bfb 200 in 10ms (compile: 5ms, render: 5ms)
 PUT /api/tasks/480872a9-fe59-4c00-9c72-d9a321e8e15f 200 in 6ms (compile: 1541µs, render: 4ms)
 POST /api/tasks 201 in 6ms (compile: 1949µs, render: 4ms)
 GET /api/tasks 200 in 6ms (compile: 2ms, render: 4ms)
 DELETE /api/tasks/df3306d4-d864-47f3-84e8-40755f1d3026 200 in 10ms (compile: 5ms, render: 5ms)
 PUT /api/tasks/480872a9-fe59-4c00-9c72-d9a321e8e15f 200 in 5ms (compile: 1456µs, render: 4ms)
 POST /api/tasks 201 in 5ms (compile: 1644µs, render: 4ms)
 GET /api/tasks 200 in 6ms (compile: 2ms, render: 3ms)
 DELETE /api/tasks/8fb7bd72-41a6-4bd4-8c05-6039e432ccaa 200 in 9ms (compile: 5ms, render: 4ms)
 PUT /api/tasks/480872a9-fe59-4c00-9c72-d9a321e8e15f 200 in 6ms (compile: 1565µs, render: 4ms)
 POST /api/tasks 201 in 6ms (compile: 1999µs, render: 4ms)
 GET /api/tasks 200 in 7ms (compile: 3ms, render: 4ms)
 DELETE /api/tasks/a73c2c4c-2561-4a4e-b936-9274193e7539 200 in 9ms (compile: 5ms, render: 4ms)
 PUT /api/tasks/480872a9-fe59-4c00-9c72-d9a321e8e15f 200 in 5ms (compile: 1504µs, render: 4ms)
 POST /api/tasks 201 in 4ms (compile: 1305µs, render: 3ms)
 GET /api/tasks 200 in 6ms (compile: 2ms, render: 4ms)
 DELETE /api/tasks/752196ba-8b4f-4b1c-8844-423bb6a37dc9 200 in 10ms (compile: 5ms, render: 5ms)
 PUT /api/tasks/480872a9-fe59-4c00-9c72-d9a321e8e15f 200 in 6ms (compile: 1684µs, render: 4ms)
 POST /api/tasks 201 in 6ms (compile: 1787µs, render: 4ms)
 GET /api/tasks 200 in 6ms (compile: 2ms, render: 4ms)
 DELETE /api/tasks/3d9e0813-5602-4bbf-84d3-1661b060539a 200 in 9ms (compile: 5ms, render: 5ms)
 PUT /api/tasks/480872a9-fe59-4c00-9c72-d9a321e8e15f 200 in 4ms (compile: 1131µs, render: 3ms)
 POST /api/tasks 201 in 3ms (compile: 804µs, render: 2ms)
 GET /api/tasks 200 in 6ms (compile: 2ms, render: 4ms)
 DELETE /api/tasks/f3e828ae-815c-43a6-bbce-24199402b287 200 in 9ms (compile: 5ms, render: 4ms)
 PUT /api/tasks/480872a9-fe59-4c00-9c72-d9a321e8e15f 200 in 6ms (compile: 1597µs, render: 4ms)
 POST /api/tasks 201 in 5ms (compile: 1422µs, render: 4ms)
 GET /api/tasks 200 in 6ms (compile: 2ms, render: 4ms)
 DELETE /api/tasks/343d6fdb-911f-4ae8-80a7-fb04b35a639b 200 in 10ms (compile: 5ms, render: 5ms)
 PUT /api/tasks/480872a9-fe59-4c00-9c72-d9a321e8e15f 200 in 6ms (compile: 1626µs, render: 4ms)
 POST /api/tasks 201 in 5ms (compile: 1766µs, render: 4ms)
 GET /api/tasks 200 in 7ms (compile: 2ms, render: 4ms)
 DELETE /api/tasks/13aba4d1-2712-4739-a7df-0729a571e31f 200 in 10ms (compile: 5ms, render: 5ms)
 PUT /api/tasks/480872a9-fe59-4c00-9c72-d9a321e8e15f 200 in 6ms (compile: 1776µs, render: 4ms)
 POST /api/tasks 201 in 4ms (compile: 1371µs, render: 3ms)
 GET /api/tasks 200 in 6ms (compile: 1857µs, render: 4ms)
 DELETE /api/tasks/41caeba0-dbb1-4f1a-8c2f-98dcd852e134 200 in 10ms (compile: 5ms, render: 5ms)
 PUT /api/tasks/480872a9-fe59-4c00-9c72-d9a321e8e15f 200 in 7ms (compile: 1897µs, render: 5ms)
 POST /api/tasks 201 in 5ms (compile: 1357µs, render: 4ms)
[?25h

> dev-board@1.0.0 dev
> next dev

▲ Next.js 16.1.6 (Turbopack)
- Local:         http://localhost:3000
- Network:       http://192.168.100.126:3000

✓ Starting...
✓ Ready in 209ms
 GET / 200 in 134ms (compile: 87ms, render: 47ms)
 GET /api/tasks 200 in 28ms (compile: 22ms, render: 5ms)
 GET /api/tasks 200 in 9ms (compile: 3ms, render: 6ms)
 PUT /api/tasks/480872a9-fe59-4c00-9c72-d9a321e8e15f 200 in 416ms (compile: 411ms, render: 5ms)
 PUT /api/tasks/0896084d-c0ee-4d37-8bc0-547146073688 200 in 4ms (compile: 1620µs, render: 1897µs)
 GET /api/tasks 200 in 9ms (compile: 3ms, render: 6ms)
 PUT /api/tasks/480872a9-fe59-4c00-9c72-d9a321e8e15f 200 in 11ms (compile: 5ms, render: 6ms)
 PUT /api/tasks/0896084d-c0ee-4d37-8bc0-547146073688 200 in 5ms (compile: 1410µs, render: 3ms)
 GET /api/tasks 200 in 8ms (compile: 3ms, render: 5ms)
 PUT /api/tasks/480872a9-fe59-4c00-9c72-d9a321e8e15f 200 in 10ms (compile: 5ms, render: 5ms)
 PUT /api/tasks/0896084d-c0ee-4d37-8bc0-547146073688 200 in 6ms (compile: 2ms, render: 4ms)
 GET /api/tasks 200 in 7ms (compile: 3ms, render: 5ms)
 PUT /api/tasks/480872a9-fe59-4c00-9c72-d9a321e8e15f 200 in 12ms (compile: 5ms, render: 6ms)
 PUT /api/tasks/0896084d-c0ee-4d37-8bc0-547146073688 200 in 7ms (compile: 1748µs, render: 5ms)
 GET /api/tasks 200 in 7ms (compile: 2ms, render: 4ms)
 PUT /api/tasks/480872a9-fe59-4c00-9c72-d9a321e8e15f 200 in 10ms (compile: 5ms, render: 5ms)
 PUT /api/tasks/0896084d-c0ee-4d37-8bc0-547146073688 200 in 7ms (compile: 1805µs, render: 5ms)
 GET /api/tasks 200 in 7ms (compile: 3ms, render: 5ms)
 PUT /api/tasks/480872a9-fe59-4c00-9c72-d9a321e8e15f 200 in 10ms (compile: 5ms, render: 6ms)
 PUT /api/tasks/0896084d-c0ee-4d37-8bc0-547146073688 200 in 6ms (compile: 1720µs, render: 5ms)
 GET /api/tasks 200 in 7ms (compile: 3ms, render: 4ms)
 PUT /api/tasks/480872a9-fe59-4c00-9c72-d9a321e8e15f 200 in 11ms (compile: 5ms, render: 5ms)
 PUT /api/tasks/0896084d-c0ee-4d37-8bc0-547146073688 200 in 6ms (compile: 1760µs, render: 5ms)
 GET /api/tasks 200 in 7ms (compile: 2ms, render: 4ms)
 PUT /api/tasks/480872a9-fe59-4c00-9c72-d9a321e8e15f 200 in 10ms (compile: 5ms, render: 5ms)
 PUT /api/tasks/0896084d-c0ee-4d37-8bc0-547146073688 200 in 6ms (compile: 1729µs, render: 5ms)
 GET /api/tasks 200 in 1651µs (compile: 649µs, render: 1002µs)
 GET /api/tasks 200 in 7ms (compile: 2ms, render: 4ms)
 PUT /api/tasks/480872a9-fe59-4c00-9c72-d9a321e8e15f 200 in 11ms (compile: 5ms, render: 5ms)
 PUT /api/tasks/0896084d-c0ee-4d37-8bc0-547146073688 200 in 7ms (compile: 1892µs, render: 5ms)
 GET /api/tasks 200 in 8ms (compile: 3ms, render: 5ms)
 PUT /api/tasks/480872a9-fe59-4c00-9c72-d9a321e8e15f 200 in 10ms (compile: 5ms, render: 6ms)
 PUT /api/tasks/0896084d-c0ee-4d37-8bc0-547146073688 200 in 6ms (compile: 1677µs, render: 5ms)
 GET /api/tasks 200 in 7ms (compile: 2ms, render: 4ms)
 PUT /api/tasks/480872a9-fe59-4c00-9c72-d9a321e8e15f 200 in 11ms (compile: 5ms, render: 6ms)
 PUT /api/tasks/0896084d-c0ee-4d37-8bc0-547146073688 200 in 6ms (compile: 1823µs, render: 4ms)
 GET /api/tasks 200 in 8ms (compile: 3ms, render: 5ms)
 PUT /api/tasks/480872a9-fe59-4c00-9c72-d9a321e8e15f 200 in 10ms (compile: 5ms, render: 5ms)
 PUT /api/tasks/0896084d-c0ee-4d37-8bc0-547146073688 200 in 6ms (compile: 1870µs, render: 4ms)
 GET /api/tasks 200 in 7ms (compile: 2ms, render: 4ms)
 PUT /api/tasks/480872a9-fe59-4c00-9c72-d9a321e8e15f 200 in 11ms (compile: 6ms, render: 6ms)
 PUT /api/tasks/0896084d-c0ee-4d37-8bc0-547146073688 200 in 6ms (compile: 1870µs, render: 4ms)
 GET /api/tasks 200 in 7ms (compile: 3ms, render: 4ms)
 PUT /api/tasks/480872a9-fe59-4c00-9c72-d9a321e8e15f 200 in 10ms (compile: 5ms, render: 5ms)
 PUT /api/tasks/0896084d-c0ee-4d37-8bc0-547146073688 200 in 6ms (compile: 2ms, render: 4ms)
 GET /api/tasks 200 in 9ms (compile: 3ms, render: 6ms)
 PUT /api/tasks/480872a9-fe59-4c00-9c72-d9a321e8e15f 200 in 11ms (compile: 5ms, render: 5ms)
 PUT /api/tasks/0896084d-c0ee-4d37-8bc0-547146073688 200 in 6ms (compile: 1856µs, render: 4ms)
 GET /api/tasks 200 in 6ms (compile: 2ms, render: 4ms)
 PUT /api/tasks/480872a9-fe59-4c00-9c72-d9a321e8e15f 200 in 11ms (compile: 5ms, render: 6ms)
 PUT /api/tasks/0896084d-c0ee-4d37-8bc0-547146073688 200 in 7ms (compile: 1934µs, render: 5ms)
 GET /api/tasks 200 in 7ms (compile: 2ms, render: 4ms)
 PUT /api/tasks/480872a9-fe59-4c00-9c72-d9a321e8e15f 200 in 10ms (compile: 5ms, render: 6ms)
 PUT /api/tasks/0896084d-c0ee-4d37-8bc0-547146073688 200 in 6ms (compile: 1971µs, render: 4ms)
 GET /api/tasks 200 in 6ms (compile: 1793µs, render: 4ms)
 PUT /api/tasks/480872a9-fe59-4c00-9c72-d9a321e8e15f 200 in 10ms (compile: 5ms, render: 6ms)
 PUT /api/tasks/0896084d-c0ee-4d37-8bc0-547146073688 200 in 7ms (compile: 1847µs, render: 5ms)
 GET /api/tasks 200 in 7ms (compile: 2ms, render: 5ms)
 PUT /api/tasks/480872a9-fe59-4c00-9c72-d9a321e8e15f 200 in 10ms (compile: 5ms, render: 5ms)
 PUT /api/tasks/0896084d-c0ee-4d37-8bc0-547146073688 200 in 6ms (compile: 1556µs, render: 4ms)
 GET /api/tasks 200 in 7ms (compile: 2ms, render: 4ms)
 PUT /api/tasks/480872a9-fe59-4c00-9c72-d9a321e8e15f 200 in 10ms (compile: 5ms, render: 5ms)
 PUT /api/tasks/0896084d-c0ee-4d37-8bc0-547146073688 200 in 6ms (compile: 1583µs, render: 5ms)
 GET /api/tasks 200 in 6ms (compile: 2ms, render: 4ms)
 PUT /api/tasks/480872a9-fe59-4c00-9c72-d9a321e8e15f 200 in 10ms (compile: 5ms, render: 6ms)
 PUT /api/tasks/0896084d-c0ee-4d37-8bc0-547146073688 200 in 6ms (compile: 1744µs, render: 4ms)
 GET /api/tasks 200 in 6ms (compile: 2ms, render: 4ms)
 PUT /api/tasks/480872a9-fe59-4c00-9c72-d9a321e8e15f 200 in 11ms (compile: 5ms, render: 6ms)
 PUT /api/tasks/0896084d-c0ee-4d37-8bc0-547146073688 200 in 6ms (compile: 1672µs, render: 5ms)
 GET /api/tasks 200 in 7ms (compile: 2ms, render: 4ms)
 PUT /api/tasks/480872a9-fe59-4c00-9c72-d9a321e8e15f 200 in 10ms (compile: 4ms, render: 5ms)
 PUT /api/tasks/0896084d-c0ee-4d37-8bc0-547146073688 200 in 6ms (compile: 1623µs, render: 4ms)
 GET /api/tasks 200 in 7ms (compile: 3ms, render: 4ms)
 PUT /api/tasks/480872a9-fe59-4c00-9c72-d9a321e8e15f 200 in 6ms (compile: 3ms, render: 3ms)
 PUT /api/tasks/0896084d-c0ee-4d37-8bc0-547146073688 200 in 3ms (compile: 727µs, render: 1989µs)
 GET /api/tasks 200 in 7ms (compile: 3ms, render: 4ms)
 PUT /api/tasks/480872a9-fe59-4c00-9c72-d9a321e8e15f 200 in 10ms (compile: 5ms, render: 5ms)
 PUT /api/tasks/0896084d-c0ee-4d37-8bc0-547146073688 200 in 6ms (compile: 1734µs, render: 4ms)
 GET /api/tasks 200 in 6ms (compile: 2ms, render: 4ms)
 PUT /api/tasks/480872a9-fe59-4c00-9c72-d9a321e8e15f 200 in 11ms (compile: 5ms, render: 6ms)
 PUT /api/tasks/0896084d-c0ee-4d37-8bc0-547146073688 200 in 6ms (compile: 1919µs, render: 5ms)
 GET /api/tasks 200 in 7ms (compile: 3ms, render: 4ms)
 PUT /api/tasks/480872a9-fe59-4c00-9c72-d9a321e8e15f 200 in 9ms (compile: 4ms, render: 5ms)
 PUT /api/tasks/0896084d-c0ee-4d37-8bc0-547146073688 200 in 6ms (compile: 1620µs, render: 4ms)
 GET /api/tasks 200 in 7ms (compile: 2ms, render: 4ms)
 PUT /api/tasks/480872a9-fe59-4c00-9c72-d9a321e8e15f 200 in 11ms (compile: 5ms, render: 6ms)
 PUT /api/tasks/0896084d-c0ee-4d37-8bc0-547146073688 200 in 6ms (compile: 1756µs, render: 4ms)
 GET /api/tasks 200 in 7ms (compile: 2ms, render: 4ms)
 PUT /api/tasks/480872a9-fe59-4c00-9c72-d9a321e8e15f 200 in 12ms (compile: 6ms, render: 6ms)
 PUT /api/tasks/0896084d-c0ee-4d37-8bc0-547146073688 200 in 7ms (compile: 1792µs, render: 5ms)
 POST /api/tasks 201 in 11ms (compile: 3ms, render: 8ms)
 GET /api/tasks 200 in 6ms (compile: 2ms, render: 4ms)
 DELETE /api/tasks/0cf3e74d-ab62-49d0-a1ad-370ee964e98f 200 in 10ms (compile: 5ms, render: 5ms)
 PUT /api/tasks/480872a9-fe59-4c00-9c72-d9a321e8e15f 200 in 6ms (compile: 1481µs, render: 4ms)
 PUT /api/tasks/0896084d-c0ee-4d37-8bc0-547146073688 200 in 4ms (compile: 1381µs, render: 3ms)
 GET /api/tasks 200 in 6ms (compile: 2ms, render: 4ms)
 PUT /api/tasks/480872a9-fe59-4c00-9c72-d9a321e8e15f 200 in 11ms (compile: 5ms, render: 6ms)
 PUT /api/tasks/0896084d-c0ee-4d37-8bc0-547146073688 200 in 6ms (compile: 1637µs, render: 4ms)
 GET /api/tasks 200 in 6ms (compile: 2ms, render: 4ms)
 PUT /api/tasks/480872a9-fe59-4c00-9c72-d9a321e8e15f 200 in 11ms (compile: 5ms, render: 6ms)
 PUT /api/tasks/0896084d-c0ee-4d37-8bc0-547146073688 200 in 6ms (compile: 1644µs, render: 4ms)
 GET /api/tasks 200 in 7ms (compile: 3ms, render: 4ms)
 PUT /api/tasks/480872a9-fe59-4c00-9c72-d9a321e8e15f 200 in 10ms (compile: 4ms, render: 5ms)
 PUT /api/tasks/0896084d-c0ee-4d37-8bc0-547146073688 200 in 6ms (compile: 1707µs, render: 5ms)
 GET /api/tasks 200 in 6ms (compile: 2ms, render: 4ms)
 PUT /api/tasks/480872a9-fe59-4c00-9c72-d9a321e8e15f 200 in 11ms (compile: 5ms, render: 5ms)
 PUT /api/tasks/0896084d-c0ee-4d37-8bc0-547146073688 200 in 6ms (compile: 1586µs, render: 4ms)
 GET /api/tasks 200 in 6ms (compile: 2ms, render: 4ms)
 PUT /api/tasks/480872a9-fe59-4c00-9c72-d9a321e8e15f 200 in 10ms (compile: 5ms, render: 6ms)
 PUT /api/tasks/0896084d-c0ee-4d37-8bc0-547146073688 200 in 6ms (compile: 1955µs, render: 4ms)
 GET /api/tasks 200 in 6ms (compile: 2ms, render: 4ms)
 PUT /api/tasks/480872a9-fe59-4c00-9c72-d9a321e8e15f 200 in 12ms (compile: 6ms, render: 6ms)
 PUT /api/tasks/0896084d-c0ee-4d37-8bc0-547146073688 200 in 4ms (compile: 1064µs, render: 3ms)
 GET /api/tasks 200 in 6ms (compile: 2ms, render: 4ms)
 PUT /api/tasks/480872a9-fe59-4c00-9c72-d9a321e8e15f 200 in 10ms (compile: 5ms, render: 5ms)
 PUT /api/tasks/0896084d-c0ee-4d37-8bc0-547146073688 200 in 6ms (compile: 1568µs, render: 4ms)
 GET /api/tasks 200 in 6ms (compile: 2ms, render: 4ms)
 PUT /api/tasks/480872a9-fe59-4c00-9c72-d9a321e8e15f 200 in 11ms (compile: 5ms, render: 5ms)
 PUT /api/tasks/0896084d-c0ee-4d37-8bc0-547146073688 200 in 6ms (compile: 1791µs, render: 4ms)
 GET /api/tasks 200 in 6ms (compile: 2ms, render: 4ms)
 PUT /api/tasks/480872a9-fe59-4c00-9c72-d9a321e8e15f 200 in 11ms (compile: 5ms, render: 6ms)
 PUT /api/tasks/0896084d-c0ee-4d37-8bc0-547146073688 200 in 6ms (compile: 1672µs, render: 5ms)
 GET /api/tasks 200 in 5ms (compile: 1781µs, render: 3ms)
 DELETE /api/tasks/spec-test-001 200 in 6ms (compile: 3ms, render: 3ms)
 POST /api/tasks 201 in 4ms (compile: 983µs, render: 3ms)
 POST /api/tasks 201 in 4ms (compile: 1210µs, render: 3ms)
 GET /api/tasks 200 in 7ms (compile: 2ms, render: 5ms)
 DELETE /api/tasks/6634dc31-51f4-428f-b143-570a16f4176d 200 in 10ms (compile: 6ms, render: 5ms)
 DELETE /api/tasks/7e0fef7c-a4b4-46d0-a7d9-71b7d1407c6f 200 in 5ms (compile: 1712µs, render: 4ms)
 POST /api/tasks 201 in 6ms (compile: 1773µs, render: 4ms)
 POST /api/tasks 201 in 4ms (compile: 1065µs, render: 3ms)
 GET /api/tasks 200 in 7ms (compile: 3ms, render: 4ms)
 DELETE /api/tasks/25147f8a-2592-4e4a-aa7a-caf7ecef2bc9 200 in 9ms (compile: 4ms, render: 4ms)
 DELETE /api/tasks/6d002ab2-99de-4af4-9aff-70dfc12723dd 200 in 6ms (compile: 1899µs, render: 4ms)
 POST /api/tasks 201 in 4ms (compile: 945µs, render: 3ms)
 POST /api/tasks 201 in 3ms (compile: 771µs, render: 2ms)
 POST /api/specs 404 in 26ms (compile: 23ms, render: 2ms)
 GET /api/tasks 200 in 7ms (compile: 2ms, render: 4ms)
 DELETE /api/tasks/82e68b6f-768f-4adc-8751-e40ff9b135c7 200 in 10ms (compile: 5ms, render: 5ms)
 DELETE /api/tasks/5e04248e-b6f6-436c-9be2-2be89950c9b8 200 in 5ms (compile: 1596µs, render: 4ms)
 POST /api/tasks 201 in 5ms (compile: 1335µs, render: 3ms)
 POST /api/tasks 201 in 4ms (compile: 935µs, render: 3ms)
 GET /api/tasks 200 in 6ms (compile: 2ms, render: 4ms)
 DELETE /api/tasks/dfe71d91-f0fd-4b91-9e9a-60d7d1415b2d 200 in 10ms (compile: 5ms, render: 5ms)
 DELETE /api/tasks/1a0da3e8-e769-42fe-8bc2-9ec42f170ffe 200 in 6ms (compile: 1636µs, render: 4ms)
 POST /api/tasks 201 in 6ms (compile: 1700µs, render: 4ms)
 POST /api/tasks 201 in 4ms (compile: 937µs, render: 3ms)
 GET /api/tasks 200 in 8ms (compile: 3ms, render: 5ms)
 GET /api/tasks 200 in 6ms (compile: 2ms, render: 4ms)
 DELETE /api/tasks/ce5a2be3-28f3-4cca-82ed-d90c952c2b1c 200 in 11ms (compile: 6ms, render: 5ms)
 DELETE /api/tasks/c0d3c665-59d6-43dd-b8b7-3ce670a12f12 200 in 5ms (compile: 1610µs, render: 4ms)
 POST /api/tasks 201 in 6ms (compile: 1420µs, render: 4ms)
 POST /api/tasks 201 in 4ms (compile: 1211µs, render: 3ms)
 GET /api/tasks 200 in 6ms (compile: 2ms, render: 4ms)
 DELETE /api/tasks/235d07f2-f395-4757-89f1-17f8b3b9f457 200 in 10ms (compile: 5ms, render: 5ms)
 DELETE /api/tasks/f74814af-71ea-48bb-9550-2c8e7d195e93 200 in 5ms (compile: 1550µs, render: 4ms)
 POST /api/tasks 201 in 6ms (compile: 1442µs, render: 4ms)
 POST /api/tasks 201 in 4ms (compile: 1157µs, render: 3ms)
 GET /api/tasks 200 in 6ms (compile: 2ms, render: 3ms)
 DELETE /api/tasks/3e3f9e75-262d-4010-8c6b-bbcaf78354ab 200 in 9ms (compile: 4ms, render: 4ms)
 DELETE /api/tasks/638e16cd-356d-4aaf-9755-a37de120f5fa 200 in 5ms (compile: 1585µs, render: 4ms)
 POST /api/tasks 201 in 4ms (compile: 1073µs, render: 3ms)
 POST /api/tasks 201 in 2ms (compile: 710µs, render: 1738µs)
 GET /api/tasks 200 in 6ms (compile: 2ms, render: 4ms)
 DELETE /api/tasks/b4573a9c-8b15-46a0-9be4-d033a690e21c 200 in 10ms (compile: 5ms, render: 5ms)
 DELETE /api/tasks/4f57ee2c-20c7-47b9-99ef-acaf6929aa9c 200 in 5ms (compile: 1637µs, render: 4ms)
 POST /api/tasks 201 in 5ms (compile: 1699µs, render: 4ms)
 POST /api/tasks 201 in 3ms (compile: 847µs, render: 2ms)
 GET /api/tasks 200 in 6ms (compile: 2ms, render: 4ms)
 DELETE /api/tasks/0f33d8da-e1ee-482b-b63e-087c1ac71e03 200 in 10ms (compile: 5ms, render: 5ms)
 DELETE /api/tasks/4b29a569-baea-471c-accf-392c246388ed 200 in 6ms (compile: 1672µs, render: 4ms)
 POST /api/tasks 201 in 5ms (compile: 1632µs, render: 3ms)
 POST /api/tasks 201 in 5ms (compile: 1259µs, render: 3ms)
 GET /api/tasks 200 in 6ms (compile: 2ms, render: 4ms)
 DELETE /api/tasks/673985b3-265a-4520-8ebc-9dd2eeba0108 200 in 9ms (compile: 4ms, render: 4ms)
 DELETE /api/tasks/2047c22f-bb8c-4fb1-b043-5b3972a2ed6f 200 in 5ms (compile: 1480µs, render: 3ms)
 POST /api/tasks 201 in 4ms (compile: 1228µs, render: 3ms)
 POST /api/tasks 201 in 3ms (compile: 508µs, render: 2ms)
 GET /api/tasks 200 in 6ms (compile: 2ms, render: 4ms)
 DELETE /api/tasks/96aa7bcb-518b-41eb-a6d3-628a20dfacff 200 in 10ms (compile: 5ms, render: 5ms)
 DELETE /api/tasks/6fc1ee4c-8b43-4dad-9d7a-bca3362cb563 200 in 5ms (compile: 1683µs, render: 4ms)
 POST /api/tasks 201 in 5ms (compile: 1688µs, render: 3ms)
 POST /api/tasks 201 in 3ms (compile: 901µs, render: 2ms)
 GET /api/tasks 200 in 6ms (compile: 2ms, render: 4ms)
 DELETE /api/tasks/587c9941-b0f1-4bea-adfa-0a81a97a8959 200 in 10ms (compile: 5ms, render: 5ms)
 DELETE /api/tasks/17f14f29-0b65-4b1e-bea5-4770bf36068a 200 in 5ms (compile: 1693µs, render: 4ms)
 POST /api/tasks 201 in 5ms (compile: 1457µs, render: 3ms)
 POST /api/tasks 201 in 3ms (compile: 876µs, render: 1863µs)
 GET /api/tasks 200 in 6ms (compile: 2ms, render: 4ms)
 DELETE /api/tasks/c2822568-9683-4ca8-a55c-97b49762fa4d 200 in 10ms (compile: 5ms, render: 4ms)
 DELETE /api/tasks/c1cc95f1-60d2-4b25-b058-5c98d04ba817 200 in 5ms (compile: 1510µs, render: 4ms)
 POST /api/tasks 201 in 6ms (compile: 1722µs, render: 4ms)
 POST /api/tasks 201 in 4ms (compile: 919µs, render: 3ms)
 GET /api/tasks 200 in 6ms (compile: 2ms, render: 4ms)
 DELETE /api/tasks/52869773-0be7-4dcb-8f44-ec3c7dd0bb61 200 in 8ms (compile: 4ms, render: 4ms)
 DELETE /api/tasks/a2174b00-91e8-40b5-864f-3846d65f6f0f 200 in 5ms (compile: 1515µs, render: 3ms)
 POST /api/tasks 201 in 5ms (compile: 1511µs, render: 4ms)
 POST /api/tasks 201 in 3ms (compile: 848µs, render: 3ms)
 GET /api/tasks 200 in 6ms (compile: 2ms, render: 4ms)
 DELETE /api/tasks/a1c122fc-556d-4104-8c8b-6b201c67284e 200 in 11ms (compile: 6ms, render: 5ms)
 DELETE /api/tasks/eb56c05d-91df-4a27-bb0a-528c7efde902 200 in 5ms (compile: 1661µs, render: 4ms)
 POST /api/tasks 201 in 4ms (compile: 1955µs, render: 2ms)
 POST /api/tasks 201 in 3ms (compile: 910µs, render: 2ms)
 GET /api/tasks 200 in 7ms (compile: 3ms, render: 5ms)
 DELETE /api/tasks/c8a7ea55-888e-4a17-b297-83af8b56aa3b 200 in 10ms (compile: 5ms, render: 5ms)
 DELETE /api/tasks/97ca5c72-59bb-4f22-b90d-de8f052af484 200 in 6ms (compile: 1569µs, render: 4ms)
 POST /api/tasks 201 in 4ms (compile: 1194µs, render: 3ms)
 POST /api/tasks 201 in 3ms (compile: 658µs, render: 2ms)
 GET /api/tasks 200 in 6ms (compile: 2ms, render: 4ms)
 DELETE /api/tasks/aebabea1-f2f9-4483-b2fa-088e16032aba 200 in 9ms (compile: 4ms, render: 5ms)
 DELETE /api/tasks/62d7934f-ea2d-4253-b3e5-c54150abd3b4 200 in 6ms (compile: 1654µs, render: 4ms)
 POST /api/tasks 201 in 6ms (compile: 2ms, render: 4ms)
 POST /api/tasks 201 in 3ms (compile: 919µs, render: 2ms)
 GET /api/tasks 200 in 6ms (compile: 2ms, render: 4ms)
 DELETE /api/tasks/b3dcbd51-783e-43ac-85c0-2e12a0e93dbf 200 in 10ms (compile: 5ms, render: 5ms)
 DELETE /api/tasks/3798ce7d-0e84-479a-9a63-465be7b9f3f0 200 in 5ms (compile: 1640µs, render: 4ms)
 POST /api/tasks 201 in 6ms (compile: 1675µs, render: 4ms)
 POST /api/tasks 201 in 3ms (compile: 935µs, render: 1915µs)
 GET /api/tasks 200 in 6ms (compile: 2ms, render: 4ms)
 DELETE /api/tasks/9c35f00d-02e0-4607-98f6-c45555b84e56 200 in 11ms (compile: 6ms, render: 5ms)
 DELETE /api/tasks/60a49eed-ced8-435e-a39f-dda7b203fba0 200 in 6ms (compile: 2ms, render: 4ms)
 POST /api/tasks 201 in 5ms (compile: 1613µs, render: 4ms)
 POST /api/tasks 201 in 3ms (compile: 795µs, render: 2ms)
 GET /api/tasks 200 in 6ms (compile: 2ms, render: 4ms)
 DELETE /api/tasks/c793e22f-017f-4bf9-9179-d141be9ba2da 200 in 10ms (compile: 6ms, render: 4ms)
 DELETE /api/tasks/a3124058-b6a3-411f-9b07-cdd881442bf4 200 in 5ms (compile: 1559µs, render: 3ms)
 POST /api/tasks 201 in 5ms (compile: 1119µs, render: 4ms)
 POST /api/tasks 201 in 3ms (compile: 766µs, render: 2ms)
 GET /api/tasks 200 in 6ms (compile: 2ms, render: 4ms)
 DELETE /api/tasks/2afdee83-2c1b-4bbb-ac3c-446dd8ec5346 200 in 10ms (compile: 5ms, render: 5ms)
 DELETE /api/tasks/6d77c789-bbaa-4dc7-94ab-246ce2b0642b 200 in 5ms (compile: 1692µs, render: 4ms)
 POST /api/tasks 201 in 6ms (compile: 1669µs, render: 4ms)
 POST /api/tasks 201 in 4ms (compile: 1307µs, render: 3ms)
 GET /api/tasks 200 in 6ms (compile: 2ms, render: 4ms)
 DELETE /api/tasks/fdbecb90-8742-456c-889d-87cb2b3b1387 200 in 10ms (compile: 5ms, render: 5ms)
 DELETE /api/tasks/7cf67b13-d28f-4070-a08f-d96601edb6f1 200 in 5ms (compile: 1588µs, render: 4ms)
 POST /api/tasks 201 in 6ms (compile: 1494µs, render: 5ms)
 POST /api/tasks 201 in 4ms (compile: 1164µs, render: 3ms)
 GET /api/tasks 200 in 6ms (compile: 2ms, render: 4ms)
 DELETE /api/tasks/ae348ed2-b255-40c3-97b9-1a65e6fa500a 200 in 8ms (compile: 4ms, render: 4ms)
 DELETE /api/tasks/8ed886db-c107-46bc-a123-4249b8b0aa55 200 in 6ms (compile: 1976µs, render: 4ms)
 POST /api/tasks 201 in 6ms (compile: 1377µs, render: 5ms)
 POST /api/tasks 201 in 4ms (compile: 1136µs, render: 3ms)
 GET /api/tasks 200 in 6ms (compile: 2ms, render: 4ms)
 DELETE /api/tasks/0cdd0023-cabe-44c0-a6f7-09559f47c3d1 200 in 9ms (compile: 5ms, render: 4ms)
 DELETE /api/tasks/cade7289-890b-4bbc-95b5-aace85e976b9 200 in 5ms (compile: 1561µs, render: 4ms)
 POST /api/tasks 201 in 5ms (compile: 1362µs, render: 4ms)
 POST /api/tasks 201 in 3ms (compile: 818µs, render: 3ms)
 GET /api/tasks 200 in 6ms (compile: 2ms, render: 4ms)
 DELETE /api/tasks/884a7e70-a827-4a32-943d-25a0dc8c83c7 200 in 10ms (compile: 5ms, render: 5ms)
 DELETE /api/tasks/40795c97-e857-48b1-9694-b50eef64c1a1 200 in 6ms (compile: 1654µs, render: 4ms)
 POST /api/tasks 201 in 6ms (compile: 1668µs, render: 4ms)
 POST /api/tasks 201 in 4ms (compile: 1115µs, render: 3ms)
 GET /api/tasks 200 in 6ms (compile: 2ms, render: 4ms)
 DELETE /api/tasks/aefe18ee-1601-4fb1-8e20-ace188870d08 200 in 10ms (compile: 5ms, render: 5ms)
 DELETE /api/tasks/89bc1276-7a6a-4cb3-be24-e63940ca2e2d 200 in 7ms (compile: 1984µs, render: 5ms)
 POST /api/tasks 201 in 5ms (compile: 1574µs, render: 4ms)
 POST /api/tasks 201 in 3ms (compile: 896µs, render: 3ms)
 GET /api/tasks 200 in 9ms (compile: 5ms, render: 4ms)
 DELETE /api/tasks/5e37b978-e955-406d-a57e-50f629f13a87 200 in 9ms (compile: 5ms, render: 5ms)
 DELETE /api/tasks/1e3f7738-278a-4ded-a72e-4575a61814c0 200 in 6ms (compile: 1693µs, render: 4ms)
 POST /api/tasks 201 in 5ms (compile: 1488µs, render: 4ms)
 POST /api/tasks 201 in 3ms (compile: 964µs, render: 3ms)
 GET /api/tasks 200 in 6ms (compile: 2ms, render: 4ms)
 DELETE /api/tasks/31db5836-6d0b-4cec-9261-f0be0d41d1e2 200 in 10ms (compile: 5ms, render: 5ms)
 DELETE /api/tasks/c84bcf55-3dae-4f8b-8f19-d3d4840f8ecd 200 in 6ms (compile: 1581µs, render: 4ms)
 POST /api/tasks 201 in 6ms (compile: 1924µs, render: 4ms)
 POST /api/tasks 201 in 4ms (compile: 1078µs, render: 3ms)
 GET /api/tasks 200 in 4ms (compile: 1539µs, render: 3ms)
 DELETE /api/tasks/a5ca53c9-042c-4ac0-98e8-159005f5fd27 200 in 6ms (compile: 3ms, render: 3ms)
 DELETE /api/tasks/b01ca18d-7598-4812-aa37-415ba7c62925 200 in 4ms (compile: 1245µs, render: 3ms)
 POST /api/tasks 201 in 4ms (compile: 1097µs, render: 3ms)
 POST /api/tasks 201 in 4ms (compile: 1043µs, render: 3ms)
 GET /api/tasks 200 in 6ms (compile: 2ms, render: 4ms)
 DELETE /api/tasks/9bb16ab8-af61-436f-871b-b9a92a74676f 200 in 9ms (compile: 5ms, render: 4ms)
 DELETE /api/tasks/dcd04101-331a-45af-a4f7-ee567eb183a5 200 in 6ms (compile: 1678µs, render: 4ms)
 POST /api/tasks 201 in 5ms (compile: 1643µs, render: 4ms)
 POST /api/tasks 201 in 4ms (compile: 888µs, render: 3ms)
 GET /api/tasks 200 in 6ms (compile: 2ms, render: 4ms)
 DELETE /api/tasks/b6b6f7fc-610d-4d8b-98a5-a6a7a9323035 200 in 10ms (compile: 5ms, render: 5ms)
 DELETE /api/tasks/62d5e373-e0a7-4d0a-9915-aa5ff24683d9 200 in 6ms (compile: 1844µs, render: 4ms)
 POST /api/tasks 201 in 5ms (compile: 1791µs, render: 3ms)
 POST /api/tasks 201 in 3ms (compile: 721µs, render: 1853µs)
 GET /api/tasks 200 in 6ms (compile: 1830µs, render: 4ms)
 DELETE /api/tasks/717a824a-6e5c-4d25-bd0d-a3fd37efb2f0 200 in 10ms (compile: 5ms, render: 5ms)
 DELETE /api/tasks/4ffb87a3-28d9-4f2a-99ab-98597c4123c8 200 in 6ms (compile: 1879µs, render: 4ms)
 POST /api/tasks 201 in 5ms (compile: 1711µs, render: 3ms)
 POST /api/tasks 201 in 3ms (compile: 892µs, render: 1886µs)
 GET /api/tasks 200 in 6ms (compile: 2ms, render: 4ms)
 DELETE /api/tasks/4365cadb-141e-4fdc-8bf9-7cf0c7396860 200 in 10ms (compile: 5ms, render: 5ms)
 DELETE /api/tasks/37cb07d2-1161-4c3e-a2a0-3dfa7e652735 200 in 6ms (compile: 1790µs, render: 4ms)
 POST /api/tasks 201 in 3ms (compile: 1032µs, render: 1906µs)
 POST /api/tasks 201 in 3ms (compile: 405µs, render: 2ms)
 GET /api/tasks 200 in 7ms (compile: 2ms, render: 5ms)
 DELETE /api/tasks/70e16f86-a4d6-4871-947e-3e977146435a 200 in 10ms (compile: 4ms, render: 5ms)
 DELETE /api/tasks/0557fd47-21c2-497c-85aa-6be446f776ce 200 in 6ms (compile: 1753µs, render: 4ms)
 POST /api/tasks 201 in 3ms (compile: 873µs, render: 3ms)
 POST /api/tasks 201 in 2ms (compile: 689µs, render: 1589µs)
 GET /api/tasks 200 in 6ms (compile: 2ms, render: 4ms)
 DELETE /api/tasks/9b36eb08-bd08-460d-8d7e-f8b0a09eca47 200 in 9ms (compile: 5ms, render: 5ms)
 DELETE /api/tasks/3baeca83-d241-4fcf-95b0-3c24bbef3baf 200 in 6ms (compile: 1879µs, render: 4ms)
 POST /api/tasks 201 in 5ms (compile: 1396µs, render: 3ms)
 POST /api/tasks 201 in 2ms (compile: 474µs, render: 1956µs)
 GET /api/tasks 200 in 6ms (compile: 2ms, render: 4ms)
 DELETE /api/tasks/b22951eb-d2ed-4ca6-ab3b-9c3b3c50cae6 200 in 10ms (compile: 5ms, render: 5ms)
 DELETE /api/tasks/15756581-b840-4eb5-81e9-260e1b4af139 200 in 6ms (compile: 1835µs, render: 4ms)
 POST /api/tasks 201 in 4ms (compile: 1212µs, render: 3ms)
 POST /api/tasks 201 in 3ms (compile: 824µs, render: 2ms)
 GET /api/tasks 200 in 6ms (compile: 2ms, render: 4ms)
 DELETE /api/tasks/82de76a3-3e26-4bb8-9a4b-7469eaa1ff5d 200 in 9ms (compile: 4ms, render: 5ms)
 DELETE /api/tasks/8727c283-f268-44d3-9624-0793fcf71bb3 200 in 6ms (compile: 1696µs, render: 4ms)
 POST /api/tasks 201 in 5ms (compile: 1434µs, render: 4ms)
 POST /api/tasks 201 in 4ms (compile: 1339µs, render: 2ms)
 GET /api/tasks 200 in 7ms (compile: 2ms, render: 5ms)
 DELETE /api/tasks/7cf55983-fd1f-4380-bd76-7759f64e9c73 200 in 9ms (compile: 4ms, render: 5ms)
 DELETE /api/tasks/eb8acbf6-0383-42c6-b761-d7d7818a68b3 200 in 6ms (compile: 1941µs, render: 5ms)
 POST /api/tasks 201 in 5ms (compile: 1453µs, render: 3ms)
 POST /api/tasks 201 in 4ms (compile: 1053µs, render: 3ms)
 GET /api/tasks 200 in 5ms (compile: 1622µs, render: 3ms)
 DELETE /api/tasks/48ba4e38-2604-45f2-8f03-9a0066d7bce1 200 in 6ms (compile: 3ms, render: 3ms)
 DELETE /api/tasks/879ba815-c921-43f7-83d4-047f04e63657 200 in 5ms (compile: 1481µs, render: 4ms)
 POST /api/tasks 201 in 6ms (compile: 1940µs, render: 4ms)
 POST /api/tasks 201 in 4ms (compile: 1328µs, render: 3ms)
 GET /api/tasks 200 in 8ms (compile: 3ms, render: 5ms)
 DELETE /api/tasks/9cf00ed2-e0c6-4cd7-bf64-c69b98c30c0e 200 in 9ms (compile: 4ms, render: 4ms)
 DELETE /api/tasks/8a8cfabc-1ea5-4b75-87bb-5afa23cde0d0 200 in 5ms (compile: 1260µs, render: 4ms)
 POST /api/tasks 201 in 4ms (compile: 1122µs, render: 3ms)
 POST /api/tasks 201 in 1786µs (compile: 426µs, render: 1360µs)
 GET /api/tasks 200 in 5ms (compile: 1763µs, render: 3ms)
 DELETE /api/tasks/aae4505f-abfa-4636-80cc-879d7597969b 200 in 8ms (compile: 4ms, render: 4ms)
 DELETE /api/tasks/87f0b1cb-a733-4bfa-99cf-33fa0ac11853 200 in 5ms (compile: 1695µs, render: 4ms)
 POST /api/tasks 201 in 5ms (compile: 1327µs, render: 4ms)
 POST /api/tasks 201 in 4ms (compile: 1056µs, render: 3ms)
 GET /api/tasks 200 in 6ms (compile: 2ms, render: 4ms)
 DELETE /api/tasks/fa587417-677f-4e65-b847-3a5c15465d12 200 in 9ms (compile: 5ms, render: 5ms)
 DELETE /api/tasks/6c771af3-b157-4510-aaa0-eaa5261ce507 200 in 5ms (compile: 1481µs, render: 3ms)
 POST /api/tasks 201 in 4ms (compile: 1489µs, render: 3ms)
 POST /api/tasks 201 in 2ms (compile: 724µs, render: 1593µs)
 GET /api/tasks 200 in 6ms (compile: 2ms, render: 4ms)
 DELETE /api/tasks/936d5afb-6604-4eb0-9f98-5973893ed504 200 in 9ms (compile: 5ms, render: 4ms)
 DELETE /api/tasks/390e483e-8056-4559-985a-114a7298c929 200 in 5ms (compile: 1535µs, render: 4ms)
 POST /api/tasks 201 in 4ms (compile: 1108µs, render: 3ms)
 POST /api/tasks 201 in 1900µs (compile: 494µs, render: 1406µs)
 GET /api/tasks 200 in 5ms (compile: 1984µs, render: 3ms)
 DELETE /api/tasks/50d1176d-4a0c-4970-9227-309b8f138b6a 200 in 10ms (compile: 5ms, render: 5ms)
 DELETE /api/tasks/fbb538e8-834b-4a76-b1ca-98fc00c3a86a 200 in 5ms (compile: 1595µs, render: 4ms)
 POST /api/tasks 201 in 5ms (compile: 1660µs, render: 4ms)
 POST /api/tasks 201 in 3ms (compile: 692µs, render: 2ms)
 GET /api/tasks 200 in 6ms (compile: 2ms, render: 4ms)
 DELETE /api/tasks/94b3a2e7-b492-44a3-be74-131b70ed7c9a 200 in 10ms (compile: 5ms, render: 5ms)
 DELETE /api/tasks/2fa5406c-2b64-4ef7-b383-4f8242b3d9ce 200 in 5ms (compile: 1585µs, render: 3ms)
 POST /api/tasks 201 in 5ms (compile: 1361µs, render: 4ms)
 POST /api/tasks 201 in 3ms (compile: 709µs, render: 2ms)
 GET /api/tasks 200 in 7ms (compile: 2ms, render: 5ms)
 DELETE /api/tasks/dbffca1c-9694-4e29-a4b2-e307a70491f9 200 in 11ms (compile: 6ms, render: 5ms)
 DELETE /api/tasks/b9f0ffc3-96f1-4e4e-853d-07a199692bd5 200 in 5ms (compile: 1584µs, render: 4ms)
 POST /api/tasks 201 in 6ms (compile: 1564µs, render: 4ms)
 POST /api/tasks 201 in 4ms (compile: 1149µs, render: 3ms)
 GET /api/tasks 200 in 6ms (compile: 2ms, render: 4ms)
 DELETE /api/tasks/4be82003-7fa6-49c9-b94f-7bfd05fc3dc6 200 in 10ms (compile: 6ms, render: 4ms)
 DELETE /api/tasks/9a809241-c715-447e-a08d-9593b81eeee8 200 in 6ms (compile: 1634µs, render: 4ms)
 POST /api/tasks 201 in 6ms (compile: 1817µs, render: 4ms)
 POST /api/tasks 201 in 5ms (compile: 1319µs, render: 3ms)
 GET /api/tasks 200 in 7ms (compile: 2ms, render: 5ms)
 DELETE /api/tasks/09645a1a-a319-45c9-9ac7-63d732a2886c 200 in 10ms (compile: 4ms, render: 6ms)
 DELETE /api/tasks/d01b6d90-8157-406a-b995-b5950e080844 200 in 6ms (compile: 1819µs, render: 4ms)
 POST /api/tasks 201 in 6ms (compile: 1688µs, render: 4ms)
 POST /api/tasks 201 in 4ms (compile: 1231µs, render: 3ms)
 GET /api/tasks 200 in 6ms (compile: 2ms, render: 4ms)
 DELETE /api/tasks/2421a1ef-ab5b-4a1c-95ec-5b09ef487fa3 200 in 9ms (compile: 5ms, render: 4ms)
 DELETE /api/tasks/8e1ab4da-7d23-4dbc-87d6-c1a489046b3a 200 in 5ms (compile: 1547µs, render: 4ms)
 POST /api/tasks 201 in 6ms (compile: 1799µs, render: 4ms)
 POST /api/tasks 201 in 4ms (compile: 1057µs, render: 3ms)
 GET /api/tasks 200 in 6ms (compile: 2ms, render: 4ms)
 DELETE /api/tasks/e93914d8-9b9d-4df4-8ef5-43a58f3bae1f 200 in 9ms (compile: 5ms, render: 4ms)
 DELETE /api/tasks/fc6bfc83-f326-4786-bd56-1fb56da02c51 200 in 5ms (compile: 1584µs, render: 4ms)
 POST /api/tasks 201 in 6ms (compile: 1372µs, render: 4ms)
 POST /api/tasks 201 in 4ms (compile: 1249µs, render: 3ms)
 GET /api/tasks 200 in 6ms (compile: 2ms, render: 4ms)
 DELETE /api/tasks/fe9f31c7-4b18-4ec9-9a41-852fbbaad2b7 200 in 9ms (compile: 4ms, render: 4ms)
 DELETE /api/tasks/c151202a-665b-4350-8392-82739d6b108f 200 in 5ms (compile: 1512µs, render: 3ms)
 POST /api/tasks 201 in 6ms (compile: 1722µs, render: 4ms)
 POST /api/tasks 201 in 4ms (compile: 1136µs, render: 3ms)
 GET /api/tasks 200 in 7ms (compile: 2ms, render: 5ms)
 DELETE /api/tasks/a1dd06b2-f175-414b-980e-67f2927addf7 200 in 10ms (compile: 6ms, render: 5ms)
 DELETE /api/tasks/f9dd9ffe-9b44-4b7a-988f-ca5a152aa684 200 in 5ms (compile: 1467µs, render: 4ms)
 POST /api/tasks 201 in 7ms (compile: 1877µs, render: 5ms)
 POST /api/tasks 201 in 4ms (compile: 1162µs, render: 3ms)
 GET /api/tasks 200 in 6ms (compile: 2ms, render: 4ms)
 DELETE /api/tasks/05378d66-546c-44a2-9c08-ee1354f3ef38 200 in 10ms (compile: 5ms, render: 5ms)
 DELETE /api/tasks/f74d7b58-4d85-4079-b6c4-3211501eb3cb 200 in 5ms (compile: 1512µs, render: 4ms)
 POST /api/tasks 201 in 6ms (compile: 1776µs, render: 4ms)
 POST /api/tasks 201 in 4ms (compile: 1004µs, render: 3ms)
 GET /api/tasks 200 in 6ms (compile: 2ms, render: 4ms)
 DELETE /api/tasks/f0077af2-438e-42d2-9997-11ffd7e0835d 200 in 10ms (compile: 5ms, render: 4ms)
 DELETE /api/tasks/3cc44724-6fbc-437e-89c5-beb1efbeedf3 200 in 5ms (compile: 1549µs, render: 3ms)
 POST /api/tasks 201 in 6ms (compile: 1344µs, render: 4ms)
 POST /api/tasks 201 in 4ms (compile: 1089µs, render: 3ms)
 GET /api/tasks 200 in 6ms (compile: 2ms, render: 4ms)
 DELETE /api/tasks/d1d09064-8517-4bb1-841c-adb7ffbe81bb 200 in 10ms (compile: 5ms, render: 4ms)
 DELETE /api/tasks/4259455e-109d-4859-a105-8049335f61f3 200 in 5ms (compile: 1621µs, render: 4ms)
 POST /api/tasks 201 in 4ms (compile: 1812µs, render: 3ms)
 POST /api/tasks 201 in 3ms (compile: 500µs, render: 2ms)
 GET /api/tasks 200 in 6ms (compile: 2ms, render: 4ms)
 DELETE /api/tasks/433e5883-503b-45c9-90ec-265b74c5e54c 200 in 10ms (compile: 5ms, render: 5ms)
 DELETE /api/tasks/18b3d64b-4c1e-4c6a-b465-1abf711975a6 200 in 6ms (compile: 1749µs, render: 4ms)
 POST /api/tasks 201 in 6ms (compile: 1669µs, render: 4ms)
 POST /api/tasks 201 in 4ms (compile: 1232µs, render: 3ms)
 GET /api/tasks 200 in 6ms (compile: 2ms, render: 4ms)
 DELETE /api/tasks/74b5f43a-b7a1-40c9-bfaf-584a6a1c9490 200 in 9ms (compile: 4ms, render: 5ms)
 DELETE /api/tasks/92ce4525-e914-4a0d-8360-b0af335a4c87 200 in 6ms (compile: 2ms, render: 4ms)
 POST /api/tasks 201 in 6ms (compile: 1642µs, render: 5ms)
 POST /api/tasks 201 in 4ms (compile: 1206µs, render: 2ms)
 GET /api/tasks 200 in 4ms (compile: 1222µs, render: 3ms)
 DELETE /api/tasks/09307bb6-41cc-4e15-be0e-a4b6672dd39b 200 in 6ms (compile: 3ms, render: 3ms)
 DELETE /api/tasks/d3ead451-8ea5-4c19-8e5b-eeb75a666e68 200 in 4ms (compile: 1147µs, render: 3ms)
 POST /api/tasks 201 in 4ms (compile: 1013µs, render: 3ms)
 POST /api/tasks 201 in 4ms (compile: 1035µs, render: 3ms)
 GET /api/tasks 200 in 6ms (compile: 2ms, render: 4ms)
 DELETE /api/tasks/73020a95-68f2-4572-a3ff-560d3ee11593 200 in 9ms (compile: 5ms, render: 5ms)
 DELETE /api/tasks/a4fc774b-1610-4723-adcb-88accfb8948a 200 in 6ms (compile: 1750µs, render: 4ms)
 POST /api/tasks 201 in 5ms (compile: 1730µs, render: 4ms)
 POST /api/tasks 201 in 3ms (compile: 865µs, render: 2ms)
 GET /api/tasks 200 in 6ms (compile: 2ms, render: 4ms)
 DELETE /api/tasks/eb3311e4-051a-43b4-955a-7bf5209ecfcc 200 in 9ms (compile: 5ms, render: 5ms)
 DELETE /api/tasks/ccc4ca2c-d4a2-474c-8d17-4e9b07aa09f0 200 in 5ms (compile: 1562µs, render: 4ms)
 POST /api/tasks 201 in 5ms (compile: 1717µs, render: 4ms)
 POST /api/tasks 201 in 3ms (compile: 867µs, render: 1822µs)
 GET /api/tasks 200 in 6ms (compile: 2ms, render: 4ms)
 DELETE /api/tasks/03dd3dc1-bb14-40c6-bada-7e962bed4750 200 in 10ms (compile: 5ms, render: 5ms)
 DELETE /api/tasks/41937b86-0a95-4a81-a4a9-33bc257951d5 200 in 5ms (compile: 1506µs, render: 3ms)
 POST /api/tasks 201 in 5ms (compile: 1587µs, render: 4ms)
 POST /api/tasks 201 in 3ms (compile: 949µs, render: 2ms)
 GET /api/tasks 200 in 6ms (compile: 2ms, render: 4ms)
 DELETE /api/tasks/3ae6d453-72b2-41ea-975b-ed97b911278a 200 in 9ms (compile: 5ms, render: 4ms)
 DELETE /api/tasks/38f61e70-9f04-4c03-98a7-dda47fdb14b0 200 in 6ms (compile: 1706µs, render: 4ms)
 POST /api/tasks 201 in 6ms (compile: 1493µs, render: 4ms)
 POST /api/tasks 201 in 4ms (compile: 1035µs, render: 3ms)
 GET /api/tasks 200 in 6ms (compile: 2ms, render: 4ms)
 DELETE /api/tasks/ed24a350-abf7-460b-8b74-bb11d286e76c 200 in 9ms (compile: 5ms, render: 4ms)
 DELETE /api/tasks/9c0c3331-2c6c-4768-a747-b5ae5dd7bf25 200 in 5ms (compile: 1552µs, render: 4ms)
 POST /api/tasks 201 in 6ms (compile: 1645µs, render: 4ms)
 POST /api/tasks 201 in 4ms (compile: 1102µs, render: 3ms)
 GET /api/tasks 200 in 6ms (compile: 2ms, render: 4ms)
 DELETE /api/tasks/60a32154-b6d0-4008-9e11-67e5266e62e8 200 in 10ms (compile: 5ms, render: 5ms)
 DELETE /api/tasks/4a237209-0aaf-47e3-9f5e-82eb3fe5e56c 200 in 6ms (compile: 1725µs, render: 4ms)
 POST /api/tasks 201 in 5ms (compile: 1566µs, render: 4ms)
 POST /api/tasks 201 in 3ms (compile: 755µs, render: 1902µs)
 GET /api/tasks 200 in 6ms (compile: 2ms, render: 4ms)
 DELETE /api/tasks/2d95d157-1111-43f4-b2e9-ede2a14caa23 200 in 10ms (compile: 5ms, render: 5ms)
 DELETE /api/tasks/f7ed3a6b-fb01-4487-9720-d70bb2ecc219 200 in 5ms (compile: 1631µs, render: 4ms)
 POST /api/tasks 201 in 6ms (compile: 1935µs, render: 4ms)
 POST /api/tasks 201 in 3ms (compile: 1034µs, render: 2ms)
 GET /api/tasks 200 in 7ms (compile: 3ms, render: 5ms)
 DELETE /api/tasks/505ae2b2-5265-49a3-adf2-77332a504b82 200 in 9ms (compile: 4ms, render: 5ms)
 DELETE /api/tasks/a4f27009-ee6d-42f3-9cba-4ea23ee74762 200 in 6ms (compile: 1796µs, render: 5ms)
 POST /api/tasks 201 in 3ms (compile: 1303µs, render: 1998µs)
 POST /api/tasks 201 in 3ms (compile: 506µs, render: 3ms)
 GET /api/tasks 200 in 6ms (compile: 2ms, render: 4ms)
 DELETE /api/tasks/8e4e7fe8-f60b-40ca-bd2d-ce650404335d 200 in 10ms (compile: 5ms, render: 5ms)
 DELETE /api/tasks/c308612a-3c87-4a78-9fa2-6bd3291ac334 200 in 5ms (compile: 1424µs, render: 4ms)
 POST /api/tasks 201 in 5ms (compile: 1441µs, render: 4ms)
 POST /api/tasks 201 in 3ms (compile: 934µs, render: 2ms)
 GET /api/tasks 200 in 6ms (compile: 2ms, render: 4ms)
 DELETE /api/tasks/980db5ba-7f8d-48dd-91f3-1c0bb9f7b9ea 200 in 10ms (compile: 5ms, render: 5ms)
 DELETE /api/tasks/2bdf61fc-1349-43dc-b7c2-12b9f62ec9e4 200 in 7ms (compile: 2ms, render: 4ms)
 POST /api/tasks 201 in 4ms (compile: 1314µs, render: 3ms)
 POST /api/tasks 201 in 3ms (compile: 435µs, render: 2ms)
 GET /api/tasks 200 in 6ms (compile: 2ms, render: 4ms)
 DELETE /api/tasks/75ab3bd7-ba48-4152-b5b8-1c56ea72e784 200 in 9ms (compile: 5ms, render: 4ms)
 DELETE /api/tasks/c16fe9fa-b0a7-46c4-bf35-e8bc68f90aa3 200 in 5ms (compile: 1582µs, render: 4ms)
 POST /api/tasks 201 in 5ms (compile: 1453µs, render: 4ms)
 POST /api/tasks 201 in 3ms (compile: 862µs, render: 2ms)
 GET /api/tasks 200 in 7ms (compile: 2ms, render: 4ms)
 DELETE /api/tasks/e14f884b-9917-4442-b825-e7178d9c45a0 200 in 10ms (compile: 5ms, render: 5ms)
 DELETE /api/tasks/e0d34c8f-13f8-473b-9efa-7e66c3f47f9a 200 in 5ms (compile: 1540µs, render: 4ms)
 POST /api/tasks 201 in 6ms (compile: 1620µs, render: 4ms)
 POST /api/tasks 201 in 4ms (compile: 1275µs, render: 3ms)
 GET /api/tasks 200 in 6ms (compile: 2ms, render: 4ms)
 DELETE /api/tasks/b009ff29-6834-409d-b1b6-fcbb303f7cb6 200 in 10ms (compile: 6ms, render: 5ms)
 DELETE /api/tasks/f1b93ecd-7540-4c50-b853-5364aa723544 200 in 5ms (compile: 1524µs, render: 4ms)
 POST /api/tasks 201 in 6ms (compile: 1622µs, render: 4ms)
 POST /api/tasks 201 in 4ms (compile: 1102µs, render: 3ms)
 GET /api/tasks 200 in 6ms (compile: 2ms, render: 4ms)
 DELETE /api/tasks/899fd3ca-29c0-4d73-a614-b20b6d2977a1 200 in 10ms (compile: 5ms, render: 5ms)
 DELETE /api/tasks/5b21bedd-3dcf-4263-9d14-262b87a68712 200 in 5ms (compile: 1598µs, render: 4ms)
 POST /api/tasks 201 in 6ms (compile: 1750µs, render: 4ms)
 POST /api/tasks 201 in 4ms (compile: 1082µs, render: 3ms)
 GET /api/tasks 200 in 7ms (compile: 3ms, render: 4ms)
 DELETE /api/tasks/6583abc7-7366-4a00-bf1f-433ff14119cb 200 in 9ms (compile: 4ms, render: 5ms)
 DELETE /api/tasks/bca4447e-58ce-4756-a68f-4dc1af8e0de0 200 in 5ms (compile: 1451µs, render: 3ms)
 POST /api/tasks 201 in 5ms (compile: 1589µs, render: 4ms)
 POST /api/tasks 201 in 4ms (compile: 986µs, render: 3ms)
 GET /api/tasks 200 in 6ms (compile: 2ms, render: 4ms)
 DELETE /api/tasks/4bfeb347-1813-4479-8b57-a3cbe18a06ba 200 in 9ms (compile: 5ms, render: 4ms)
 DELETE /api/tasks/2a5467fe-0029-407e-91e1-23706b79df43 200 in 5ms (compile: 1448µs, render: 4ms)
 POST /api/tasks 201 in 5ms (compile: 1704µs, render: 4ms)
 POST /api/tasks 201 in 4ms (compile: 1162µs, render: 3ms)
 GET /api/tasks 200 in 6ms (compile: 2ms, render: 4ms)
 DELETE /api/tasks/6800d1cc-573d-43c7-9e57-9a0f95f96196 200 in 9ms (compile: 5ms, render: 4ms)
 DELETE /api/tasks/8cf2e473-2a8c-4f3c-9c96-cf3731d80981 200 in 5ms (compile: 1541µs, render: 3ms)
 POST /api/tasks 201 in 6ms (compile: 1695µs, render: 4ms)
 POST /api/tasks 201 in 5ms (compile: 1351µs, render: 3ms)
 GET /api/tasks 200 in 6ms (compile: 2ms, render: 4ms)
 DELETE /api/tasks/465ca427-45ad-4708-bfbb-f25296cd9558 200 in 9ms (compile: 5ms, render: 4ms)
 DELETE /api/tasks/0ff5e274-f3ce-491d-8c36-d09febbbd3cc 200 in 5ms (compile: 1411µs, render: 3ms)
 POST /api/tasks 201 in 6ms (compile: 1819µs, render: 4ms)
 POST /api/tasks 201 in 3ms (compile: 933µs, render: 3ms)
 GET /api/tasks 200 in 6ms (compile: 2ms, render: 4ms)
 DELETE /api/tasks/7fc8b6d6-3ea2-4914-a3e5-41ebd6428da6 200 in 9ms (compile: 5ms, render: 4ms)
 DELETE /api/tasks/f3a4e4e2-27e2-400f-8d0f-11758b5cb7fe 200 in 6ms (compile: 2ms, render: 4ms)
 POST /api/tasks 201 in 6ms (compile: 1515µs, render: 4ms)
 POST /api/tasks 201 in 4ms (compile: 928µs, render: 3ms)
 GET /api/tasks 200 in 6ms (compile: 2ms, render: 4ms)
 DELETE /api/tasks/3924c593-f410-44f6-b368-246a287e87e9 200 in 9ms (compile: 5ms, render: 5ms)
 DELETE /api/tasks/f6351dee-8ed2-4686-9b26-d91130a6870c 200 in 5ms (compile: 1538µs, render: 4ms)
 POST /api/tasks 201 in 5ms (compile: 1300µs, render: 4ms)
 POST /api/tasks 201 in 4ms (compile: 900µs, render: 3ms)
 GET /api/tasks 200 in 6ms (compile: 2ms, render: 4ms)
 DELETE /api/tasks/4d7ef704-1223-42fa-a177-ffa4667b3120 200 in 11ms (compile: 6ms, render: 5ms)
 DELETE /api/tasks/d23a5563-6615-460b-8722-d56747213cb0 200 in 5ms (compile: 1551µs, render: 4ms)
 POST /api/tasks 201 in 6ms (compile: 1580µs, render: 4ms)
 POST /api/tasks 201 in 4ms (compile: 1218µs, render: 3ms)
 GET /api/tasks 200 in 6ms (compile: 2ms, render: 4ms)
 DELETE /api/tasks/d8e9ca6c-bbf6-4c78-83a0-2ae2da60494a 200 in 9ms (compile: 5ms, render: 4ms)
 DELETE /api/tasks/2114d5bf-8e0b-4c69-8ca8-0be1b4e18aea 200 in 6ms (compile: 1765µs, render: 4ms)
 POST /api/tasks 201 in 5ms (compile: 1524µs, render: 3ms)
 POST /api/tasks 201 in 3ms (compile: 882µs, render: 2ms)
 GET /api/tasks 200 in 5ms (compile: 2ms, render: 3ms)
 DELETE /api/tasks/037a7dc3-4d92-4282-9c19-4ccd7e030a0e 200 in 9ms (compile: 5ms, render: 4ms)
 DELETE /api/tasks/06e0e088-08ed-480d-803e-acd2831cde4a 200 in 5ms (compile: 1476µs, render: 3ms)
 POST /api/tasks 201 in 5ms (compile: 1671µs, render: 4ms)
 POST /api/tasks 201 in 3ms (compile: 1116µs, render: 2ms)
 GET /api/tasks 200 in 6ms (compile: 2ms, render: 4ms)
 DELETE /api/tasks/4e4e123f-3e98-45f3-b633-5e22df9b0921 200 in 10ms (compile: 5ms, render: 5ms)
 DELETE /api/tasks/05aeebe3-f597-46f1-abe1-59a0994f78a6 200 in 5ms (compile: 1408µs, render: 4ms)
 POST /api/tasks 201 in 5ms (compile: 1450µs, render: 4ms)
 POST /api/tasks 201 in 3ms (compile: 972µs, render: 2ms)
 GET /api/tasks 200 in 6ms (compile: 2ms, render: 4ms)
 DELETE /api/tasks/b2d93dd6-3bc6-4bb0-b6fe-ad2ad1fa1dc2 200 in 9ms (compile: 5ms, render: 5ms)
 DELETE /api/tasks/fad0c23a-50e8-4427-b02e-a8a753ae6d56 200 in 6ms (compile: 1865µs, render: 4ms)
 POST /api/tasks 201 in 5ms (compile: 1501µs, render: 3ms)
 POST /api/tasks 201 in 3ms (compile: 633µs, render: 2ms)
 GET /api/tasks 200 in 6ms (compile: 2ms, render: 4ms)
 DELETE /api/tasks/1ab100cb-cc28-4f16-84d3-5391b9f285f5 200 in 9ms (compile: 5ms, render: 4ms)
 DELETE /api/tasks/4fd08f40-6f0e-436d-ba16-486ce2fa28d4 200 in 5ms (compile: 1575µs, render: 4ms)
 POST /api/tasks 201 in 5ms (compile: 1516µs, render: 4ms)
 POST /api/tasks 201 in 3ms (compile: 1004µs, render: 2ms)
 GET /api/tasks 200 in 6ms (compile: 2ms, render: 4ms)
 DELETE /api/tasks/7d9f0764-6bbe-4bca-bec0-8c14c2bb8abc 200 in 9ms (compile: 5ms, render: 4ms)
 DELETE /api/tasks/d786ff57-d451-4d1b-812f-587c101907cf 200 in 5ms (compile: 1735µs, render: 4ms)
 POST /api/tasks 201 in 4ms (compile: 1284µs, render: 3ms)
 POST /api/tasks 201 in 3ms (compile: 914µs, render: 1898µs)
 GET /api/tasks 200 in 6ms (compile: 2ms, render: 4ms)
 DELETE /api/tasks/9041449e-8f5f-4cda-83b7-d9af13c1bf20 200 in 10ms (compile: 5ms, render: 5ms)
 DELETE /api/tasks/5729c8b4-351f-408b-a473-2be0be283916 200 in 5ms (compile: 1656µs, render: 4ms)
 POST /api/tasks 201 in 6ms (compile: 1366µs, render: 4ms)
 POST /api/tasks 201 in 4ms (compile: 1190µs, render: 3ms)
 GET /api/tasks 200 in 4ms (compile: 1371µs, render: 2ms)
 DELETE /api/tasks/1d7a18b3-0d90-4e1e-bb5e-5977cd083073 200 in 8ms (compile: 4ms, render: 4ms)
 DELETE /api/tasks/37956d1f-7ba9-4781-9b5c-b2e80f48d106 200 in 4ms (compile: 1125µs, render: 3ms)
 POST /api/tasks 201 in 4ms (compile: 888µs, render: 3ms)
 POST /api/tasks 201 in 4ms (compile: 963µs, render: 3ms)
 GET /api/tasks 200 in 14ms (compile: 7ms, render: 7ms)
 DELETE /api/tasks/ad9e4022-79da-4587-97b2-b88de95f5a25 200 in 10ms (compile: 5ms, render: 5ms)
 DELETE /api/tasks/1df1085c-6b65-474d-8fdd-5c30f22ec4ca 200 in 3ms (compile: 877µs, render: 2ms)
 POST /api/tasks 201 in 3ms (compile: 510µs, render: 2ms)
 POST /api/tasks 201 in 2ms (compile: 536µs, render: 1677µs)
 GET /api/tasks 200 in 6ms (compile: 2ms, render: 4ms)
 DELETE /api/tasks/2cc5eaf0-00e8-42c5-b4ba-f50e1d5fb044 200 in 9ms (compile: 5ms, render: 4ms)
 DELETE /api/tasks/afa690c0-e19f-4abf-bccc-b2189d365d90 200 in 6ms (compile: 1655µs, render: 4ms)
 POST /api/tasks 201 in 3ms (compile: 1242µs, render: 2ms)
 POST /api/tasks 201 in 3ms (compile: 699µs, render: 1889µs)
 GET /api/tasks 200 in 6ms (compile: 2ms, render: 4ms)
 DELETE /api/tasks/1587a820-b004-4f71-ba1c-e77651f672ab 200 in 10ms (compile: 5ms, render: 5ms)
 DELETE /api/tasks/67e038c5-dd25-49d5-aa48-f8fdc2951d7b 200 in 5ms (compile: 1553µs, render: 4ms)
 POST /api/tasks 201 in 4ms (compile: 1518µs, render: 3ms)
 POST /api/tasks 201 in 3ms (compile: 1009µs, render: 2ms)
 GET /api/tasks 200 in 6ms (compile: 2ms, render: 4ms)
 DELETE /api/tasks/eabcd561-c5c1-460f-bf3f-eec1a3d59c39 200 in 10ms (compile: 5ms, render: 5ms)
 DELETE /api/tasks/86ed1535-a9bc-49d8-947e-3b4fc1396ffd 200 in 6ms (compile: 2ms, render: 4ms)
 POST /api/tasks 201 in 4ms (compile: 1378µs, render: 2ms)
 POST /api/tasks 201 in 3ms (compile: 684µs, render: 2ms)
 GET /api/tasks 200 in 6ms (compile: 2ms, render: 4ms)
 DELETE /api/tasks/56678600-1c9b-4448-ba20-7f299b1f8ff3 200 in 9ms (compile: 5ms, render: 4ms)
 DELETE /api/tasks/2667d90a-1104-4a5c-a89a-224301c65556 200 in 5ms (compile: 1569µs, render: 4ms)
 POST /api/tasks 201 in 6ms (compile: 1582µs, render: 4ms)
 POST /api/tasks 201 in 4ms (compile: 1053µs, render: 3ms)
 GET /api/tasks 200 in 6ms (compile: 2ms, render: 4ms)
 DELETE /api/tasks/5d5d8dfa-f63f-4323-a9ee-6b5d8faafccb 200 in 9ms (compile: 5ms, render: 4ms)
 DELETE /api/tasks/17532fe4-df82-4a15-970b-ec7175cb5df8 200 in 5ms (compile: 1533µs, render: 4ms)
 POST /api/tasks 201 in 5ms (compile: 1320µs, render: 4ms)
 POST /api/tasks 201 in 3ms (compile: 1125µs, render: 2ms)
 GET /api/tasks 200 in 6ms (compile: 2ms, render: 4ms)
 DELETE /api/tasks/36caf56e-5a79-48e0-a3cb-015941ef36bd 200 in 10ms (compile: 6ms, render: 4ms)
 DELETE /api/tasks/6d50a2f6-601d-4525-84aa-93b759c45a1e 200 in 6ms (compile: 1649µs, render: 4ms)
 POST /api/tasks 201 in 5ms (compile: 1968µs, render: 3ms)
 POST /api/tasks 201 in 4ms (compile: 756µs, render: 3ms)
 GET /api/tasks 200 in 6ms (compile: 2ms, render: 4ms)
 DELETE /api/tasks/b7972225-6f2a-4957-8e24-c4baa169dc3a 200 in 9ms (compile: 5ms, render: 4ms)
 DELETE /api/tasks/26472b34-a595-4a93-8a86-a175569987f5 200 in 5ms (compile: 1467µs, render: 3ms)
 POST /api/tasks 201 in 5ms (compile: 1253µs, render: 4ms)
 POST /api/tasks 201 in 4ms (compile: 1176µs, render: 3ms)
 GET /api/tasks 200 in 6ms (compile: 2ms, render: 4ms)
 DELETE /api/tasks/05a8ba9a-7186-429e-85d2-37ec59eee680 200 in 9ms (compile: 5ms, render: 5ms)
 DELETE /api/tasks/141ff420-0174-4b6f-adbd-5df1da3c4798 200 in 5ms (compile: 1473µs, render: 3ms)
 POST /api/tasks 201 in 6ms (compile: 1410µs, render: 4ms)
 POST /api/tasks 201 in 4ms (compile: 1060µs, render: 3ms)
 GET /api/tasks 200 in 6ms (compile: 2ms, render: 4ms)
 DELETE /api/tasks/d48d3b3e-1af3-4215-967c-46a3dfee8ace 200 in 9ms (compile: 5ms, render: 5ms)
 DELETE /api/tasks/e69ee29f-5567-4ee5-a7a4-3b70023900d9 200 in 5ms (compile: 1546µs, render: 3ms)
 POST /api/tasks 201 in 5ms (compile: 1272µs, render: 4ms)
 POST /api/tasks 201 in 4ms (compile: 1081µs, render: 3ms)
 GET /api/tasks 200 in 6ms (compile: 1475µs, render: 5ms)
 DELETE /api/tasks/904b495d-f92f-4b30-94b8-09bfdf58a7e5 200 in 9ms (compile: 4ms, render: 5ms)
 DELETE /api/tasks/662897cb-6990-44e0-a451-fb06ea986f96 200 in 6ms (compile: 1420µs, render: 5ms)
 POST /api/tasks 201 in 5ms (compile: 1391µs, render: 4ms)
 POST /api/tasks 201 in 4ms (compile: 1353µs, render: 3ms)
 GET /api/tasks 200 in 5ms (compile: 1994µs, render: 3ms)
 DELETE /api/tasks/44487f36-3bb5-4857-a03a-323b8be0ec6a 200 in 9ms (compile: 5ms, render: 4ms)
 DELETE /api/tasks/220e5870-652f-4571-a9e4-fd70da8cbf5f 200 in 5ms (compile: 1522µs, render: 3ms)
 POST /api/tasks 201 in 5ms (compile: 1345µs, render: 4ms)
 POST /api/tasks 201 in 5ms (compile: 1355µs, render: 3ms)
 GET /api/tasks 200 in 6ms (compile: 2ms, render: 4ms)
 DELETE /api/tasks/63c94a00-232d-4fb1-bb4e-81bd80a949cd 200 in 9ms (compile: 5ms, render: 4ms)
 DELETE /api/tasks/2e79dc50-8be5-427b-b665-da9e7122fb5e 200 in 5ms (compile: 1495µs, render: 3ms)
 POST /api/tasks 201 in 6ms (compile: 1475µs, render: 4ms)
 POST /api/tasks 201 in 4ms (compile: 1221µs, render: 3ms)
 GET /api/tasks 200 in 6ms (compile: 2ms, render: 4ms)
 DELETE /api/tasks/ee9ffc3a-2c98-4458-884f-f05edb93bb42 200 in 11ms (compile: 6ms, render: 6ms)
 DELETE /api/tasks/a0806fc0-5e81-457d-9d71-948fa312e9dc 200 in 4ms (compile: 1091µs, render: 3ms)
 POST /api/tasks 201 in 3ms (compile: 749µs, render: 2ms)
 POST /api/tasks 201 in 2ms (compile: 630µs, render: 1738µs)
 GET /api/tasks 200 in 6ms (compile: 2ms, render: 4ms)
 DELETE /api/tasks/c6e46663-05d0-4f35-b127-4ec24cdd3f6f 200 in 10ms (compile: 5ms, render: 4ms)
 DELETE /api/tasks/d76bfb6b-4e3a-4487-806e-b654eb77302c 200 in 5ms (compile: 1432µs, render: 3ms)
 POST /api/tasks 201 in 5ms (compile: 1232µs, render: 4ms)
 POST /api/tasks 201 in 4ms (compile: 1348µs, render: 3ms)
 GET /api/tasks 200 in 6ms (compile: 2ms, render: 4ms)
 DELETE /api/tasks/b4e04b0b-186f-412c-9d23-0e359ec013f7 200 in 10ms (compile: 5ms, render: 4ms)
 DELETE /api/tasks/5868f16c-5454-4bb9-a51e-db108005b988 200 in 5ms (compile: 1638µs, render: 4ms)
 POST /api/tasks 201 in 6ms (compile: 1952µs, render: 4ms)
 POST /api/tasks 201 in 4ms (compile: 1244µs, render: 3ms)
 GET /api/tasks 200 in 6ms (compile: 2ms, render: 4ms)
 DELETE /api/tasks/09b8dac7-2884-4ac5-abd8-cd560cc7be9b 200 in 9ms (compile: 5ms, render: 4ms)
 DELETE /api/tasks/8a8bd338-5b7a-4e83-bae3-0bf0b195b787 200 in 6ms (compile: 1722µs, render: 4ms)
 POST /api/tasks 201 in 6ms (compile: 1500µs, render: 4ms)
 POST /api/tasks 201 in 3ms (compile: 1001µs, render: 1967µs)
 GET /api/tasks 200 in 6ms (compile: 2ms, render: 4ms)
 DELETE /api/tasks/a629509b-f5cd-47f8-93ad-0e031f105ecc 200 in 9ms (compile: 5ms, render: 5ms)
 DELETE /api/tasks/8f9ce1a2-170d-42fe-9d0c-3bcf44d4daab 200 in 5ms (compile: 1592µs, render: 4ms)
 POST /api/tasks 201 in 5ms (compile: 1590µs, render: 4ms)
 POST /api/tasks 201 in 3ms (compile: 994µs, render: 2ms)
 GET /api/tasks 200 in 6ms (compile: 2ms, render: 3ms)
 DELETE /api/tasks/5fb30a24-bd30-4136-8c18-f1f2bbf80d73 200 in 10ms (compile: 5ms, render: 4ms)
 DELETE /api/tasks/2f6c61e2-c750-42cd-a44f-8f9977db8420 200 in 5ms (compile: 1459µs, render: 4ms)
 POST /api/tasks 201 in 5ms (compile: 1570µs, render: 4ms)
 POST /api/tasks 201 in 3ms (compile: 964µs, render: 1988µs)
 GET /api/tasks 200 in 6ms (compile: 2ms, render: 4ms)
 DELETE /api/tasks/1cbc7010-110e-4555-9fef-ecaba47cafd2 200 in 10ms (compile: 5ms, render: 5ms)
 DELETE /api/tasks/6cbf8bf6-1935-46b2-a0e0-cf585ad525d4 200 in 6ms (compile: 1722µs, render: 4ms)
 POST /api/tasks 201 in 5ms (compile: 2ms, render: 3ms)
 POST /api/tasks 201 in 9ms (compile: 7ms, render: 2ms)
 GET /api/tasks 200 in 6ms (compile: 2ms, render: 4ms)
 DELETE /api/tasks/b65e4ef2-68e6-4b4f-9435-d7242370ae77 200 in 10ms (compile: 5ms, render: 5ms)
 DELETE /api/tasks/6f23d6b8-02e0-4dd7-a2b3-4e067cd9c938 200 in 5ms (compile: 1581µs, render: 4ms)
 POST /api/tasks 201 in 4ms (compile: 1357µs, render: 3ms)
 POST /api/tasks 201 in 3ms (compile: 777µs, render: 2ms)
 GET /api/tasks 200 in 6ms (compile: 2ms, render: 4ms)
 DELETE /api/tasks/4f1690ed-1ff2-4211-a086-849162659306 200 in 10ms (compile: 5ms, render: 5ms)
 DELETE /api/tasks/8c0a485b-36db-44b2-9b92-2dbfa3947d60 200 in 5ms (compile: 1436µs, render: 3ms)
 POST /api/tasks 201 in 5ms (compile: 1340µs, render: 3ms)
 POST /api/tasks 201 in 3ms (compile: 844µs, render: 1813µs)
 GET /api/tasks 200 in 6ms (compile: 2ms, render: 4ms)
 DELETE /api/tasks/3ceca4d4-3d71-40cb-b0ee-c7ef77e83227 200 in 9ms (compile: 4ms, render: 5ms)
 DELETE /api/tasks/083968ea-92a4-4b81-9cf9-a43676cd6999 200 in 5ms (compile: 1583µs, render: 4ms)
 POST /api/tasks 201 in 5ms (compile: 1250µs, render: 4ms)
 POST /api/tasks 201 in 4ms (compile: 1039µs, render: 3ms)
 GET /api/tasks 200 in 6ms (compile: 2ms, render: 4ms)
 DELETE /api/tasks/bd782949-20df-42cf-b7c9-50ce2d7542fb 200 in 9ms (compile: 4ms, render: 5ms)
 DELETE /api/tasks/6e6a6fe4-4ad8-4489-9d9c-495721877dc9 200 in 5ms (compile: 1537µs, render: 3ms)
 POST /api/tasks 201 in 5ms (compile: 1482µs, render: 4ms)
 POST /api/tasks 201 in 3ms (compile: 881µs, render: 2ms)
 GET /api/tasks 200 in 6ms (compile: 2ms, render: 4ms)
 DELETE /api/tasks/13de4d2e-6f23-48cf-8fac-ac572bb1e64a 200 in 10ms (compile: 6ms, render: 5ms)
 DELETE /api/tasks/3c83f0c5-1879-4e91-830f-cc9355af3411 200 in 6ms (compile: 1897µs, render: 4ms)
 POST /api/tasks 201 in 5ms (compile: 1244µs, render: 4ms)
 POST /api/tasks 201 in 3ms (compile: 965µs, render: 1966µs)
 GET /api/tasks 200 in 6ms (compile: 2ms, render: 4ms)
 DELETE /api/tasks/156d3fcb-84e7-4f6e-8d0e-60c3a66db6dd 200 in 9ms (compile: 5ms, render: 4ms)
 DELETE /api/tasks/6e310f83-c84e-4909-891d-8c9abe02cfc4 200 in 6ms (compile: 1849µs, render: 4ms)
 POST /api/tasks 201 in 5ms (compile: 1555µs, render: 3ms)
 POST /api/tasks 201 in 3ms (compile: 703µs, render: 2ms)
 GET /api/tasks 200 in 7ms (compile: 2ms, render: 4ms)
 DELETE /api/tasks/ce5d7780-abb2-4756-8456-9d9a948d8313 200 in 11ms (compile: 6ms, render: 5ms)
 DELETE /api/tasks/04f1468a-0c84-49cb-9927-a5b52dabcea6 200 in 5ms (compile: 1649µs, render: 3ms)
 POST /api/tasks 201 in 3ms (compile: 802µs, render: 3ms)
 POST /api/tasks 201 in 3ms (compile: 730µs, render: 1902µs)
 GET /api/tasks 200 in 6ms (compile: 2ms, render: 4ms)
 DELETE /api/tasks/8b49151c-780c-4015-8163-569d566c55f0 200 in 9ms (compile: 5ms, render: 5ms)
 DELETE /api/tasks/6377d868-b5ab-4187-816e-170962f659fd 200 in 5ms (compile: 1538µs, render: 4ms)
 POST /api/tasks 201 in 5ms (compile: 1828µs, render: 3ms)
 POST /api/tasks 201 in 3ms (compile: 803µs, render: 1795µs)
 GET /api/tasks 200 in 6ms (compile: 2ms, render: 4ms)
 DELETE /api/tasks/b55e8c0a-d506-41dd-8088-f88e0d2b5c2d 200 in 8ms (compile: 4ms, render: 4ms)
 DELETE /api/tasks/6a51ade0-e6ad-43f2-80f2-fdf1780138e7 200 in 5ms (compile: 1559µs, render: 3ms)
 POST /api/tasks 201 in 5ms (compile: 1450µs, render: 3ms)
 POST /api/tasks 201 in 3ms (compile: 822µs, render: 1921µs)
 GET /api/tasks 200 in 6ms (compile: 2ms, render: 4ms)
 DELETE /api/tasks/35f70223-4a69-4387-a4b6-b69bc2c4ff59 200 in 9ms (compile: 5ms, render: 5ms)
 DELETE /api/tasks/9c33d16c-4f0f-4c7c-9958-06ec0f4bb1e4 200 in 5ms (compile: 1520µs, render: 3ms)
 POST /api/tasks 201 in 5ms (compile: 1355µs, render: 3ms)
 POST /api/tasks 201 in 3ms (compile: 684µs, render: 2ms)
 GET /api/tasks 200 in 6ms (compile: 2ms, render: 4ms)
 DELETE /api/tasks/02850ada-05aa-43c5-b2df-ff9de34a998d 200 in 9ms (compile: 5ms, render: 4ms)
 DELETE /api/tasks/ae3da937-e521-4b5b-8df6-db9848666262 200 in 5ms (compile: 1556µs, render: 4ms)
 POST /api/tasks 201 in 5ms (compile: 1530µs, render: 3ms)
 POST /api/tasks 201 in 3ms (compile: 648µs, render: 1934µs)
 GET /api/tasks 200 in 6ms (compile: 2ms, render: 4ms)
 DELETE /api/tasks/20966393-0236-4d96-a57d-de5cb2bd9e9b 200 in 9ms (compile: 5ms, render: 5ms)
 DELETE /api/tasks/e1b9a6db-e704-4ee2-8a24-54af532fc792 200 in 5ms (compile: 1543µs, render: 4ms)
 POST /api/tasks 201 in 6ms (compile: 1415µs, render: 4ms)
 POST /api/tasks 201 in 4ms (compile: 1223µs, render: 3ms)
 GET /api/tasks 200 in 7ms (compile: 2ms, render: 4ms)
 DELETE /api/tasks/2baefc80-26d6-4d72-b961-4140498a0175 200 in 9ms (compile: 5ms, render: 4ms)
 DELETE /api/tasks/46018cfc-ca99-430c-9f1c-32b35f52ea65 200 in 5ms (compile: 1298µs, render: 3ms)
 POST /api/tasks 201 in 5ms (compile: 1321µs, render: 4ms)
 POST /api/tasks 201 in 4ms (compile: 1076µs, render: 3ms)
 GET /api/tasks 200 in 6ms (compile: 2ms, render: 4ms)
 DELETE /api/tasks/03e0e212-a75b-4f6e-943c-74f4ded116fb 200 in 10ms (compile: 5ms, render: 4ms)
 DELETE /api/tasks/32b4fc4b-b787-4eda-b5b1-2ad4c8085074 200 in 5ms (compile: 1441µs, render: 4ms)
 POST /api/tasks 201 in 5ms (compile: 1457µs, render: 4ms)
 POST /api/tasks 201 in 3ms (compile: 801µs, render: 2ms)
 GET /api/tasks 200 in 6ms (compile: 2ms, render: 4ms)
 DELETE /api/tasks/e7b82a05-43ec-42ca-80ee-516b26f8e620 200 in 9ms (compile: 5ms, render: 5ms)
 DELETE /api/tasks/8390cad0-07bd-4a32-90bd-b3cef081fa2c 200 in 5ms (compile: 1550µs, render: 3ms)
 POST /api/tasks 201 in 6ms (compile: 1587µs, render: 4ms)
 POST /api/tasks 201 in 4ms (compile: 1076µs, render: 3ms)
 GET /api/tasks 200 in 6ms (compile: 2ms, render: 4ms)
 DELETE /api/tasks/20faea71-c821-4582-a042-273ce7fb2d75 200 in 9ms (compile: 5ms, render: 4ms)
 DELETE /api/tasks/a6cde614-881b-4a7d-89ff-477327c1a0e0 200 in 5ms (compile: 1500µs, render: 3ms)
 POST /api/tasks 201 in 5ms (compile: 1278µs, render: 4ms)
 POST /api/tasks 201 in 4ms (compile: 1071µs, render: 3ms)
 GET /api/tasks 200 in 8ms (compile: 3ms, render: 5ms)
 DELETE /api/tasks/3e67ffda-d692-40bb-90d3-de4de4b1de61 200 in 9ms (compile: 4ms, render: 5ms)
 DELETE /api/tasks/b6a65c2c-d3ed-4f43-9f3e-ff623cc49bb6 200 in 6ms (compile: 1979µs, render: 4ms)
 POST /api/tasks 201 in 6ms (compile: 1701µs, render: 4ms)
 POST /api/tasks 201 in 4ms (compile: 1272µs, render: 3ms)
 GET /api/tasks 200 in 7ms (compile: 3ms, render: 5ms)
 DELETE /api/tasks/60e13085-1f3a-4fae-9862-d88f27441995 200 in 10ms (compile: 5ms, render: 5ms)
 DELETE /api/tasks/da196ba8-ef52-4f8c-9d92-bd726f832cdc 200 in 7ms (compile: 1887µs, render: 5ms)
 POST /api/tasks 201 in 6ms (compile: 1718µs, render: 4ms)
 POST /api/tasks 201 in 4ms (compile: 992µs, render: 3ms)
 GET /api/tasks 200 in 7ms (compile: 2ms, render: 4ms)
 DELETE /api/tasks/d533f272-dc7d-4b2b-b9a0-2b7c8950f45c 200 in 9ms (compile: 5ms, render: 4ms)
 DELETE /api/tasks/731e7e66-79a8-4c1a-8c7d-e66454974dfa 200 in 5ms (compile: 1356µs, render: 3ms)
 POST /api/tasks 201 in 6ms (compile: 1278µs, render: 5ms)
 POST /api/tasks 201 in 4ms (compile: 1149µs, render: 3ms)
 GET /api/tasks 200 in 6ms (compile: 2ms, render: 4ms)
 DELETE /api/tasks/613daa1b-8d38-4176-bfbd-76ba86e30276 200 in 10ms (compile: 5ms, render: 5ms)
 DELETE /api/tasks/15d4ed27-e00e-46c3-b2cb-053d4ca82b1d 200 in 5ms (compile: 1403µs, render: 3ms)
 POST /api/tasks 201 in 6ms (compile: 1651µs, render: 4ms)
 POST /api/tasks 201 in 4ms (compile: 1212µs, render: 3ms)
 GET /api/tasks 200 in 6ms (compile: 2ms, render: 3ms)
 DELETE /api/tasks/26704bd2-0a07-4a99-92ba-cecd9c4b13a3 200 in 9ms (compile: 4ms, render: 5ms)
 DELETE /api/tasks/c3a4930a-ef97-47a6-a687-6b9b71542311 200 in 5ms (compile: 1649µs, render: 4ms)
 POST /api/tasks 201 in 5ms (compile: 1670µs, render: 3ms)
 POST /api/tasks 201 in 3ms (compile: 814µs, render: 1943µs)
 GET /api/tasks 200 in 5ms (compile: 2ms, render: 3ms)
 DELETE /api/tasks/2dfc05b8-bfcf-4cf5-8536-61464ae5cb3f 200 in 10ms (compile: 5ms, render: 5ms)
 DELETE /api/tasks/c3f0d78b-60e3-402e-b3cd-c06afbd3c364 200 in 5ms (compile: 1553µs, render: 4ms)
 POST /api/tasks 201 in 5ms (compile: 1725µs, render: 3ms)
 POST /api/tasks 201 in 3ms (compile: 791µs, render: 2ms)
 GET /api/tasks 200 in 5ms (compile: 1850µs, render: 4ms)
 DELETE /api/tasks/4deb71ec-e3e6-4160-ab3e-5178f0364d2b 200 in 9ms (compile: 5ms, render: 4ms)
 DELETE /api/tasks/d1207ebb-212c-4b08-9131-1c04e3110398 200 in 5ms (compile: 1501µs, render: 3ms)
 POST /api/tasks 201 in 5ms (compile: 1454µs, render: 4ms)
 POST /api/tasks 201 in 3ms (compile: 907µs, render: 1931µs)
 GET /api/tasks 200 in 6ms (compile: 2ms, render: 4ms)
 DELETE /api/tasks/8acbe4db-da70-492a-a05a-d133213b20db 200 in 9ms (compile: 5ms, render: 4ms)
 DELETE /api/tasks/437f1f0e-6a2f-4f2f-af39-f963e6ab61c6 200 in 5ms (compile: 1537µs, render: 3ms)
 POST /api/tasks 201 in 4ms (compile: 1000µs, render: 3ms)
 POST /api/tasks 201 in 2ms (compile: 482µs, render: 1600µs)
 GET /api/tasks 200 in 6ms (compile: 2ms, render: 4ms)
 DELETE /api/tasks/898475c5-6110-4349-a9c0-cb145b15803f 200 in 10ms (compile: 5ms, render: 5ms)
 DELETE /api/tasks/3add63eb-abb1-4336-932a-2ad7bcaaad79 200 in 5ms (compile: 1458µs, render: 3ms)
 POST /api/tasks 201 in 5ms (compile: 1530µs, render: 3ms)
 POST /api/tasks 201 in 3ms (compile: 886µs, render: 2ms)
 GET /api/tasks 200 in 6ms (compile: 2ms, render: 4ms)
 DELETE /api/tasks/2535f531-3953-4171-9b9e-f8d43aabb003 200 in 9ms (compile: 5ms, render: 4ms)
 DELETE /api/tasks/2e789e90-6845-4f32-8e7d-e7e00af1a292 200 in 6ms (compile: 1677µs, render: 4ms)
 POST /api/tasks 201 in 5ms (compile: 1702µs, render: 3ms)
 POST /api/tasks 201 in 3ms (compile: 813µs, render: 1693µs)
 GET /api/tasks 200 in 6ms (compile: 2ms, render: 4ms)
 DELETE /api/tasks/052ba260-2922-4933-9caf-4081500a5272 200 in 10ms (compile: 5ms, render: 5ms)
 DELETE /api/tasks/4a9696b8-d125-46ff-b16e-d59a7e101f70 200 in 5ms (compile: 1540µs, render: 3ms)
 POST /api/tasks 201 in 6ms (compile: 1370µs, render: 4ms)
 POST /api/tasks 201 in 4ms (compile: 1168µs, render: 3ms)
 GET /api/tasks 200 in 6ms (compile: 2ms, render: 3ms)
 DELETE /api/tasks/4dc09cd3-eed5-4138-9a7a-37cfa184d976 200 in 9ms (compile: 5ms, render: 4ms)
 DELETE /api/tasks/77ed59b2-476f-4520-b1c4-8d4a68788c3e 200 in 5ms (compile: 1478µs, render: 3ms)
 POST /api/tasks 201 in 5ms (compile: 1313µs, render: 4ms)
 POST /api/tasks 201 in 4ms (compile: 1124µs, render: 3ms)
 GET /api/tasks 200 in 6ms (compile: 2ms, render: 4ms)
 DELETE /api/tasks/e599cd61-5293-403a-a71f-6f4f7631234b 200 in 10ms (compile: 5ms, render: 5ms)
 DELETE /api/tasks/45d15915-8e64-4c37-8516-77afafe73795 200 in 5ms (compile: 1481µs, render: 3ms)
 POST /api/tasks 201 in 5ms (compile: 1246µs, render: 4ms)
 POST /api/tasks 201 in 4ms (compile: 1157µs, render: 3ms)
 GET /api/tasks 200 in 5ms (compile: 2ms, render: 3ms)
 DELETE /api/tasks/818fdeb9-ee9e-44d8-8df1-1f46af4013ae 200 in 10ms (compile: 5ms, render: 5ms)
 DELETE /api/tasks/d267c302-7aa9-4f9f-b8cf-6042fe5a7b17 200 in 5ms (compile: 1652µs, render: 4ms)
 POST /api/tasks 201 in 6ms (compile: 1576µs, render: 4ms)
 POST /api/tasks 201 in 3ms (compile: 876µs, render: 1850µs)
 GET /api/tasks 200 in 6ms (compile: 1700µs, render: 4ms)
 DELETE /api/tasks/aaf3ec52-5cc7-4885-9a31-4916d7cad291 200 in 10ms (compile: 5ms, render: 5ms)
 DELETE /api/tasks/500936d2-fb27-4183-9a22-1ce157821162 200 in 6ms (compile: 1686µs, render: 4ms)
 POST /api/tasks 201 in 4ms (compile: 1580µs, render: 3ms)
 POST /api/tasks 201 in 3ms (compile: 819µs, render: 2ms)
 GET /api/tasks 200 in 6ms (compile: 2ms, render: 4ms)
 DELETE /api/tasks/5244f87b-2d81-40dd-ada1-81b8246f80da 200 in 9ms (compile: 5ms, render: 5ms)
 DELETE /api/tasks/09cc4c71-3305-4e3c-bed4-1bb1b490924a 200 in 5ms (compile: 1455µs, render: 3ms)
 POST /api/tasks 201 in 5ms (compile: 1614µs, render: 3ms)
 POST /api/tasks 201 in 3ms (compile: 948µs, render: 2ms)
 GET /api/tasks 200 in 6ms (compile: 2ms, render: 4ms)
 DELETE /api/tasks/1f147827-5210-4bbb-a902-4913dc8d4dc1 200 in 10ms (compile: 5ms, render: 5ms)
 DELETE /api/tasks/b9137f5d-a553-4d66-a50d-96cb3ec87a08 200 in 5ms (compile: 1437µs, render: 4ms)
 POST /api/tasks 201 in 6ms (compile: 1504µs, render: 4ms)
 POST /api/tasks 201 in 3ms (compile: 904µs, render: 2ms)
 GET /api/tasks 200 in 7ms (compile: 2ms, render: 5ms)
 DELETE /api/tasks/d6378a4e-b130-471e-8a3d-800e5033cc02 200 in 9ms (compile: 4ms, render: 5ms)
 DELETE /api/tasks/1819a1f5-e064-414d-af73-24664c6d45c2 200 in 6ms (compile: 1606µs, render: 4ms)
 POST /api/tasks 201 in 4ms (compile: 1224µs, render: 3ms)
 POST /api/tasks 201 in 3ms (compile: 788µs, render: 1783µs)
 GET /api/tasks 200 in 8ms (compile: 3ms, render: 5ms)
 DELETE /api/tasks/b77fc2ee-6a29-471c-a19f-4c8cfdee9e03 200 in 9ms (compile: 4ms, render: 4ms)
 DELETE /api/tasks/69dac689-6591-46b0-9151-17c99736618a 200 in 5ms (compile: 1693µs, render: 4ms)
 POST /api/tasks 201 in 4ms (compile: 1207µs, render: 3ms)
 POST /api/tasks 201 in 3ms (compile: 846µs, render: 2ms)
 GET /api/tasks 200 in 5ms (compile: 2ms, render: 3ms)
 DELETE /api/tasks/f411d1a2-9be1-4135-8cca-e5125d7e8c9e 200 in 9ms (compile: 5ms, render: 4ms)
 DELETE /api/tasks/316f57c5-6769-498c-8fd1-9d81567fac9d 200 in 5ms (compile: 1577µs, render: 4ms)
 POST /api/tasks 201 in 5ms (compile: 1733µs, render: 3ms)
 POST /api/tasks 201 in 3ms (compile: 826µs, render: 2ms)
 GET /api/tasks 200 in 6ms (compile: 2ms, render: 4ms)
 DELETE /api/tasks/b701e83f-39df-4764-83ec-b9b86ab7c9af 200 in 9ms (compile: 5ms, render: 4ms)
 DELETE /api/tasks/4e19e62e-dbba-45c4-801a-12eb529b66ee 200 in 5ms (compile: 1342µs, render: 3ms)
 POST /api/tasks 201 in 6ms (compile: 1242µs, render: 4ms)
 POST /api/tasks 201 in 4ms (compile: 1156µs, render: 3ms)
 GET /api/tasks 200 in 5ms (compile: 1895µs, render: 3ms)
 DELETE /api/tasks/9859ca1c-44a4-4be7-a84a-8f98ba162c7e 200 in 9ms (compile: 5ms, render: 4ms)
 DELETE /api/tasks/0d997806-0d41-4282-b5fd-0d77ee1a5fdb 200 in 4ms (compile: 1126µs, render: 3ms)
 POST /api/tasks 201 in 5ms (compile: 1159µs, render: 4ms)
 POST /api/tasks 201 in 4ms (compile: 1122µs, render: 3ms)
 GET /api/tasks 200 in 6ms (compile: 2ms, render: 4ms)
 DELETE /api/tasks/abbe7662-9656-4f60-8e81-b99098459e26 200 in 8ms (compile: 4ms, render: 4ms)
 DELETE /api/tasks/175db2f7-7670-4f7e-a8b1-92c992ec4fc3 200 in 5ms (compile: 1613µs, render: 4ms)
 POST /api/tasks 201 in 6ms (compile: 1658µs, render: 4ms)
 POST /api/tasks 201 in 4ms (compile: 1217µs, render: 3ms)
 GET /api/tasks 200 in 6ms (compile: 2ms, render: 4ms)
 DELETE /api/tasks/14e4247d-d6b7-4ead-83f6-6f8052603459 200 in 9ms (compile: 5ms, render: 4ms)
 DELETE /api/tasks/eb3219f6-4afa-400a-ac67-57a909a78d72 200 in 5ms (compile: 1468µs, render: 3ms)
 POST /api/tasks 201 in 5ms (compile: 1297µs, render: 4ms)
 POST /api/tasks 201 in 4ms (compile: 1050µs, render: 3ms)
 GET /api/tasks 200 in 6ms (compile: 2ms, render: 4ms)
 DELETE /api/tasks/bea0fdc3-4660-401d-a1b5-4eab3545cf88 200 in 9ms (compile: 4ms, render: 5ms)
 DELETE /api/tasks/10c42805-d76f-4a6b-a873-88fb08c5488f 200 in 6ms (compile: 1705µs, render: 4ms)
 POST /api/tasks 201 in 6ms (compile: 1791µs, render: 4ms)
 POST /api/tasks 201 in 4ms (compile: 1171µs, render: 3ms)
 GET /api/tasks 200 in 6ms (compile: 2ms, render: 4ms)
 DELETE /api/tasks/7c1961ed-ed52-416d-94ab-27c052dbbf1f 200 in 10ms (compile: 6ms, render: 5ms)
 DELETE /api/tasks/e837fd24-64c7-406d-8caf-bb0f8040e3e3 200 in 5ms (compile: 1515µs, render: 4ms)
 POST /api/tasks 201 in 6ms (compile: 1440µs, render: 4ms)
 POST /api/tasks 201 in 4ms (compile: 1129µs, render: 3ms)
 GET /api/tasks 200 in 6ms (compile: 2ms, render: 4ms)
 DELETE /api/tasks/4f1555f8-4733-4942-b6b9-282f9a41ac5b 200 in 9ms (compile: 4ms, render: 4ms)
 DELETE /api/tasks/5bce2cef-d9f9-42d8-a884-15a44f2dc982 200 in 5ms (compile: 1354µs, render: 3ms)
 POST /api/tasks 201 in 5ms (compile: 1188µs, render: 4ms)
 POST /api/tasks 201 in 4ms (compile: 1089µs, render: 3ms)
 GET /api/tasks 200 in 6ms (compile: 2ms, render: 4ms)
 DELETE /api/tasks/0088ffc8-d094-4a01-8906-66554bd45e43 200 in 10ms (compile: 5ms, render: 4ms)
 DELETE /api/tasks/f0827f3c-aa37-435c-aca8-e96e6410174c 200 in 5ms (compile: 1377µs, render: 3ms)
 POST /api/tasks 201 in 6ms (compile: 1488µs, render: 4ms)
 POST /api/tasks 201 in 4ms (compile: 1098µs, render: 3ms)
 GET /api/tasks 200 in 5ms (compile: 1527µs, render: 4ms)
 DELETE /api/tasks/8b988c2a-cf9a-41b2-bd23-6a267de26d8e 200 in 8ms (compile: 4ms, render: 5ms)
 DELETE /api/tasks/e3e00eb1-b934-45e7-8c97-35f466b28f4f 200 in 6ms (compile: 1715µs, render: 4ms)
 POST /api/tasks 201 in 5ms (compile: 1261µs, render: 4ms)
 POST /api/tasks 201 in 4ms (compile: 1100µs, render: 3ms)
 GET /api/tasks 200 in 6ms (compile: 1690µs, render: 4ms)
 DELETE /api/tasks/6c13ce6a-16f4-44ad-8197-dc4e58467508 200 in 9ms (compile: 5ms, render: 5ms)
 DELETE /api/tasks/7924f6a2-10bd-4c05-bb9e-da11ad051349 200 in 5ms (compile: 1704µs, render: 4ms)
 POST /api/tasks 201 in 5ms (compile: 1203µs, render: 4ms)
 POST /api/tasks 201 in 3ms (compile: 763µs, render: 3ms)
 GET /api/tasks 200 in 6ms (compile: 1786µs, render: 4ms)
 DELETE /api/tasks/595ed90b-1299-45c1-ad04-7bebc87b20d5 200 in 10ms (compile: 5ms, render: 5ms)
 DELETE /api/tasks/f7452e51-fede-445e-a458-fd810bb186d9 200 in 5ms (compile: 1672µs, render: 4ms)
 POST /api/tasks 201 in 6ms (compile: 1645µs, render: 4ms)
 POST /api/tasks 201 in 5ms (compile: 1365µs, render: 4ms)
 GET /api/tasks 200 in 6ms (compile: 2ms, render: 3ms)
 DELETE /api/tasks/8bd91cf3-1a58-46f1-a1c9-89309e4b9e27 200 in 11ms (compile: 5ms, render: 5ms)
 DELETE /api/tasks/65eba8fa-f2f8-4d0a-b243-baed0bc444cc 200 in 5ms (compile: 1437µs, render: 3ms)
 POST /api/tasks 201 in 5ms (compile: 1684µs, render: 4ms)
 POST /api/tasks 201 in 5ms (compile: 1279µs, render: 3ms)
 GET /api/tasks 200 in 6ms (compile: 2ms, render: 4ms)
 DELETE /api/tasks/b9fb9910-dee7-4fd8-b591-d16aba1e994d 200 in 10ms (compile: 5ms, render: 5ms)
 DELETE /api/tasks/d79e1f2d-d65b-40d0-a08e-c22598d681e0 200 in 5ms (compile: 1239µs, render: 4ms)
 POST /api/tasks 201 in 6ms (compile: 1608µs, render: 4ms)
 POST /api/tasks 201 in 5ms (compile: 1449µs, render: 3ms)
 GET /api/tasks 200 in 6ms (compile: 2ms, render: 3ms)
 DELETE /api/tasks/8dd48493-ab63-4541-92f6-8ece737b2024 200 in 10ms (compile: 5ms, render: 5ms)
 DELETE /api/tasks/d4df8eee-2f83-4d76-ad2c-65f96cdb32c7 200 in 6ms (compile: 1868µs, render: 4ms)
 POST /api/tasks 201 in 6ms (compile: 2ms, render: 4ms)
 POST /api/tasks 201 in 4ms (compile: 995µs, render: 3ms)
 GET /api/tasks 200 in 5ms (compile: 1893µs, render: 3ms)
 DELETE /api/tasks/fa3851a1-22e4-4894-8c40-9afedb913edc 200 in 9ms (compile: 4ms, render: 4ms)
 DELETE /api/tasks/60aa13aa-4f90-49f9-91b9-2069be64fc9f 200 in 6ms (compile: 1557µs, render: 4ms)
 POST /api/tasks 201 in 6ms (compile: 1449µs, render: 4ms)
 POST /api/tasks 201 in 5ms (compile: 1590µs, render: 3ms)
 GET /api/tasks 200 in 5ms (compile: 2ms, render: 3ms)
 DELETE /api/tasks/c2fd7d3e-acef-4802-a568-62ef9f0dffb3 200 in 10ms (compile: 5ms, render: 5ms)
 DELETE /api/tasks/d58f7761-1c1d-40c3-b3af-1a6414cc0143 200 in 5ms (compile: 1779µs, render: 3ms)
 POST /api/tasks 201 in 6ms (compile: 1921µs, render: 4ms)
 POST /api/tasks 201 in 5ms (compile: 1076µs, render: 4ms)
 GET /api/tasks 200 in 5ms (compile: 1909µs, render: 3ms)
 DELETE /api/tasks/c7fe51a7-9711-4e1b-8972-3293a52cf320 200 in 10ms (compile: 5ms, render: 5ms)
 DELETE /api/tasks/176d6299-8b62-4833-b235-5f8d6798e047 200 in 5ms (compile: 1766µs, render: 4ms)
 POST /api/tasks 201 in 6ms (compile: 1503µs, render: 4ms)
 POST /api/tasks 201 in 4ms (compile: 1054µs, render: 3ms)
 GET /api/tasks 200 in 6ms (compile: 1953µs, render: 4ms)
 DELETE /api/tasks/988fb4ad-267a-4646-ad0d-3361b520876f 200 in 10ms (compile: 5ms, render: 5ms)
 DELETE /api/tasks/bb16a442-3250-4d5f-8a24-b95e648d764f 200 in 5ms (compile: 1763µs, render: 4ms)
 POST /api/tasks 201 in 6ms (compile: 1693µs, render: 4ms)
 POST /api/tasks 201 in 4ms (compile: 1119µs, render: 3ms)
 GET /api/tasks 200 in 6ms (compile: 2ms, render: 4ms)
 DELETE /api/tasks/3187397c-c57a-4f29-b3d1-b4852ab9f517 200 in 8ms (compile: 4ms, render: 4ms)
 DELETE /api/tasks/903e4e2d-61ac-425c-90bc-3f9a8c27d05a 200 in 6ms (compile: 1452µs, render: 4ms)
 POST /api/tasks 201 in 6ms (compile: 1294µs, render: 5ms)
 POST /api/tasks 201 in 5ms (compile: 1358µs, render: 4ms)
 GET /api/tasks 200 in 5ms (compile: 1591µs, render: 4ms)
 DELETE /api/tasks/bfdc5f5f-04df-4af6-a3c1-220b47dd2819 200 in 11ms (compile: 6ms, render: 5ms)
 DELETE /api/tasks/9116d6df-4ef7-41e5-9c7d-62d8a895c563 200 in 5ms (compile: 1403µs, render: 4ms)
 POST /api/tasks 201 in 6ms (compile: 1735µs, render: 4ms)
 POST /api/tasks 201 in 4ms (compile: 977µs, render: 3ms)
 GET /api/tasks 200 in 6ms (compile: 2ms, render: 3ms)
 DELETE /api/tasks/33da1a28-77a7-43e9-9cf0-109c8f94a7f3 200 in 9ms (compile: 4ms, render: 4ms)
 DELETE /api/tasks/798bfcb8-cd1a-4307-bf15-bb65c6e888ee 200 in 5ms (compile: 1429µs, render: 4ms)
 POST /api/tasks 201 in 6ms (compile: 1668µs, render: 4ms)
 POST /api/tasks 201 in 4ms (compile: 962µs, render: 3ms)
 GET /api/tasks 200 in 6ms (compile: 2ms, render: 4ms)
 DELETE /api/tasks/c0064798-51db-4d71-8dc2-de27034336b5 200 in 9ms (compile: 5ms, render: 4ms)
 DELETE /api/tasks/6ecc45d2-67d9-446f-a2b8-deed8fc7883b 200 in 5ms (compile: 1828µs, render: 3ms)
 POST /api/tasks 201 in 6ms (compile: 1551µs, render: 4ms)
 POST /api/tasks 201 in 5ms (compile: 1209µs, render: 3ms)
 GET /api/tasks 200 in 5ms (compile: 1716µs, render: 3ms)
 DELETE /api/tasks/c825c791-21ad-4711-8190-013f57bb8dc3 200 in 9ms (compile: 5ms, render: 4ms)
 DELETE /api/tasks/bf16c0e4-643f-4d73-aa99-0f446af310b2 200 in 5ms (compile: 1415µs, render: 4ms)
 POST /api/tasks 201 in 6ms (compile: 1466µs, render: 4ms)
 POST /api/tasks 201 in 5ms (compile: 1241µs, render: 3ms)
 GET /api/tasks 200 in 6ms (compile: 2ms, render: 3ms)
 DELETE /api/tasks/8ef3a809-ddf1-4d11-be2b-add4822f5206 200 in 10ms (compile: 5ms, render: 5ms)
 DELETE /api/tasks/7f11cb3a-2cda-41c3-8a0d-f93cb2b3b1fe 200 in 6ms (compile: 1526µs, render: 4ms)
 POST /api/tasks 201 in 5ms (compile: 1639µs, render: 3ms)
 POST /api/tasks 201 in 5ms (compile: 1493µs, render: 3ms)
 GET /api/tasks 200 in 8ms (compile: 3ms, render: 5ms)
 DELETE /api/tasks/a352cc2c-17e3-4d50-9e6c-54004cc88155 200 in 9ms (compile: 4ms, render: 4ms)
 DELETE /api/tasks/2c27b69d-8d10-48ed-9bf6-906529bb9a73 200 in 5ms (compile: 1471µs, render: 4ms)
 POST /api/tasks 201 in 6ms (compile: 1850µs, render: 4ms)
 POST /api/tasks 201 in 4ms (compile: 865µs, render: 3ms)
 GET /api/tasks 200 in 5ms (compile: 1832µs, render: 4ms)
 DELETE /api/tasks/0b8bce6c-05ef-4727-b337-613ed65a4826 200 in 10ms (compile: 5ms, render: 5ms)
 DELETE /api/tasks/13de2138-5fd3-4458-833f-cdf5d4d5618b 200 in 6ms (compile: 2ms, render: 4ms)
 POST /api/tasks 201 in 6ms (compile: 1562µs, render: 4ms)
 POST /api/tasks 201 in 4ms (compile: 1047µs, render: 3ms)
 GET /api/tasks 200 in 6ms (compile: 1595µs, render: 4ms)
 DELETE /api/tasks/3a6f40fd-1dd6-46ae-921a-a1b989702cdf 200 in 11ms (compile: 5ms, render: 5ms)
 DELETE /api/tasks/c415f1b0-703e-4fec-bca3-15aa0889847a 200 in 5ms (compile: 1649µs, render: 3ms)
 POST /api/tasks 201 in 6ms (compile: 1277µs, render: 5ms)
 POST /api/tasks 201 in 5ms (compile: 1262µs, render: 3ms)
 GET /api/tasks 200 in 6ms (compile: 2ms, render: 4ms)
 DELETE /api/tasks/837d17ba-937d-47e1-bb58-ab5d0c241477 200 in 9ms (compile: 4ms, render: 5ms)
 DELETE /api/tasks/bbbc0b7c-227a-42bd-ab4d-0149eea79ea0 200 in 5ms (compile: 1787µs, render: 4ms)
 POST /api/tasks 201 in 6ms (compile: 1640µs, render: 4ms)
 POST /api/tasks 201 in 5ms (compile: 1204µs, render: 3ms)
 GET /api/tasks 200 in 5ms (compile: 2ms, render: 3ms)
 DELETE /api/tasks/31485c2f-52a1-4a1f-98e1-bc5f04f63fbc 200 in 9ms (compile: 5ms, render: 4ms)
 DELETE /api/tasks/ed715556-4e09-4084-b68e-d42f6d7a9d66 200 in 6ms (compile: 1496µs, render: 4ms)
 POST /api/tasks 201 in 6ms (compile: 1295µs, render: 4ms)
 POST /api/tasks 201 in 5ms (compile: 1012µs, render: 4ms)
 GET /api/tasks 200 in 6ms (compile: 2ms, render: 3ms)
 DELETE /api/tasks/f58588c4-ebde-4d74-8069-89b40246a71c 200 in 10ms (compile: 5ms, render: 5ms)
 DELETE /api/tasks/f9aa77ce-c936-4a5d-8312-7ca658b787ca 200 in 5ms (compile: 1412µs, render: 4ms)
 POST /api/tasks 201 in 6ms (compile: 1812µs, render: 4ms)
 POST /api/tasks 201 in 4ms (compile: 1356µs, render: 3ms)
 GET /api/tasks 200 in 6ms (compile: 2ms, render: 3ms)
 DELETE /api/tasks/510db5fe-f234-42b2-8f3a-2a8cdb1a5a37 200 in 9ms (compile: 5ms, render: 4ms)
 DELETE /api/tasks/c219da04-4f5c-4c9b-a2f6-0df4e4e95b7a 200 in 5ms (compile: 1589µs, render: 4ms)
 POST /api/tasks 201 in 5ms (compile: 1432µs, render: 4ms)
 POST /api/tasks 201 in 4ms (compile: 967µs, render: 3ms)
 GET /api/tasks 200 in 5ms (compile: 1677µs, render: 4ms)
 DELETE /api/tasks/0c7e1092-6f7e-4a80-b08a-152172401773 200 in 11ms (compile: 5ms, render: 5ms)
 DELETE /api/tasks/4f489e60-010c-45d0-8f83-65ce49b324d4 200 in 6ms (compile: 1824µs, render: 4ms)
 POST /api/tasks 201 in 6ms (compile: 1500µs, render: 4ms)
 POST /api/tasks 201 in 5ms (compile: 1136µs, render: 4ms)
 GET /api/tasks 200 in 5ms (compile: 1971µs, render: 4ms)
 DELETE /api/tasks/75ee2a33-5a1f-4a50-831e-58947dc036cc 200 in 10ms (compile: 5ms, render: 5ms)
 DELETE /api/tasks/498d6568-1391-427a-80e8-04de3c3053cb 200 in 5ms (compile: 1414µs, render: 4ms)
 POST /api/tasks 201 in 6ms (compile: 1426µs, render: 4ms)
 POST /api/tasks 201 in 5ms (compile: 1261µs, render: 4ms)
 GET /api/tasks 200 in 6ms (compile: 2ms, render: 4ms)
 DELETE /api/tasks/9916ba86-6f15-4483-b64b-7ecd27a047c4 200 in 9ms (compile: 5ms, render: 5ms)
 DELETE /api/tasks/8e8a5d3d-641f-49b9-a3bd-3f8b29355093 200 in 5ms (compile: 1282µs, render: 4ms)
 POST /api/tasks 201 in 6ms (compile: 1686µs, render: 4ms)
 POST /api/tasks 201 in 5ms (compile: 1394µs, render: 3ms)
 GET /api/tasks 200 in 5ms (compile: 2ms, render: 3ms)
 DELETE /api/tasks/b6a5bfe9-6833-4702-9384-0383f4040048 200 in 10ms (compile: 5ms, render: 5ms)
 DELETE /api/tasks/43a6793f-c663-4c37-99c8-f70ba84e98db 200 in 5ms (compile: 1425µs, render: 4ms)
 POST /api/tasks 201 in 6ms (compile: 1913µs, render: 4ms)
 POST /api/tasks 201 in 4ms (compile: 1272µs, render: 3ms)
 GET /api/tasks 200 in 5ms (compile: 2ms, render: 3ms)
 DELETE /api/tasks/c8812729-5f76-479c-8828-bd46b52e85bb 200 in 10ms (compile: 5ms, render: 5ms)
 DELETE /api/tasks/a73991cb-dcc3-4436-9d46-c5a8038de9fa 200 in 5ms (compile: 1687µs, render: 4ms)
 POST /api/tasks 201 in 6ms (compile: 1733µs, render: 4ms)
 POST /api/tasks 201 in 4ms (compile: 1291µs, render: 3ms)
 GET /api/tasks 200 in 5ms (compile: 1657µs, render: 3ms)
 DELETE /api/tasks/7ff4368b-da95-4b6c-a2bf-1324f5ef7f43 200 in 10ms (compile: 5ms, render: 5ms)
 DELETE /api/tasks/ec255fb6-98f1-4e0d-8742-cf0aacdd1335 200 in 5ms (compile: 1317µs, render: 4ms)
 POST /api/tasks 201 in 5ms (compile: 1225µs, render: 4ms)
 POST /api/tasks 201 in 5ms (compile: 1199µs, render: 3ms)
 GET /api/tasks 200 in 5ms (compile: 1659µs, render: 4ms)
 DELETE /api/tasks/f4cfd32e-0563-485f-a4bd-825a03afb561 200 in 10ms (compile: 5ms, render: 5ms)
 DELETE /api/tasks/5865d96b-5e5e-4af4-828c-79f95de3b972 200 in 5ms (compile: 1401µs, render: 4ms)
 POST /api/tasks 201 in 6ms (compile: 2ms, render: 4ms)
 POST /api/tasks 201 in 5ms (compile: 980µs, render: 4ms)
 GET /api/tasks 200 in 5ms (compile: 1868µs, render: 4ms)
 DELETE /api/tasks/77088c09-7e2b-46de-ad07-b47c3530a615 200 in 10ms (compile: 5ms, render: 5ms)
 DELETE /api/tasks/a6fd4502-c91f-4625-bb76-93ee48e74cde 200 in 5ms (compile: 1697µs, render: 3ms)
 POST /api/tasks 201 in 6ms (compile: 1554µs, render: 4ms)
 POST /api/tasks 201 in 5ms (compile: 1063µs, render: 4ms)
 GET /api/tasks 200 in 6ms (compile: 2ms, render: 4ms)
 DELETE /api/tasks/b7ab41d7-d7e5-4aba-8ea3-a79b37d4ff2c 200 in 9ms (compile: 5ms, render: 5ms)
 DELETE /api/tasks/bbdf0969-79ea-4a6d-9751-2a6503b1f98e 200 in 5ms (compile: 1272µs, render: 4ms)
 POST /api/tasks 201 in 5ms (compile: 1273µs, render: 4ms)
 POST /api/tasks 201 in 4ms (compile: 993µs, render: 3ms)
 GET /api/tasks 200 in 6ms (compile: 2ms, render: 4ms)
 DELETE /api/tasks/97e65c8f-8e1d-4329-bf4c-522590eb984b 200 in 9ms (compile: 5ms, render: 4ms)
 DELETE /api/tasks/4eb577f5-cd9b-4ceb-8385-9a51e1ba14ff 200 in 5ms (compile: 1552µs, render: 4ms)
 POST /api/tasks 201 in 6ms (compile: 1455µs, render: 4ms)
 POST /api/tasks 201 in 5ms (compile: 1036µs, render: 4ms)
 GET /api/tasks 200 in 5ms (compile: 1626µs, render: 4ms)
 DELETE /api/tasks/47adf816-90df-4390-891d-9910ad8adad7 200 in 9ms (compile: 5ms, render: 5ms)
 DELETE /api/tasks/60741b96-9c17-43a6-a1e2-525bd16b5cad 200 in 5ms (compile: 1667µs, render: 3ms)
 POST /api/tasks 201 in 6ms (compile: 1413µs, render: 4ms)
 POST /api/tasks 201 in 4ms (compile: 916µs, render: 3ms)
 GET /api/tasks 200 in 6ms (compile: 2ms, render: 4ms)
 DELETE /api/tasks/06b48927-4574-4c65-a8cb-6f8ac636edd5 200 in 10ms (compile: 5ms, render: 5ms)
 DELETE /api/tasks/55808b87-3a75-4da0-9166-7bb0e1573ef3 200 in 5ms (compile: 1505µs, render: 4ms)
 POST /api/tasks 201 in 6ms (compile: 2ms, render: 4ms)
 POST /api/tasks 201 in 4ms (compile: 876µs, render: 3ms)
 GET /api/tasks 200 in 5ms (compile: 2ms, render: 3ms)
 DELETE /api/tasks/c4fe2cfe-2cca-4c81-8f80-599cfba126cc 200 in 10ms (compile: 5ms, render: 5ms)
 DELETE /api/tasks/90b89dc1-15d4-4fd6-9e69-e8a326d120f5 200 in 5ms (compile: 1698µs, render: 3ms)
 POST /api/tasks 201 in 6ms (compile: 1784µs, render: 4ms)
 POST /api/tasks 201 in 4ms (compile: 862µs, render: 4ms)
 GET /api/tasks 200 in 6ms (compile: 1964µs, render: 4ms)
 DELETE /api/tasks/32342bfb-816c-4600-9a24-3a727df8384d 200 in 10ms (compile: 5ms, render: 5ms)
 DELETE /api/tasks/0cf5d4a0-3129-4287-a792-491f33735f89 200 in 5ms (compile: 1736µs, render: 3ms)
 POST /api/tasks 201 in 5ms (compile: 1674µs, render: 3ms)
 POST /api/tasks 201 in 4ms (compile: 978µs, render: 3ms)
 GET /api/tasks 200 in 6ms (compile: 1756µs, render: 4ms)
 DELETE /api/tasks/6c1094c8-147e-4c64-8dd7-0b1efa950100 200 in 10ms (compile: 5ms, render: 5ms)
 DELETE /api/tasks/174bcba3-a78d-4581-977d-b87c33fcde95 200 in 5ms (compile: 1638µs, render: 4ms)
 POST /api/tasks 201 in 6ms (compile: 1209µs, render: 5ms)
 POST /api/tasks 201 in 4ms (compile: 999µs, render: 3ms)
 GET /api/tasks 200 in 6ms (compile: 2ms, render: 4ms)
 DELETE /api/tasks/df7dc335-d8b8-4ad6-b90d-ce326496b83c 200 in 10ms (compile: 5ms, render: 5ms)
 DELETE /api/tasks/943ce7fc-0251-4c7b-a1da-6fc346184a73 200 in 5ms (compile: 1467µs, render: 3ms)
 POST /api/tasks 201 in 6ms (compile: 1297µs, render: 4ms)
 POST /api/tasks 201 in 4ms (compile: 1185µs, render: 3ms)
 GET /api/tasks 200 in 6ms (compile: 2ms, render: 4ms)
 DELETE /api/tasks/e917210f-ce07-4e34-bc32-7fbfe242dc4d 200 in 10ms (compile: 5ms, render: 5ms)
 DELETE /api/tasks/4aae4a15-e335-4f3f-9f6c-654b6ec34269 200 in 5ms (compile: 1582µs, render: 3ms)
 POST /api/tasks 201 in 5ms (compile: 1306µs, render: 4ms)
 POST /api/tasks 201 in 4ms (compile: 1134µs, render: 3ms)
 GET /api/tasks 200 in 8ms (compile: 2ms, render: 5ms)
 DELETE /api/tasks/eb7d72f3-0a7f-4be9-b567-9c121158f8e7 200 in 10ms (compile: 5ms, render: 5ms)
 DELETE /api/tasks/4552e158-282f-4a1f-b33c-0ce3d8a69ed1 200 in 5ms (compile: 1541µs, render: 4ms)
 POST /api/tasks 201 in 5ms (compile: 1472µs, render: 4ms)
 POST /api/tasks 201 in 3ms (compile: 784µs, render: 2ms)
 GET /api/tasks 200 in 6ms (compile: 2ms, render: 4ms)
 DELETE /api/tasks/79b892a3-5722-4980-8bc6-4a6f81bdb0b5 200 in 8ms (compile: 4ms, render: 4ms)
 DELETE /api/tasks/92dab232-5a59-42c5-9163-77a00ca8f749 200 in 5ms (compile: 1628µs, render: 3ms)
 POST /api/tasks 201 in 4ms (compile: 1153µs, render: 3ms)
 POST /api/tasks 201 in 4ms (compile: 876µs, render: 3ms)
 GET /api/tasks 200 in 6ms (compile: 2ms, render: 4ms)
 DELETE /api/tasks/d6d8365f-54be-4135-9a15-f60c8fab8cde 200 in 10ms (compile: 6ms, render: 4ms)
 DELETE /api/tasks/6d5f4322-803b-43cd-8e34-33adb56bc91b 200 in 5ms (compile: 1432µs, render: 3ms)
 POST /api/tasks 201 in 6ms (compile: 1686µs, render: 4ms)
 POST /api/tasks 201 in 4ms (compile: 1199µs, render: 3ms)
 GET /api/tasks 200 in 6ms (compile: 2ms, render: 4ms)
 DELETE /api/tasks/a37a2535-3d60-4d29-ad84-c5e0c4330f32 200 in 9ms (compile: 4ms, render: 5ms)
 DELETE /api/tasks/f926942b-dd7e-44b5-914e-71a71672fb08 200 in 5ms (compile: 1225µs, render: 3ms)
 POST /api/tasks 201 in 5ms (compile: 1436µs, render: 3ms)
 POST /api/tasks 201 in 3ms (compile: 736µs, render: 2ms)
 GET /api/tasks 200 in 6ms (compile: 2ms, render: 4ms)
 DELETE /api/tasks/73a27026-17cc-4fa2-86d7-fa9c40a309c3 200 in 9ms (compile: 5ms, render: 5ms)
 DELETE /api/tasks/814731eb-18e3-46ad-9796-0cdb8c2a912c 200 in 5ms (compile: 1524µs, render: 4ms)
 POST /api/tasks 201 in 6ms (compile: 1580µs, render: 4ms)
 POST /api/tasks 201 in 4ms (compile: 1202µs, render: 3ms)
 GET /api/tasks 200 in 6ms (compile: 2ms, render: 4ms)
 DELETE /api/tasks/d39e8ab5-df00-4387-b67d-b4dd47b788ef 200 in 9ms (compile: 5ms, render: 4ms)
 DELETE /api/tasks/bd696e43-2ffc-4990-b3f8-6c05c946c54c 200 in 5ms (compile: 1448µs, render: 4ms)
 POST /api/tasks 201 in 5ms (compile: 1576µs, render: 4ms)
 POST /api/tasks 201 in 2ms (compile: 496µs, render: 1670µs)
 GET /api/tasks 200 in 6ms (compile: 2ms, render: 4ms)
 DELETE /api/tasks/1660e589-3270-4522-b9c4-39fd541595c6 200 in 10ms (compile: 6ms, render: 5ms)
 DELETE /api/tasks/3f98c55b-0dd6-40c8-a59f-e30b894023df 200 in 5ms (compile: 1483µs, render: 4ms)
 POST /api/tasks 201 in 5ms (compile: 1424µs, render: 4ms)
 POST /api/tasks 201 in 2ms (compile: 652µs, render: 1599µs)
 GET /api/tasks 200 in 5ms (compile: 1994µs, render: 3ms)
 DELETE /api/tasks/05f179e2-15c1-44d0-b418-7cd1b6ef4c3d 200 in 10ms (compile: 6ms, render: 5ms)
 DELETE /api/tasks/9d9a71c3-10da-437f-afa7-4887ab593ae1 200 in 5ms (compile: 1624µs, render: 4ms)
 POST /api/tasks 201 in 6ms (compile: 1645µs, render: 4ms)
 POST /api/tasks 201 in 4ms (compile: 1211µs, render: 3ms)
 GET /api/tasks 200 in 6ms (compile: 2ms, render: 4ms)
 DELETE /api/tasks/791064ca-de0e-4bb4-9540-58f78dbda019 200 in 9ms (compile: 4ms, render: 5ms)
 DELETE /api/tasks/6c4536ee-7867-46ee-8978-43f735509386 200 in 5ms (compile: 1558µs, render: 3ms)
 POST /api/tasks 201 in 5ms (compile: 1286µs, render: 3ms)
 POST /api/tasks 201 in 3ms (compile: 894µs, render: 1869µs)
 GET /api/tasks 200 in 6ms (compile: 2ms, render: 4ms)
 DELETE /api/tasks/55d53894-d75f-4992-8b0a-aa052dc7199c 200 in 10ms (compile: 5ms, render: 5ms)
 DELETE /api/tasks/7abf1906-3140-485a-b090-1731647b78e3 200 in 5ms (compile: 1471µs, render: 3ms)
 POST /api/tasks 201 in 6ms (compile: 1630µs, render: 4ms)
 POST /api/tasks 201 in 4ms (compile: 1111µs, render: 3ms)
 GET /api/tasks 200 in 6ms (compile: 2ms, render: 4ms)
 DELETE /api/tasks/0c930251-beb9-4316-b40c-4f1ea26bcf89 200 in 10ms (compile: 5ms, render: 5ms)
 DELETE /api/tasks/708eca27-33da-4ff6-b4d3-cb772e5ce606 200 in 5ms (compile: 1458µs, render: 3ms)
 POST /api/tasks 201 in 6ms (compile: 1369µs, render: 4ms)
 POST /api/tasks 201 in 4ms (compile: 1213µs, render: 3ms)
 GET /api/tasks 200 in 6ms (compile: 2ms, render: 4ms)
 DELETE /api/tasks/71976f41-fe7a-4402-aa1b-a37ea95a4c76 200 in 9ms (compile: 4ms, render: 4ms)
 DELETE /api/tasks/0fb2aa50-aec5-4c5b-b1ce-e816aca18f54 200 in 5ms (compile: 1488µs, render: 4ms)
 POST /api/tasks 201 in 5ms (compile: 1447µs, render: 4ms)
 POST /api/tasks 201 in 3ms (compile: 1079µs, render: 1998µs)
 GET /api/tasks 200 in 5ms (compile: 1744µs, render: 4ms)
 DELETE /api/tasks/af93584b-b49f-404c-91f4-009660e11d3a 200 in 10ms (compile: 5ms, render: 4ms)
 DELETE /api/tasks/cc56287a-27cc-4f4c-92f1-03422608318e 200 in 5ms (compile: 1354µs, render: 3ms)
 POST /api/tasks 201 in 5ms (compile: 1621µs, render: 3ms)
 POST /api/tasks 201 in 3ms (compile: 510µs, render: 2ms)
 GET /api/tasks 200 in 6ms (compile: 2ms, render: 4ms)
 DELETE /api/tasks/2de435a8-43ae-4d09-942b-af9cb7777efc 200 in 9ms (compile: 4ms, render: 4ms)
 DELETE /api/tasks/31878053-142b-42c2-969f-9763e1c3e709 200 in 5ms (compile: 1286µs, render: 3ms)
 POST /api/tasks 201 in 4ms (compile: 1184µs, render: 2ms)
 POST /api/tasks 201 in 2ms (compile: 721µs, render: 1764µs)
 GET /api/tasks 200 in 6ms (compile: 2ms, render: 3ms)
 DELETE /api/tasks/0f5075bc-a47a-4470-8067-9da936181265 200 in 9ms (compile: 5ms, render: 5ms)
 DELETE /api/tasks/5bc6bfc0-ea4a-4a70-8468-a69d176696b0 200 in 5ms (compile: 1416µs, render: 3ms)
 POST /api/tasks 201 in 6ms (compile: 1480µs, render: 4ms)
 POST /api/tasks 201 in 3ms (compile: 865µs, render: 2ms)
 GET /api/tasks 200 in 6ms (compile: 2ms, render: 4ms)
 DELETE /api/tasks/6a7eb11c-35a7-437c-98fc-35a8d2756690 200 in 9ms (compile: 5ms, render: 4ms)
 DELETE /api/tasks/11def279-6ef4-4e2b-94ff-a14ec3882ca8 200 in 5ms (compile: 1630µs, render: 4ms)
 POST /api/tasks 201 in 6ms (compile: 1691µs, render: 4ms)
 POST /api/tasks 201 in 3ms (compile: 724µs, render: 2ms)
 GET /api/tasks 200 in 6ms (compile: 2ms, render: 4ms)
 DELETE /api/tasks/031549a6-e98e-4417-accb-feb0acc4249c 200 in 10ms (compile: 5ms, render: 5ms)
 DELETE /api/tasks/f89349b2-6caa-48a2-95a0-308bed5fb059 200 in 5ms (compile: 1517µs, render: 3ms)
 POST /api/tasks 201 in 5ms (compile: 1452µs, render: 4ms)
 POST /api/tasks 201 in 3ms (compile: 914µs, render: 1994µs)
 GET /api/tasks 200 in 6ms (compile: 2ms, render: 4ms)
 DELETE /api/tasks/b5b25498-4c1d-44df-b106-0d89c445d910 200 in 9ms (compile: 4ms, render: 4ms)
 DELETE /api/tasks/44b22c93-ede6-4dda-9966-5887fd4714d9 200 in 5ms (compile: 1481µs, render: 3ms)
 POST /api/tasks 201 in 5ms (compile: 1308µs, render: 4ms)
 POST /api/tasks 201 in 3ms (compile: 973µs, render: 2ms)
 GET /api/tasks 200 in 6ms (compile: 2ms, render: 4ms)
 DELETE /api/tasks/eb1b13fe-fb0c-4bb6-8a0f-c374f3a20174 200 in 10ms (compile: 5ms, render: 5ms)
 DELETE /api/tasks/df141a93-e865-494b-9d73-f7a6eaca23a8 200 in 5ms (compile: 1510µs, render: 4ms)
 POST /api/tasks 201 in 6ms (compile: 1322µs, render: 4ms)
 POST /api/tasks 201 in 4ms (compile: 1163µs, render: 3ms)
 GET /api/tasks 200 in 6ms (compile: 2ms, render: 4ms)
 DELETE /api/tasks/3a6e7246-9792-419d-b07a-5d5f6d660983 200 in 10ms (compile: 5ms, render: 5ms)
 DELETE /api/tasks/634483e3-7491-48de-b891-b4972785aa31 200 in 6ms (compile: 1671µs, render: 4ms)
 POST /api/tasks 201 in 6ms (compile: 2ms, render: 4ms)
 POST /api/tasks 201 in 4ms (compile: 1144µs, render: 3ms)
 GET /api/tasks 200 in 4ms (compile: 1449µs, render: 3ms)
 DELETE /api/tasks/7af2cb21-2d8b-406e-b9b3-f349e3d9f873 200 in 8ms (compile: 3ms, render: 4ms)
 DELETE /api/tasks/bc8770cf-6b3e-4912-926d-b0b480cba456 200 in 5ms (compile: 1724µs, render: 3ms)
 POST /api/tasks 201 in 5ms (compile: 1572µs, render: 4ms)
 POST /api/tasks 201 in 3ms (compile: 798µs, render: 1963µs)
 GET /api/tasks 200 in 6ms (compile: 2ms, render: 4ms)
 DELETE /api/tasks/64746437-3f3d-448f-ae02-a4f6a3dced6c 200 in 9ms (compile: 5ms, render: 4ms)
 DELETE /api/tasks/d994ac35-0088-4802-8255-308a515d1e72 200 in 5ms (compile: 1508µs, render: 3ms)
 POST /api/tasks 201 in 6ms (compile: 1470µs, render: 4ms)
 POST /api/tasks 201 in 4ms (compile: 1164µs, render: 3ms)
 GET /api/tasks 200 in 6ms (compile: 2ms, render: 4ms)
 DELETE /api/tasks/1109da66-d6d9-4e41-8360-9064a6efe709 200 in 9ms (compile: 5ms, render: 4ms)
 DELETE /api/tasks/52c33154-0644-46cb-b2a4-8d30eee452f8 200 in 5ms (compile: 1492µs, render: 3ms)
 POST /api/tasks 201 in 5ms (compile: 1271µs, render: 4ms)
 POST /api/tasks 201 in 4ms (compile: 1163µs, render: 3ms)
 GET /api/tasks 200 in 5ms (compile: 2ms, render: 3ms)
 DELETE /api/tasks/ae4a28cd-fb5f-4661-b9de-38222cef1c2e 200 in 9ms (compile: 5ms, render: 4ms)
 DELETE /api/tasks/2f66c1b7-7c3a-47a3-8148-8e9dbadb03e5 200 in 5ms (compile: 1554µs, render: 3ms)
 POST /api/tasks 201 in 8ms (compile: 4ms, render: 4ms)
 POST /api/tasks 201 in 4ms (compile: 1096µs, render: 3ms)
 GET /api/tasks 200 in 6ms (compile: 2ms, render: 4ms)
 DELETE /api/tasks/6238d8e8-114c-4b15-8d79-180bb0e16f53 200 in 9ms (compile: 5ms, render: 5ms)
 DELETE /api/tasks/74e8a076-ec65-487b-b026-c4a8df3edd69 200 in 5ms (compile: 1379µs, render: 3ms)
 POST /api/tasks 201 in 5ms (compile: 1424µs, render: 4ms)
 POST /api/tasks 201 in 3ms (compile: 958µs, render: 2ms)
 GET /api/tasks 200 in 6ms (compile: 2ms, render: 4ms)
 DELETE /api/tasks/ca081bb4-8503-4d6d-bbb3-de14c917a74b 200 in 9ms (compile: 5ms, render: 5ms)
 DELETE /api/tasks/648c2e00-2ac3-40db-b9a5-1415ad0362c5 200 in 5ms (compile: 1436µs, render: 4ms)
 POST /api/tasks 201 in 6ms (compile: 1564µs, render: 4ms)
 POST /api/tasks 201 in 3ms (compile: 862µs, render: 2ms)
 GET /api/tasks 200 in 6ms (compile: 2ms, render: 4ms)
 DELETE /api/tasks/5a88d6f5-bcc7-4428-9710-bbed895f1f1a 200 in 9ms (compile: 4ms, render: 5ms)
 DELETE /api/tasks/067134c5-7ec3-4128-8740-c954a94ccd46 200 in 5ms (compile: 1410µs, render: 3ms)
 POST /api/tasks 201 in 5ms (compile: 1288µs, render: 4ms)
 POST /api/tasks 201 in 4ms (compile: 1179µs, render: 3ms)
 GET /api/tasks 200 in 6ms (compile: 2ms, render: 4ms)
 DELETE /api/tasks/b6b47334-d03c-4b41-b7b5-cc80cfe83525 200 in 9ms (compile: 4ms, render: 5ms)
 DELETE /api/tasks/ba7c3b72-647f-4a2e-bcca-70d3e1afd9f5 200 in 6ms (compile: 1487µs, render: 4ms)
 POST /api/tasks 201 in 4ms (compile: 1408µs, render: 2ms)
 POST /api/tasks 201 in 3ms (compile: 713µs, render: 1951µs)
 GET /api/tasks 200 in 6ms (compile: 2ms, render: 4ms)
 DELETE /api/tasks/c8fff414-5395-419b-ae83-6f18fb6bb4fc 200 in 9ms (compile: 4ms, render: 5ms)
 DELETE /api/tasks/ab500b9e-c712-4754-9aca-23baf3eb0783 200 in 5ms (compile: 1493µs, render: 3ms)
 POST /api/tasks 201 in 6ms (compile: 1817µs, render: 4ms)
 POST /api/tasks 201 in 4ms (compile: 1227µs, render: 3ms)
 GET /api/tasks 200 in 6ms (compile: 2ms, render: 4ms)
 DELETE /api/tasks/bd0d2ac8-1e77-4c15-bbda-9bed0ece3880 200 in 9ms (compile: 5ms, render: 4ms)
 DELETE /api/tasks/81f7d8cf-6a40-4762-bebc-2208869967ba 200 in 5ms (compile: 1614µs, render: 4ms)
 POST /api/tasks 201 in 5ms (compile: 1728µs, render: 4ms)
 POST /api/tasks 201 in 3ms (compile: 909µs, render: 1934µs)
 GET /api/tasks 200 in 4ms (compile: 1268µs, render: 3ms)
 DELETE /api/tasks/fa81e150-2cf9-4e14-a817-f09b7ad8115d 200 in 8ms (compile: 4ms, render: 4ms)
 DELETE /api/tasks/a1e57fbc-fa02-4587-92f6-b4fa632f954c 200 in 4ms (compile: 987µs, render: 3ms)
 POST /api/tasks 201 in 4ms (compile: 1076µs, render: 3ms)
 POST /api/tasks 201 in 4ms (compile: 882µs, render: 3ms)
 GET /api/tasks 200 in 6ms (compile: 2ms, render: 3ms)
 DELETE /api/tasks/78e2c512-33a1-4b77-89ad-bcb4c8266293 200 in 9ms (compile: 4ms, render: 4ms)
 DELETE /api/tasks/58001a50-64c6-442c-9c43-47829a296d50 200 in 5ms (compile: 1486µs, render: 3ms)
 POST /api/tasks 201 in 4ms (compile: 1514µs, render: 3ms)
 POST /api/tasks 201 in 3ms (compile: 876µs, render: 1695µs)
 GET /api/tasks 200 in 6ms (compile: 2ms, render: 3ms)
 DELETE /api/tasks/34b305d4-763d-4a16-80e3-6bf8810d3f4b 200 in 9ms (compile: 5ms, render: 4ms)
 DELETE /api/tasks/bdb7e4b3-50e5-42fe-83a9-cf519c2a238e 200 in 5ms (compile: 1393µs, render: 3ms)
 POST /api/tasks 201 in 5ms (compile: 1340µs, render: 4ms)
 POST /api/tasks 201 in 3ms (compile: 834µs, render: 2ms)
 GET /api/tasks 200 in 6ms (compile: 2ms, render: 4ms)
 DELETE /api/tasks/8c0196ea-8bdb-4df6-b296-1fedce4ed15c 200 in 9ms (compile: 5ms, render: 4ms)
 DELETE /api/tasks/1b324dbf-85b5-425f-9009-47d1a0d33d76 200 in 5ms (compile: 1452µs, render: 3ms)
 POST /api/tasks 201 in 5ms (compile: 1293µs, render: 4ms)
 POST /api/tasks 201 in 2ms (compile: 544µs, render: 1623µs)
 GET /api/tasks 200 in 6ms (compile: 2ms, render: 4ms)
 DELETE /api/tasks/20169ef4-1031-4624-b003-f130308da054 200 in 10ms (compile: 5ms, render: 5ms)
 DELETE /api/tasks/8479198c-78d4-4eaf-8f67-a8072425f99d 200 in 5ms (compile: 1437µs, render: 3ms)
 POST /api/tasks 201 in 5ms (compile: 1418µs, render: 4ms)
 POST /api/tasks 201 in 3ms (compile: 845µs, render: 2ms)
 GET /api/tasks 200 in 6ms (compile: 2ms, render: 4ms)
 DELETE /api/tasks/4c390195-056c-4b18-8924-f848c727413c 200 in 9ms (compile: 5ms, render: 4ms)
 DELETE /api/tasks/7cb7982e-4cdb-4a16-b098-c3472a5df81e 200 in 5ms (compile: 1540µs, render: 4ms)
 POST /api/tasks 201 in 5ms (compile: 1326µs, render: 4ms)
 POST /api/tasks 201 in 4ms (compile: 1170µs, render: 3ms)
 GET /api/tasks 200 in 6ms (compile: 2ms, render: 4ms)
 DELETE /api/tasks/c28adb39-fd0a-4af6-9cbc-7ca64b2d7bf3 200 in 9ms (compile: 5ms, render: 4ms)
 DELETE /api/tasks/f84087ab-904e-4a97-9a70-cc58b8f9c24f 200 in 4ms (compile: 1424µs, render: 3ms)
 POST /api/tasks 201 in 5ms (compile: 1814µs, render: 4ms)
 POST /api/tasks 201 in 4ms (compile: 953µs, render: 3ms)
 GET /api/tasks 200 in 6ms (compile: 2ms, render: 4ms)
 DELETE /api/tasks/91c8cb72-886f-4e4f-82cc-2d9c5010eb9a 200 in 10ms (compile: 5ms, render: 5ms)
 DELETE /api/tasks/857a740b-cef8-4bce-b6cd-cd519ad429b3 200 in 5ms (compile: 1563µs, render: 4ms)
 POST /api/tasks 201 in 4ms (compile: 1132µs, render: 3ms)
 POST /api/tasks 201 in 3ms (compile: 570µs, render: 2ms)
 GET /api/tasks 200 in 6ms (compile: 2ms, render: 4ms)
 DELETE /api/tasks/69aae077-cdc2-4f1c-8222-db72bc915702 200 in 9ms (compile: 4ms, render: 5ms)
 DELETE /api/tasks/0ac54728-9be3-43e3-930f-ea7194824978 200 in 5ms (compile: 1477µs, render: 3ms)
 POST /api/tasks 201 in 5ms (compile: 1386µs, render: 4ms)
 POST /api/tasks 201 in 3ms (compile: 976µs, render: 2ms)
 GET /api/tasks 200 in 6ms (compile: 2ms, render: 4ms)
 DELETE /api/tasks/c4a6988f-369f-4f77-a95c-277669868883 200 in 11ms (compile: 6ms, render: 5ms)
 DELETE /api/tasks/0dab26d8-0fb0-4802-b5e5-ebe687e6524b 200 in 5ms (compile: 1438µs, render: 3ms)
 POST /api/tasks 201 in 5ms (compile: 1384µs, render: 4ms)
 POST /api/tasks 201 in 3ms (compile: 888µs, render: 3ms)
 GET /api/tasks 200 in 6ms (compile: 2ms, render: 4ms)
 DELETE /api/tasks/2aca8a95-57bb-4a5e-8c68-69e1273f4417 200 in 9ms (compile: 5ms, render: 4ms)
 DELETE /api/tasks/095ebc41-de45-44d8-8f9e-07a0ffc2ff3f 200 in 5ms (compile: 1402µs, render: 3ms)
 POST /api/tasks 201 in 5ms (compile: 1674µs, render: 3ms)
 POST /api/tasks 201 in 3ms (compile: 856µs, render: 2ms)
 GET /api/tasks 200 in 6ms (compile: 2ms, render: 4ms)
 DELETE /api/tasks/f66a2a10-c7cc-493e-b69f-a7d8d6bfc10a 200 in 9ms (compile: 4ms, render: 4ms)
 DELETE /api/tasks/1a8aaf3b-447c-4e23-903a-8e0d4a8be7f3 200 in 5ms (compile: 1480µs, render: 3ms)
 POST /api/tasks 201 in 5ms (compile: 1331µs, render: 4ms)
 POST /api/tasks 201 in 4ms (compile: 1102µs, render: 2ms)
 GET /api/tasks 200 in 6ms (compile: 2ms, render: 4ms)
 DELETE /api/tasks/2c40ad25-0fba-4e1c-87ba-4b8b22529afb 200 in 10ms (compile: 5ms, render: 5ms)
 DELETE /api/tasks/2eb5105b-6c52-41b2-9181-4ea647f2628f 200 in 5ms (compile: 1509µs, render: 3ms)
 POST /api/tasks 201 in 5ms (compile: 1319µs, render: 4ms)
 POST /api/tasks 201 in 4ms (compile: 1166µs, render: 3ms)
 GET /api/tasks 200 in 6ms (compile: 2ms, render: 4ms)
 DELETE /api/tasks/073a9778-ebc6-46a5-bc34-2291fa36924e 200 in 9ms (compile: 5ms, render: 4ms)
 DELETE /api/tasks/003bfc58-6cf1-4e40-ae0d-c05e3fe48986 200 in 5ms (compile: 1560µs, render: 3ms)
 POST /api/tasks 201 in 6ms (compile: 2ms, render: 4ms)
 POST /api/tasks 201 in 4ms (compile: 1167µs, render: 3ms)
 GET /api/tasks 200 in 7ms (compile: 2ms, render: 4ms)
 DELETE /api/tasks/ce5860fa-5686-4b90-a297-72b1a59a6e01 200 in 12ms (compile: 7ms, render: 5ms)
 DELETE /api/tasks/ba5f3adf-a540-4827-a1b9-ea876810084f 200 in 5ms (compile: 1626µs, render: 3ms)
 POST /api/tasks 201 in 6ms (compile: 1372µs, render: 4ms)
 POST /api/tasks 201 in 4ms (compile: 1221µs, render: 3ms)
 GET /api/tasks 200 in 6ms (compile: 2ms, render: 4ms)
 DELETE /api/tasks/f8a24ce1-8e09-4872-b4a1-af55ebe83350 200 in 9ms (compile: 4ms, render: 4ms)
 DELETE /api/tasks/dbd60b0b-abbd-42d6-8813-dddef3f309d0 200 in 5ms (compile: 1428µs, render: 3ms)
 POST /api/tasks 201 in 5ms (compile: 1696µs, render: 4ms)
 POST /api/tasks 201 in 4ms (compile: 1053µs, render: 3ms)
 GET /api/tasks 200 in 6ms (compile: 2ms, render: 4ms)
 DELETE /api/tasks/f69d268b-8b10-4263-8a3a-abea1b0c3102 200 in 10ms (compile: 6ms, render: 5ms)
 DELETE /api/tasks/b8f7c2a2-4125-4190-b65d-0d09d9d64e81 200 in 10ms (compile: 7ms, render: 3ms)
 POST /api/tasks 201 in 3ms (compile: 836µs, render: 2ms)
 POST /api/tasks 201 in 2ms (compile: 585µs, render: 1768µs)
 GET /api/tasks 200 in 6ms (compile: 2ms, render: 4ms)
 DELETE /api/tasks/f22ea202-d02c-4114-8f61-32b2cc650df9 200 in 10ms (compile: 6ms, render: 5ms)
 DELETE /api/tasks/4d9e07bd-f4f7-4e2c-b541-7d76cd98e7c7 200 in 5ms (compile: 1609µs, render: 4ms)
 POST /api/tasks 201 in 5ms (compile: 1438µs, render: 4ms)
 POST /api/tasks 201 in 4ms (compile: 1197µs, render: 3ms)
 GET /api/tasks 200 in 6ms (compile: 2ms, render: 4ms)
 DELETE /api/tasks/06c5834d-1f40-4ffd-bc2c-685bc268b77f 200 in 11ms (compile: 5ms, render: 5ms)
 DELETE /api/tasks/b168b65d-8d11-4db7-a4d9-6f617905199b 200 in 6ms (compile: 1640µs, render: 4ms)
 POST /api/tasks 201 in 5ms (compile: 1324µs, render: 3ms)
 POST /api/tasks 201 in 4ms (compile: 928µs, render: 3ms)
 GET /api/tasks 200 in 6ms (compile: 2ms, render: 4ms)
 DELETE /api/tasks/ac29f4ef-996e-4ea4-a755-2995bbba47b2 200 in 10ms (compile: 5ms, render: 5ms)
 DELETE /api/tasks/11890569-0d10-4a52-b240-19e31bb35f90 200 in 4ms (compile: 1008µs, render: 3ms)
 POST /api/tasks 201 in 3ms (compile: 791µs, render: 2ms)
 POST /api/tasks 201 in 2ms (compile: 491µs, render: 1606µs)
 GET /api/tasks 200 in 6ms (compile: 2ms, render: 4ms)
 DELETE /api/tasks/32ae69eb-1a63-443e-81d7-3ac0f7726e4c 200 in 11ms (compile: 6ms, render: 5ms)
 DELETE /api/tasks/ce5c0a54-05e8-49cb-bff1-826bbb8fca7b 200 in 5ms (compile: 1590µs, render: 4ms)
 POST /api/tasks 201 in 6ms (compile: 1388µs, render: 4ms)
 POST /api/tasks 201 in 4ms (compile: 1296µs, render: 3ms)
 GET /api/tasks 200 in 6ms (compile: 2ms, render: 4ms)
 DELETE /api/tasks/3533998c-2443-4009-9ac6-5a85e7e06cb3 200 in 10ms (compile: 5ms, render: 5ms)
 DELETE /api/tasks/ec25ad6e-9c5b-43a8-aeca-278d9143eb61 200 in 5ms (compile: 1574µs, render: 4ms)
 POST /api/tasks 201 in 4ms (compile: 1194µs, render: 3ms)
 POST /api/tasks 201 in 2ms (compile: 591µs, render: 1530µs)
 GET /api/tasks 200 in 6ms (compile: 1952µs, render: 4ms)
 DELETE /api/tasks/4475ae3d-038a-478e-9487-15f8bebe2fa3 200 in 10ms (compile: 5ms, render: 5ms)
 DELETE /api/tasks/584ffb58-f132-4ed2-a614-59d17edfb233 200 in 6ms (compile: 1621µs, render: 4ms)
 POST /api/tasks 201 in 5ms (compile: 1677µs, render: 4ms)
 POST /api/tasks 201 in 3ms (compile: 861µs, render: 3ms)
 GET /api/tasks 200 in 6ms (compile: 2ms, render: 4ms)
 DELETE /api/tasks/32b64d67-29a6-42b7-a18c-b1f957c3cdc1 200 in 9ms (compile: 4ms, render: 5ms)
 DELETE /api/tasks/e03a7ce6-24aa-4a1b-abe4-7a11dad76216 200 in 5ms (compile: 1600µs, render: 4ms)
 POST /api/tasks 201 in 4ms (compile: 1329µs, render: 3ms)
 POST /api/tasks 201 in 2ms (compile: 757µs, render: 1664µs)
 GET /api/tasks 200 in 7ms (compile: 2ms, render: 5ms)
 DELETE /api/tasks/7eaea163-58f8-48d0-8d28-a6a03800845b 200 in 10ms (compile: 5ms, render: 5ms)
 DELETE /api/tasks/1a5063ea-64da-49dd-bdc4-f433c85a0239 200 in 5ms (compile: 1520µs, render: 4ms)
 POST /api/tasks 201 in 6ms (compile: 1591µs, render: 4ms)
 POST /api/tasks 201 in 4ms (compile: 1106µs, render: 3ms)
 GET /api/tasks 200 in 6ms (compile: 2ms, render: 4ms)
 DELETE /api/tasks/e80dc69a-6ad7-4719-9219-b7286481db82 200 in 10ms (compile: 5ms, render: 5ms)
 DELETE /api/tasks/ebf713f5-3c8c-4937-b7b5-264ac19f1254 200 in 5ms (compile: 1591µs, render: 4ms)
 POST /api/tasks 201 in 6ms (compile: 1582µs, render: 4ms)
 POST /api/tasks 201 in 3ms (compile: 704µs, render: 3ms)
 GET /api/tasks 200 in 6ms (compile: 2ms, render: 4ms)
 DELETE /api/tasks/0903e227-a615-4193-a20e-e392aa2203be 200 in 9ms (compile: 5ms, render: 4ms)
 DELETE /api/tasks/d7a1c781-721c-429c-a513-7b7d06582708 200 in 5ms (compile: 1432µs, render: 3ms)
 POST /api/tasks 201 in 5ms (compile: 1418µs, render: 3ms)
 POST /api/tasks 201 in 3ms (compile: 862µs, render: 2ms)
 GET /api/tasks 200 in 7ms (compile: 3ms, render: 4ms)
 DELETE /api/tasks/b2588d12-4e2d-4377-b488-464ca989c089 200 in 10ms (compile: 5ms, render: 5ms)
 DELETE /api/tasks/6900f156-6047-4836-9f58-b7af64e67f01 200 in 6ms (compile: 1673µs, render: 4ms)
 POST /api/tasks 201 in 6ms (compile: 1548µs, render: 4ms)
 POST /api/tasks 201 in 4ms (compile: 1252µs, render: 3ms)
 GET /api/tasks 200 in 6ms (compile: 2ms, render: 4ms)
 DELETE /api/tasks/bb30f7f3-0c43-473e-a35b-590ded3f4369 200 in 10ms (compile: 5ms, render: 5ms)
 DELETE /api/tasks/e19b277a-5e4b-491c-b4e7-675534271e33 200 in 5ms (compile: 1416µs, render: 4ms)
 POST /api/tasks 201 in 6ms (compile: 1367µs, render: 4ms)
 POST /api/tasks 201 in 4ms (compile: 1192µs, render: 3ms)
 GET /api/tasks 200 in 4ms (compile: 1490µs, render: 2ms)
 DELETE /api/tasks/283bf4fe-2d1b-49c7-9d24-adeec18cf174 200 in 8ms (compile: 4ms, render: 4ms)
 DELETE /api/tasks/cbe53787-903f-41e5-a6e3-7e22653cda99 200 in 4ms (compile: 1287µs, render: 3ms)
 POST /api/tasks 201 in 4ms (compile: 987µs, render: 3ms)
 POST /api/tasks 201 in 4ms (compile: 916µs, render: 3ms)
 GET /api/tasks 200 in 5ms (compile: 1712µs, render: 4ms)
 DELETE /api/tasks/be217af1-7264-49b6-9401-e7b72833a264 200 in 11ms (compile: 6ms, render: 5ms)
 DELETE /api/tasks/4c313b52-6bf8-466b-8506-e1f761388c98 200 in 5ms (compile: 1532µs, render: 4ms)
 POST /api/tasks 201 in 6ms (compile: 1981µs, render: 4ms)
 POST /api/tasks 201 in 4ms (compile: 1355µs, render: 3ms)
 GET /api/tasks 200 in 6ms (compile: 2ms, render: 4ms)
 DELETE /api/tasks/351b86b1-db07-431d-b60d-bc4b61e7bbf2 200 in 10ms (compile: 5ms, render: 5ms)
 DELETE /api/tasks/1ff727f2-651d-4344-a59c-352f23e626f3 200 in 5ms (compile: 1573µs, render: 4ms)
 POST /api/tasks 201 in 5ms (compile: 1404µs, render: 3ms)
 POST /api/tasks 201 in 3ms (compile: 730µs, render: 1901µs)
 GET /api/tasks 200 in 6ms (compile: 2ms, render: 4ms)
 DELETE /api/tasks/f0a78c6e-d6d9-42fd-bea1-8d91dfee45ed 200 in 14ms (compile: 9ms, render: 5ms)
 DELETE /api/tasks/5663548f-3476-4933-864a-d41fb50f6d39 200 in 5ms (compile: 1671µs, render: 4ms)
 POST /api/tasks 201 in 5ms (compile: 1229µs, render: 3ms)
 POST /api/tasks 201 in 3ms (compile: 711µs, render: 1845µs)
 GET /api/tasks 200 in 6ms (compile: 2ms, render: 4ms)
 DELETE /api/tasks/8476dcd0-47c5-4daf-a839-ed910cbd98fc 200 in 10ms (compile: 5ms, render: 5ms)
 DELETE /api/tasks/fb892aba-5eb4-403c-81fd-d3f95129f2d5 200 in 5ms (compile: 1596µs, render: 4ms)
 POST /api/tasks 201 in 5ms (compile: 1875µs, render: 3ms)
 POST /api/tasks 201 in 3ms (compile: 730µs, render: 1979µs)
 GET /api/tasks 200 in 7ms (compile: 2ms, render: 4ms)
 DELETE /api/tasks/d3c410cc-8903-410a-9ee1-acf39315ad3f 200 in 11ms (compile: 6ms, render: 5ms)
 DELETE /api/tasks/9d3865b2-a118-4de9-bb0d-ccfc7d30c36a 200 in 5ms (compile: 1504µs, render: 4ms)
 POST /api/tasks 201 in 6ms (compile: 1286µs, render: 4ms)
 POST /api/tasks 201 in 4ms (compile: 1087µs, render: 3ms)
 GET /api/tasks 200 in 6ms (compile: 2ms, render: 4ms)
 DELETE /api/tasks/551f601d-bc34-4df3-946b-66624a91bc83 200 in 9ms (compile: 5ms, render: 5ms)
 DELETE /api/tasks/790d86c2-85c7-40c8-afcf-bae3674970fc 200 in 5ms (compile: 1454µs, render: 3ms)
 POST /api/tasks 201 in 6ms (compile: 1570µs, render: 4ms)
 POST /api/tasks 201 in 4ms (compile: 1076µs, render: 3ms)
 GET /api/tasks 200 in 6ms (compile: 2ms, render: 4ms)
 DELETE /api/tasks/c3bbadf2-1d19-41da-aee9-e121242ce451 200 in 10ms (compile: 5ms, render: 5ms)
 DELETE /api/tasks/03fb6cb8-b650-4bce-aec1-d3fd530c8693 200 in 5ms (compile: 1524µs, render: 4ms)
 POST /api/tasks 201 in 4ms (compile: 2ms, render: 2ms)
 POST /api/tasks 201 in 3ms (compile: 754µs, render: 2ms)
 GET /api/tasks 200 in 6ms (compile: 2ms, render: 4ms)
 DELETE /api/tasks/0bf17d27-5047-4794-ae76-5bf91c46468e 200 in 9ms (compile: 5ms, render: 4ms)
 DELETE /api/tasks/0a159676-afaf-45da-9337-c56c66f625a0 200 in 6ms (compile: 1710µs, render: 4ms)
 POST /api/tasks 201 in 5ms (compile: 1399µs, render: 4ms)
 POST /api/tasks 201 in 4ms (compile: 889µs, render: 3ms)
 GET /api/tasks 200 in 6ms (compile: 2ms, render: 4ms)
 DELETE /api/tasks/9081a244-a0b0-4838-a469-7ca07a0b8ede 200 in 10ms (compile: 5ms, render: 5ms)
 DELETE /api/tasks/51c255e4-5e54-4dd8-a5a0-496854dd4efd 200 in 6ms (compile: 1916µs, render: 4ms)
 POST /api/tasks 201 in 5ms (compile: 1396µs, render: 3ms)
 POST /api/tasks 201 in 4ms (compile: 927µs, render: 3ms)
 GET /api/tasks 200 in 6ms (compile: 2ms, render: 4ms)
 DELETE /api/tasks/2b8a03e1-21d0-459d-a5d4-1e2cffde0581 200 in 10ms (compile: 5ms, render: 4ms)
 DELETE /api/tasks/e9c4421c-53c2-43b9-a1fa-d9d53bf19925 200 in 5ms (compile: 1510µs, render: 4ms)
 POST /api/tasks 201 in 6ms (compile: 1573µs, render: 4ms)
 POST /api/tasks 201 in 4ms (compile: 1252µs, render: 3ms)
 GET /api/tasks 200 in 7ms (compile: 2ms, render: 5ms)
 DELETE /api/tasks/c7195850-77bb-4201-bafa-0b416e4840b6 200 in 10ms (compile: 5ms, render: 5ms)
 DELETE /api/tasks/e386d579-ae29-437f-b0d8-f41e84f4ffec 200 in 5ms (compile: 1472µs, render: 3ms)
 POST /api/tasks 201 in 6ms (compile: 1246µs, render: 4ms)
 POST /api/tasks 201 in 4ms (compile: 1126µs, render: 3ms)
 GET /api/tasks 200 in 6ms (compile: 2ms, render: 4ms)
 DELETE /api/tasks/ea8f157d-6d81-4750-88cc-27ffa6761281 200 in 9ms (compile: 5ms, render: 5ms)
 DELETE /api/tasks/a2ff6c37-6a8c-40a6-94bc-34685bda4599 200 in 5ms (compile: 1461µs, render: 3ms)
 POST /api/tasks 201 in 6ms (compile: 1475µs, render: 4ms)
 POST /api/tasks 201 in 4ms (compile: 1231µs, render: 3ms)
 GET /api/tasks 200 in 6ms (compile: 2ms, render: 4ms)
 DELETE /api/tasks/bddbcc74-3f20-43da-97b7-f85708baf4e7 200 in 10ms (compile: 5ms, render: 5ms)
 DELETE /api/tasks/3e9479ea-e53a-4710-87d1-6140e63f471f 200 in 5ms (compile: 1521µs, render: 3ms)
 POST /api/tasks 201 in 5ms (compile: 1237µs, render: 4ms)
 POST /api/tasks 201 in 4ms (compile: 1162µs, render: 3ms)
 GET /api/tasks 200 in 6ms (compile: 2ms, render: 3ms)
 DELETE /api/tasks/8de8ca68-eb13-457e-aa1f-52d2bfa63ae6 200 in 9ms (compile: 5ms, render: 4ms)
 DELETE /api/tasks/53d5aae2-c6cd-4163-8387-2de19d873a80 200 in 5ms (compile: 1464µs, render: 3ms)
 POST /api/tasks 201 in 5ms (compile: 1264µs, render: 4ms)
 POST /api/tasks 201 in 4ms (compile: 1146µs, render: 3ms)
 GET /api/tasks 200 in 6ms (compile: 2ms, render: 4ms)
 DELETE /api/tasks/f162734d-8a06-457c-a507-cd150c50441c 200 in 9ms (compile: 5ms, render: 4ms)
 DELETE /api/tasks/b042e730-f3d9-413c-bef7-c97de12da864 200 in 6ms (compile: 1697µs, render: 4ms)
 POST /api/tasks 201 in 4ms (compile: 1084µs, render: 3ms)
 POST /api/tasks 201 in 3ms (compile: 953µs, render: 2ms)
 GET /api/tasks 200 in 6ms (compile: 2ms, render: 4ms)
 DELETE /api/tasks/35337133-8c94-4fca-97bb-43129493f09c 200 in 11ms (compile: 6ms, render: 5ms)
 DELETE /api/tasks/160eb6f2-7d4b-41de-b032-6c2b9237b830 200 in 5ms (compile: 1602µs, render: 4ms)
 POST /api/tasks 201 in 5ms (compile: 1656µs, render: 3ms)
 POST /api/tasks 201 in 3ms (compile: 966µs, render: 2ms)
 GET /api/tasks 200 in 7ms (compile: 2ms, render: 4ms)
 DELETE /api/tasks/cecab54f-afa8-4517-98b1-d89fbdfe5945 200 in 9ms (compile: 5ms, render: 4ms)
 DELETE /api/tasks/0b28ba6c-9dd6-4616-a5c3-aa7e94db80e3 200 in 5ms (compile: 1357µs, render: 3ms)
 POST /api/tasks 201 in 4ms (compile: 1348µs, render: 3ms)
 POST /api/tasks 201 in 3ms (compile: 750µs, render: 1855µs)
 GET /api/tasks 200 in 5ms (compile: 2ms, render: 3ms)
 DELETE /api/tasks/9698f297-84d7-4b1b-b073-fdbf466a441e 200 in 9ms (compile: 4ms, render: 5ms)
 DELETE /api/tasks/9885bd2b-0847-49e5-b662-8d9ec1c89bc4 200 in 5ms (compile: 1768µs, render: 4ms)
 POST /api/tasks 201 in 5ms (compile: 2ms, render: 3ms)
 POST /api/tasks 201 in 4ms (compile: 1020µs, render: 3ms)
 GET /api/tasks 200 in 6ms (compile: 2ms, render: 4ms)
 DELETE /api/tasks/689d8e5e-cb89-434a-bb17-82b614cdc509 200 in 9ms (compile: 4ms, render: 5ms)
 DELETE /api/tasks/027aa4c7-93a1-43c0-893a-8e23ece93563 200 in 6ms (compile: 1933µs, render: 4ms)
 POST /api/tasks 201 in 5ms (compile: 1619µs, render: 4ms)
 POST /api/tasks 201 in 3ms (compile: 1012µs, render: 2ms)
 GET /api/tasks 200 in 6ms (compile: 2ms, render: 4ms)
 DELETE /api/tasks/9347e95e-ab2d-440d-9b36-c339db897255 200 in 10ms (compile: 5ms, render: 5ms)
 DELETE /api/tasks/d9887fb0-cb01-437a-8bcb-e5f3ceb85ac9 200 in 5ms (compile: 1537µs, render: 3ms)
 POST /api/tasks 201 in 5ms (compile: 1346µs, render: 4ms)
 POST /api/tasks 201 in 3ms (compile: 948µs, render: 2ms)
 GET /api/tasks 200 in 6ms (compile: 2ms, render: 4ms)
 DELETE /api/tasks/eda7a43e-bdf6-42e7-be27-e58aa6b77fa9 200 in 9ms (compile: 4ms, render: 5ms)
 DELETE /api/tasks/72761892-0d54-4ff7-8cd1-6138d0f45027 200 in 3ms (compile: 950µs, render: 2ms)
 POST /api/tasks 201 in 3ms (compile: 712µs, render: 2ms)
 POST /api/tasks 201 in 2ms (compile: 564µs, render: 1809µs)
 GET /api/tasks 200 in 6ms (compile: 2ms, render: 4ms)
 DELETE /api/tasks/eeb7035e-06af-4d89-85e0-a834b2b8577f 200 in 9ms (compile: 5ms, render: 4ms)
 DELETE /api/tasks/7f6a1fd7-bda2-4bc8-9e35-ce4111d617e3 200 in 5ms (compile: 1403µs, render: 3ms)
 POST /api/tasks 201 in 5ms (compile: 1257µs, render: 4ms)
 POST /api/tasks 201 in 4ms (compile: 1027µs, render: 3ms)
 GET /api/tasks 200 in 6ms (compile: 2ms, render: 4ms)
 DELETE /api/tasks/229a2556-4c3a-46a6-85c0-51ed5d0069f2 200 in 10ms (compile: 5ms, render: 5ms)
 DELETE /api/tasks/d71bf2fc-8353-43d3-8666-fa89ba9a46ad 200 in 5ms (compile: 1458µs, render: 3ms)
 POST /api/tasks 201 in 6ms (compile: 1449µs, render: 4ms)
 POST /api/tasks 201 in 4ms (compile: 1176µs, render: 3ms)
 GET /api/tasks 200 in 7ms (compile: 3ms, render: 4ms)
 DELETE /api/tasks/a3ad7b73-1f8c-4a15-a57f-e65445a2b795 200 in 9ms (compile: 5ms, render: 4ms)
 DELETE /api/tasks/b70613fc-7bc7-48c3-baae-a3895a91e053 200 in 5ms (compile: 1522µs, render: 4ms)
 POST /api/tasks 201 in 5ms (compile: 1554µs, render: 3ms)
 POST /api/tasks 201 in 3ms (compile: 715µs, render: 2ms)
 GET /api/tasks 200 in 6ms (compile: 2ms, render: 4ms)
 DELETE /api/tasks/7ac6691e-7478-4d8f-86eb-75b1481514c0 200 in 10ms (compile: 5ms, render: 5ms)
 DELETE /api/tasks/63eb7b07-d033-421a-9638-d04acd53ef87 200 in 5ms (compile: 1465µs, render: 4ms)
 POST /api/tasks 201 in 5ms (compile: 1289µs, render: 3ms)
 POST /api/tasks 201 in 3ms (compile: 424µs, render: 2ms)
 GET /api/tasks 200 in 6ms (compile: 2ms, render: 3ms)
 DELETE /api/tasks/c6c22482-63e1-44ae-b1c7-884686d63662 200 in 11ms (compile: 6ms, render: 5ms)
 DELETE /api/tasks/43d7d7f8-9cc9-4589-ae2b-7dda11bf254b 200 in 5ms (compile: 1680µs, render: 4ms)
 POST /api/tasks 201 in 6ms (compile: 1633µs, render: 4ms)
 POST /api/tasks 201 in 3ms (compile: 686µs, render: 1879µs)
 GET /api/tasks 200 in 7ms (compile: 2ms, render: 4ms)
 DELETE /api/tasks/65a06eb6-2f32-4379-91e5-24a34c786a53 200 in 9ms (compile: 5ms, render: 5ms)
 DELETE /api/tasks/97cfb40d-25ad-4301-b1ee-89886c459e68 200 in 4ms (compile: 1556µs, render: 2ms)
 POST /api/tasks 201 in 3ms (compile: 857µs, render: 2ms)
 POST /api/tasks 201 in 3ms (compile: 618µs, render: 2ms)
 GET /api/tasks 200 in 6ms (compile: 2ms, render: 4ms)
 DELETE /api/tasks/21679ea6-8ab7-46ba-b02f-ee8ca72b3a7f 200 in 10ms (compile: 5ms, render: 5ms)
 DELETE /api/tasks/f8c1cd03-80d7-4ecb-87e4-079c6d7c777d 200 in 5ms (compile: 1532µs, render: 3ms)
 POST /api/tasks 201 in 5ms (compile: 1312µs, render: 4ms)
 POST /api/tasks 201 in 3ms (compile: 948µs, render: 2ms)
 GET /api/tasks 200 in 6ms (compile: 2ms, render: 4ms)
 DELETE /api/tasks/61770f97-2158-4038-b5d0-59c53c92d06a 200 in 9ms (compile: 5ms, render: 4ms)
 DELETE /api/tasks/1c52d63a-627d-43a2-b773-55dd0bb73001 200 in 5ms (compile: 1321µs, render: 4ms)
 POST /api/tasks 201 in 5ms (compile: 1581µs, render: 4ms)
 POST /api/tasks 201 in 3ms (compile: 928µs, render: 2ms)
 GET /api/tasks 200 in 6ms (compile: 2ms, render: 4ms)
 DELETE /api/tasks/d80031b7-1a47-4c6e-9e5d-9c1b163d5ea1 200 in 10ms (compile: 5ms, render: 5ms)
 DELETE /api/tasks/fbce998c-ab8d-4450-b006-b94d55dacb1b 200 in 5ms (compile: 1508µs, render: 4ms)
 POST /api/tasks 201 in 6ms (compile: 1391µs, render: 4ms)
 POST /api/tasks 201 in 4ms (compile: 1094µs, render: 3ms)
 GET /api/tasks 200 in 6ms (compile: 2ms, render: 4ms)
 DELETE /api/tasks/48b0f339-dc28-4c4d-ae73-0b684029eef2 200 in 11ms (compile: 6ms, render: 5ms)
 DELETE /api/tasks/4fe42365-70a7-4b13-a14d-9b864fe48b42 200 in 5ms (compile: 1639µs, render: 4ms)
 POST /api/tasks 201 in 6ms (compile: 1511µs, render: 4ms)
 POST /api/tasks 201 in 4ms (compile: 1289µs, render: 3ms)
 GET /api/tasks 200 in 6ms (compile: 2ms, render: 4ms)
 DELETE /api/tasks/659eaf6c-b55f-40f0-9031-ebe2d66bd3c1 200 in 9ms (compile: 4ms, render: 5ms)
 DELETE /api/tasks/ee08972b-ad6c-4341-9540-d0cd050039b3 200 in 5ms (compile: 1667µs, render: 4ms)
 POST /api/tasks 201 in 5ms (compile: 1491µs, render: 4ms)
 POST /api/tasks 201 in 3ms (compile: 892µs, render: 2ms)
 GET /api/tasks 200 in 6ms (compile: 2ms, render: 4ms)
 DELETE /api/tasks/25385d13-fbfb-47ef-9a2f-ddf5f09c1b3e 200 in 11ms (compile: 6ms, render: 5ms)
 DELETE /api/tasks/f61d02b6-3594-4f0e-907c-f3c2caa33750 200 in 6ms (compile: 1678µs, render: 4ms)
 POST /api/tasks 201 in 6ms (compile: 1503µs, render: 4ms)
 POST /api/tasks 201 in 4ms (compile: 1423µs, render: 3ms)
 GET /api/tasks 200 in 6ms (compile: 2ms, render: 4ms)
 DELETE /api/tasks/2b440a27-b0a2-4df1-b161-16a6738382f2 200 in 11ms (compile: 6ms, render: 5ms)
 DELETE /api/tasks/67f428b7-d00b-44a2-83d0-8068bf220fcd 200 in 5ms (compile: 1456µs, render: 3ms)
 POST /api/tasks 201 in 5ms (compile: 1238µs, render: 4ms)
 POST /api/tasks 201 in 4ms (compile: 1104µs, render: 3ms)
 GET /api/tasks 200 in 6ms (compile: 2ms, render: 4ms)
 DELETE /api/tasks/36fc3bf5-cf3a-4cad-8d03-b8ecd3fabcb7 200 in 10ms (compile: 5ms, render: 5ms)
 DELETE /api/tasks/f201472e-0215-47a5-b90b-0c2a93285136 200 in 6ms (compile: 1819µs, render: 4ms)
 POST /api/tasks 201 in 6ms (compile: 1395µs, render: 4ms)
 POST /api/tasks 201 in 4ms (compile: 1018µs, render: 3ms)
 GET /api/tasks 200 in 6ms (compile: 2ms, render: 4ms)
 DELETE /api/tasks/ee3fcb2d-ce07-4288-afe7-15ca8abcfece 200 in 10ms (compile: 5ms, render: 5ms)
 DELETE /api/tasks/c19b569f-7545-4165-9572-13f85498da87 200 in 5ms (compile: 1587µs, render: 4ms)
 POST /api/tasks 201 in 6ms (compile: 1369µs, render: 4ms)
 POST /api/tasks 201 in 5ms (compile: 1308µs, render: 3ms)
 GET /api/tasks 200 in 6ms (compile: 2ms, render: 4ms)
 DELETE /api/tasks/590310de-e080-46d3-88c6-60f07657289e 200 in 9ms (compile: 5ms, render: 4ms)
 DELETE /api/tasks/124afeb3-da55-4e7c-b3f3-5988749e0083 200 in 5ms (compile: 1428µs, render: 3ms)
 POST /api/tasks 201 in 5ms (compile: 1600µs, render: 4ms)
 POST /api/tasks 201 in 4ms (compile: 1084µs, render: 3ms)
 GET /api/tasks 200 in 6ms (compile: 2ms, render: 4ms)
 DELETE /api/tasks/8c6bed1a-2075-49e9-9257-bbcc9827b6cb 200 in 9ms (compile: 5ms, render: 4ms)
 DELETE /api/tasks/5db9e33b-26c4-4fb3-ad55-8301559d710c 200 in 5ms (compile: 1511µs, render: 3ms)
 POST /api/tasks 201 in 5ms (compile: 1628µs, render: 4ms)
 POST /api/tasks 201 in 3ms (compile: 891µs, render: 2ms)
 GET /api/tasks 200 in 6ms (compile: 2ms, render: 3ms)
 DELETE /api/tasks/5bcffb8d-b14d-4f76-b0d7-573fc067b9cf 200 in 9ms (compile: 5ms, render: 4ms)
 DELETE /api/tasks/57653e7b-6130-4996-9a94-a38039b07ffe 200 in 6ms (compile: 1708µs, render: 4ms)
 POST /api/tasks 201 in 6ms (compile: 1479µs, render: 4ms)
 POST /api/tasks 201 in 4ms (compile: 1145µs, render: 3ms)
 GET /api/tasks 200 in 6ms (compile: 2ms, render: 4ms)
 DELETE /api/tasks/899e0942-e6f1-4d2f-88d3-4200c0450e52 200 in 11ms (compile: 5ms, render: 6ms)
 DELETE /api/tasks/b082d3fc-3542-41ab-b608-45b3429bc9b7 200 in 3ms (compile: 788µs, render: 2ms)
 POST /api/tasks 201 in 3ms (compile: 528µs, render: 2ms)
 POST /api/tasks 201 in 2ms (compile: 542µs, render: 1690µs)
 GET /api/tasks 200 in 6ms (compile: 2ms, render: 4ms)
 DELETE /api/tasks/ba2009ed-aa83-4a20-8e7e-d548df1b3c63 200 in 10ms (compile: 5ms, render: 5ms)
 DELETE /api/tasks/bddeb0ea-6c72-4598-83dc-4f89b0046ed2 200 in 5ms (compile: 1490µs, render: 4ms)
 POST /api/tasks 201 in 6ms (compile: 1382µs, render: 5ms)
 POST /api/tasks 201 in 4ms (compile: 1249µs, render: 3ms)
 GET /api/tasks 200 in 6ms (compile: 2ms, render: 4ms)
 DELETE /api/tasks/e6632670-39a4-4e11-b694-2f84adb168dc 200 in 10ms (compile: 4ms, render: 5ms)
 DELETE /api/tasks/8466dc8c-9bfb-48a7-97f9-e0525cc06f4c 200 in 5ms (compile: 1419µs, render: 4ms)
 POST /api/tasks 201 in 6ms (compile: 1616µs, render: 4ms)
 POST /api/tasks 201 in 4ms (compile: 1297µs, render: 3ms)
 GET /api/tasks 200 in 6ms (compile: 2ms, render: 4ms)
 DELETE /api/tasks/929b70a8-0784-4456-815f-a4b1acf50a75 200 in 9ms (compile: 4ms, render: 5ms)
 DELETE /api/tasks/2a3b8e51-390b-4ff3-8210-8d9c8412301d 200 in 5ms (compile: 1541µs, render: 4ms)
 POST /api/tasks 201 in 4ms (compile: 1313µs, render: 3ms)
 POST /api/tasks 201 in 3ms (compile: 646µs, render: 2ms)
 GET /api/tasks 200 in 6ms (compile: 2ms, render: 4ms)
 DELETE /api/tasks/7c490296-56a7-4cca-8505-16fe1aabeefa 200 in 10ms (compile: 6ms, render: 5ms)
 DELETE /api/tasks/d79c4e22-ddba-4d0b-84b1-d7b1edb41133 200 in 5ms (compile: 1568µs, render: 4ms)
 POST /api/tasks 201 in 5ms (compile: 1419µs, render: 4ms)
 POST /api/tasks 201 in 3ms (compile: 937µs, render: 2ms)
 GET /api/tasks 200 in 6ms (compile: 2ms, render: 4ms)
 DELETE /api/tasks/03fc5bbb-e9be-4963-bc77-4aea2a6a6501 200 in 9ms (compile: 5ms, render: 5ms)
 DELETE /api/tasks/c87cb7dc-d0c2-42e5-a38a-d2a3b0681f69 200 in 6ms (compile: 1739µs, render: 4ms)
 POST /api/tasks 201 in 6ms (compile: 1488µs, render: 4ms)
 POST /api/tasks 201 in 4ms (compile: 1201µs, render: 3ms)
 GET /api/tasks 200 in 6ms (compile: 2ms, render: 4ms)
 DELETE /api/tasks/cab762c1-a7fe-4c05-b127-35a01d9e2c47 200 in 10ms (compile: 6ms, render: 5ms)
 DELETE /api/tasks/7a71f3f6-3893-4c9f-bdac-88ee3233af5a 200 in 5ms (compile: 1585µs, render: 3ms)
 POST /api/tasks 201 in 5ms (compile: 1651µs, render: 4ms)
 POST /api/tasks 201 in 5ms (compile: 1065µs, render: 4ms)
 GET /api/tasks 200 in 6ms (compile: 2ms, render: 4ms)
 DELETE /api/tasks/df3a1624-9902-4c63-86cd-1d07c0deb44f 200 in 10ms (compile: 5ms, render: 5ms)
 DELETE /api/tasks/c1a4f873-697c-432f-a0f1-84142899e939 200 in 5ms (compile: 1261µs, render: 4ms)
 POST /api/tasks 201 in 4ms (compile: 1319µs, render: 3ms)
 POST /api/tasks 201 in 3ms (compile: 958µs, render: 1936µs)
 GET /api/tasks 200 in 6ms (compile: 2ms, render: 4ms)
 DELETE /api/tasks/f099cb44-1324-4047-a9ab-e8a197caac65 200 in 10ms (compile: 5ms, render: 5ms)
 DELETE /api/tasks/32a93009-d332-4e54-a8d4-4f660e0a062f 200 in 5ms (compile: 1595µs, render: 4ms)
 POST /api/tasks 201 in 5ms (compile: 1465µs, render: 3ms)
 POST /api/tasks 201 in 3ms (compile: 879µs, render: 2ms)
 GET /api/tasks 200 in 6ms (compile: 2ms, render: 4ms)
 DELETE /api/tasks/d64c2a7f-3b76-45a7-a4cf-a62524d66fa9 200 in 10ms (compile: 5ms, render: 5ms)
 DELETE /api/tasks/6c904a90-833b-437c-acfb-1435aa7172af 200 in 6ms (compile: 1523µs, render: 4ms)
 POST /api/tasks 201 in 5ms (compile: 1579µs, render: 4ms)
 POST /api/tasks 201 in 2ms (compile: 836µs, render: 1517µs)
 GET /api/tasks 200 in 6ms (compile: 2ms, render: 4ms)
 DELETE /api/tasks/63ae7c99-343f-4490-af06-52f2d96026b2 200 in 9ms (compile: 5ms, render: 4ms)
 DELETE /api/tasks/cd0d4d38-6426-4ec0-b127-ca3561fecc12 200 in 5ms (compile: 1632µs, render: 4ms)
 POST /api/tasks 201 in 5ms (compile: 1595µs, render: 4ms)
 POST /api/tasks 201 in 3ms (compile: 866µs, render: 1992µs)
 GET /api/tasks 200 in 6ms (compile: 2ms, render: 4ms)
 DELETE /api/tasks/22212c92-90b3-4102-9e6e-d9d63594020e 200 in 9ms (compile: 5ms, render: 5ms)
 DELETE /api/tasks/92193f0a-b013-46fb-9fd9-b9b6c272dbf8 200 in 5ms (compile: 1490µs, render: 4ms)
 POST /api/tasks 201 in 5ms (compile: 1527µs, render: 3ms)
 POST /api/tasks 201 in 2ms (compile: 521µs, render: 1698µs)
 GET /api/tasks 200 in 6ms (compile: 2ms, render: 3ms)
 DELETE /api/tasks/2f5b9606-0e95-4387-b9c5-ca4d7bceb107 200 in 10ms (compile: 5ms, render: 5ms)
 DELETE /api/tasks/60129cdd-0bad-4603-9294-1b0b03ba0e89 200 in 5ms (compile: 1566µs, render: 3ms)
 POST /api/tasks 201 in 4ms (compile: 1358µs, render: 3ms)
 POST /api/tasks 201 in 3ms (compile: 918µs, render: 1924µs)
 GET /api/tasks 200 in 6ms (compile: 2ms, render: 4ms)
 DELETE /api/tasks/33a791af-5fea-4a85-a9d9-72cdc6ec6550 200 in 12ms (compile: 7ms, render: 5ms)
 DELETE /api/tasks/d7a4fd9f-1e04-4c94-ab56-e038d799127b 200 in 3ms (compile: 988µs, render: 2ms)
 POST /api/tasks 201 in 3ms (compile: 710µs, render: 2ms)
 POST /api/tasks 201 in 2ms (compile: 546µs, render: 1820µs)
 GET /api/tasks 200 in 6ms (compile: 2ms, render: 4ms)
 DELETE /api/tasks/d2f7539e-d4f2-4a11-bbdd-8f21c1b3d548 200 in 9ms (compile: 5ms, render: 5ms)
 DELETE /api/tasks/f598d8aa-235d-41a7-bcf7-014c28d82bd7 200 in 5ms (compile: 1490µs, render: 4ms)
 POST /api/tasks 201 in 6ms (compile: 1841µs, render: 4ms)
 POST /api/tasks 201 in 5ms (compile: 1451µs, render: 3ms)
 GET /api/tasks 200 in 6ms (compile: 2ms, render: 4ms)
 DELETE /api/tasks/576d4c78-5633-4954-a9b1-fb98b3d66f9c 200 in 9ms (compile: 4ms, render: 4ms)
 DELETE /api/tasks/b5481273-4b34-45ed-b9c7-7cc6846f4ba3 200 in 5ms (compile: 1415µs, render: 3ms)
 POST /api/tasks 201 in 5ms (compile: 1572µs, render: 4ms)
 POST /api/tasks 201 in 4ms (compile: 976µs, render: 3ms)
 GET /api/tasks 200 in 6ms (compile: 2ms, render: 4ms)
 DELETE /api/tasks/acf387e9-d769-4603-a434-50d3f2f404f2 200 in 10ms (compile: 5ms, render: 5ms)
 DELETE /api/tasks/2b2ccb62-c93d-4e1f-ad99-5f8af0d866a2 200 in 5ms (compile: 1493µs, render: 3ms)
 POST /api/tasks 201 in 6ms (compile: 1490µs, render: 4ms)
 POST /api/tasks 201 in 4ms (compile: 1124µs, render: 3ms)
 GET /api/tasks 200 in 6ms (compile: 2ms, render: 3ms)
 DELETE /api/tasks/248c03fb-6462-44e3-8ebd-406215a1c9d4 200 in 9ms (compile: 5ms, render: 5ms)
 DELETE /api/tasks/c46bbef4-0c36-4421-89f0-095fb9c2266c 200 in 5ms (compile: 1534µs, render: 3ms)
 POST /api/tasks 201 in 6ms (compile: 1347µs, render: 4ms)
 POST /api/tasks 201 in 4ms (compile: 1191µs, render: 3ms)
 GET /api/tasks 200 in 6ms (compile: 2ms, render: 4ms)
 DELETE /api/tasks/d03dbb5d-5712-4dc1-9058-52bd8ef10ccc 200 in 9ms (compile: 4ms, render: 5ms)
 DELETE /api/tasks/dd77c4f2-0a64-4f3f-8bd5-20d10467ae51 200 in 5ms (compile: 1503µs, render: 3ms)
 POST /api/tasks 201 in 5ms (compile: 1487µs, render: 3ms)
 POST /api/tasks 201 in 3ms (compile: 804µs, render: 2ms)
 GET /api/tasks 200 in 6ms (compile: 2ms, render: 4ms)
 DELETE /api/tasks/af899624-2cb6-4c4b-887e-aa1662005d63 200 in 9ms (compile: 5ms, render: 4ms)
 DELETE /api/tasks/65fd4b05-b723-42ad-9010-1149b1a76ca4 200 in 5ms (compile: 1613µs, render: 3ms)
 POST /api/tasks 201 in 5ms (compile: 1797µs, render: 4ms)
 POST /api/tasks 201 in 4ms (compile: 972µs, render: 3ms)
 GET /api/tasks 200 in 6ms (compile: 2ms, render: 4ms)
 DELETE /api/tasks/b400676d-eb6d-4c53-8ef5-aa0bf485fe03 200 in 9ms (compile: 5ms, render: 5ms)
 DELETE /api/tasks/bbec9650-19a1-44ad-a5a7-38853e8f2240 200 in 5ms (compile: 1583µs, render: 4ms)
 POST /api/tasks 201 in 5ms (compile: 1472µs, render: 4ms)
 POST /api/tasks 201 in 3ms (compile: 866µs, render: 2ms)
 GET /api/tasks 200 in 6ms (compile: 2ms, render: 4ms)
 DELETE /api/tasks/0bdb04ea-5ce1-4bcd-aa9f-9689119e84b2 200 in 10ms (compile: 5ms, render: 5ms)
 DELETE /api/tasks/f1297030-6c5a-46d2-9a41-fe3d9602474d 200 in 5ms (compile: 1460µs, render: 3ms)
 POST /api/tasks 201 in 5ms (compile: 1253µs, render: 4ms)
 POST /api/tasks 201 in 4ms (compile: 1155µs, render: 3ms)
 GET /api/tasks 200 in 6ms (compile: 2ms, render: 4ms)
 DELETE /api/tasks/10064784-4ed1-4102-b0ba-728be4e49055 200 in 9ms (compile: 5ms, render: 4ms)
 DELETE /api/tasks/3d9e2826-766f-407a-ae73-da0dbba0917f 200 in 5ms (compile: 1415µs, render: 3ms)
 POST /api/tasks 201 in 5ms (compile: 1539µs, render: 4ms)
 POST /api/tasks 201 in 4ms (compile: 1133µs, render: 3ms)
 GET /api/tasks 200 in 6ms (compile: 1763µs, render: 4ms)
 DELETE /api/tasks/63de91c8-ac13-4160-bc7a-0fc85e22c7ca 200 in 9ms (compile: 5ms, render: 4ms)
 DELETE /api/tasks/4540c9a8-3295-4563-8fa4-753680584517 200 in 5ms (compile: 1409µs, render: 3ms)
 POST /api/tasks 201 in 4ms (compile: 1394µs, render: 3ms)
 POST /api/tasks 201 in 3ms (compile: 917µs, render: 2ms)
 GET /api/tasks 200 in 6ms (compile: 2ms, render: 4ms)
 DELETE /api/tasks/43226101-5c6c-414c-b9f5-3f4b2ccc3e4f 200 in 10ms (compile: 6ms, render: 5ms)
 DELETE /api/tasks/20a1bd4c-b390-4d59-aa04-99d7d29f7f25 200 in 6ms (compile: 1539µs, render: 4ms)
 POST /api/tasks 201 in 6ms (compile: 1524µs, render: 4ms)
 POST /api/tasks 201 in 3ms (compile: 974µs, render: 2ms)
 GET /api/tasks 200 in 6ms (compile: 2ms, render: 4ms)
 DELETE /api/tasks/f27c32bc-7283-49df-80eb-1af2a61455e5 200 in 9ms (compile: 5ms, render: 4ms)
 DELETE /api/tasks/0b6a01da-a0bf-4a96-a6c2-dc7145dbe596 200 in 5ms (compile: 1266µs, render: 4ms)
 POST /api/tasks 201 in 4ms (compile: 1443µs, render: 3ms)
 POST /api/tasks 201 in 3ms (compile: 844µs, render: 1870µs)
 GET /api/tasks 200 in 6ms (compile: 2ms, render: 4ms)
 DELETE /api/tasks/13e67478-639f-4946-9b9e-f9936cc63f49 200 in 14ms (compile: 6ms, render: 8ms)
 DELETE /api/tasks/c740d5a0-75f7-49b6-a82a-50978555610d 200 in 3ms (compile: 968µs, render: 2ms)
 POST /api/tasks 201 in 3ms (compile: 761µs, render: 2ms)
 POST /api/tasks 201 in 1899µs (compile: 659µs, render: 1240µs)
 GET /api/tasks 200 in 6ms (compile: 2ms, render: 4ms)
 DELETE /api/tasks/b5cb04d3-a6b8-40a2-b4d3-2d709c33ed07 200 in 9ms (compile: 4ms, render: 5ms)
 DELETE /api/tasks/f2ea2367-be1e-4691-9b9d-f4a9489f41bd 200 in 5ms (compile: 1547µs, render: 3ms)
 POST /api/tasks 201 in 5ms (compile: 1306µs, render: 4ms)
 POST /api/tasks 201 in 3ms (compile: 852µs, render: 2ms)
 GET /api/tasks 200 in 6ms (compile: 2ms, render: 3ms)
 DELETE /api/tasks/32d0ae05-c135-43dd-9604-ff8ad077e9b3 200 in 10ms (compile: 5ms, render: 5ms)
 DELETE /api/tasks/9e75f4e6-9f80-47a5-bc10-b99ac1fcb78e 200 in 5ms (compile: 1526µs, render: 4ms)
 POST /api/tasks 201 in 5ms (compile: 1448µs, render: 4ms)
 POST /api/tasks 201 in 3ms (compile: 929µs, render: 3ms)
 GET /api/tasks 200 in 6ms (compile: 2ms, render: 4ms)
 DELETE /api/tasks/53fd4d79-9b55-4255-9a79-a89d7477538b 200 in 10ms (compile: 5ms, render: 5ms)
 DELETE /api/tasks/a36bfc8d-3337-4ae2-8f27-034a935693d8 200 in 5ms (compile: 1549µs, render: 4ms)
 POST /api/tasks 201 in 5ms (compile: 1532µs, render: 4ms)
 POST /api/tasks 201 in 4ms (compile: 981µs, render: 3ms)
 GET /api/tasks 200 in 6ms (compile: 2ms, render: 4ms)
 DELETE /api/tasks/fc8f3730-7c63-4c62-9b85-221c85dc3647 200 in 10ms (compile: 5ms, render: 5ms)
 DELETE /api/tasks/a33814ec-68a7-4f21-bba1-85293f3e6dcb 200 in 5ms (compile: 1546µs, render: 4ms)
 POST /api/tasks 201 in 6ms (compile: 1452µs, render: 4ms)
 POST /api/tasks 201 in 4ms (compile: 1157µs, render: 3ms)
 GET /api/tasks 200 in 6ms (compile: 2ms, render: 4ms)
 DELETE /api/tasks/13b46658-b121-438c-9372-c69822add06b 200 in 10ms (compile: 4ms, render: 5ms)
 DELETE /api/tasks/5818b0f7-91d5-4886-a7df-384cff417973 200 in 6ms (compile: 1452µs, render: 4ms)
 POST /api/tasks 201 in 5ms (compile: 1575µs, render: 3ms)
 POST /api/tasks 201 in 2ms (compile: 781µs, render: 1606µs)
 GET /api/tasks 200 in 6ms (compile: 2ms, render: 4ms)
 DELETE /api/tasks/15f8d09d-785b-4282-8ece-7f5d2b11396b 200 in 10ms (compile: 6ms, render: 5ms)
 DELETE /api/tasks/ca00948b-d7c4-474b-998a-aab037cabe8c 200 in 5ms (compile: 1512µs, render: 3ms)
 POST /api/tasks 201 in 6ms (compile: 2ms, render: 4ms)
 POST /api/tasks 201 in 4ms (compile: 1281µs, render: 3ms)
 GET /api/tasks 200 in 6ms (compile: 2ms, render: 4ms)
 DELETE /api/tasks/46f119b0-8d00-4441-aea3-e3f59475282e 200 in 11ms (compile: 6ms, render: 5ms)
 DELETE /api/tasks/200cf610-ffba-4bd9-b229-8558626d2778 200 in 6ms (compile: 1738µs, render: 5ms)
 POST /api/tasks 201 in 5ms (compile: 1366µs, render: 3ms)
 POST /api/tasks 201 in 2ms (compile: 622µs, render: 1793µs)
 GET /api/tasks 200 in 6ms (compile: 2ms, render: 3ms)
 DELETE /api/tasks/cb2daaa1-e472-4791-8ffd-4c0e7d3afe8c 200 in 9ms (compile: 4ms, render: 5ms)
 DELETE /api/tasks/e58d729b-e436-4917-af2f-8a3df47959f7 200 in 5ms (compile: 1425µs, render: 3ms)
 POST /api/tasks 201 in 5ms (compile: 1636µs, render: 3ms)
 POST /api/tasks 201 in 3ms (compile: 802µs, render: 2ms)
 GET /api/tasks 200 in 5ms (compile: 1587µs, render: 3ms)
 DELETE /api/tasks/7fd048bf-ce23-4789-b014-da9dcf697d43 200 in 8ms (compile: 4ms, render: 4ms)
 DELETE /api/tasks/3393493b-5829-41dc-acd4-cf6aeac06183 200 in 5ms (compile: 1699µs, render: 3ms)
 POST /api/tasks 201 in 5ms (compile: 1548µs, render: 4ms)
 POST /api/tasks 201 in 3ms (compile: 1034µs, render: 1993µs)
 GET /api/tasks 200 in 5ms (compile: 2ms, render: 3ms)
 DELETE /api/tasks/5488c8ad-ca92-45dc-aa2c-47af362b13f4 200 in 9ms (compile: 4ms, render: 5ms)
 DELETE /api/tasks/444dc8dc-c439-47f2-bfa8-b17eb92fb471 200 in 5ms (compile: 1553µs, render: 4ms)
 POST /api/tasks 201 in 5ms (compile: 1436µs, render: 3ms)
 POST /api/tasks 201 in 2ms (compile: 373µs, render: 1773µs)
 GET /api/tasks 200 in 5ms (compile: 2ms, render: 3ms)
 DELETE /api/tasks/0495f26b-1761-4bbc-82df-999a5a89e5b3 200 in 10ms (compile: 5ms, render: 5ms)
 DELETE /api/tasks/a28d9551-6703-4268-b603-cf265d676600 200 in 6ms (compile: 1760µs, render: 5ms)
 POST /api/tasks 201 in 5ms (compile: 1536µs, render: 4ms)
 POST /api/tasks 201 in 5ms (compile: 1557µs, render: 4ms)
 GET /api/tasks 200 in 6ms (compile: 2ms, render: 4ms)
 DELETE /api/tasks/5dd375a8-6353-49a7-95c3-0b27e53eabbd 200 in 10ms (compile: 5ms, render: 5ms)
 DELETE /api/tasks/6904ec37-87f8-4644-bd31-b7c08c129633 200 in 5ms (compile: 1637µs, render: 4ms)
 POST /api/tasks 201 in 6ms (compile: 1503µs, render: 4ms)
 POST /api/tasks 201 in 4ms (compile: 1235µs, render: 3ms)
 GET /api/tasks 200 in 6ms (compile: 2ms, render: 4ms)
 DELETE /api/tasks/b07297be-db5a-44dd-8fb3-13540d9c9fd9 200 in 12ms (compile: 5ms, render: 7ms)
 DELETE /api/tasks/61e7b152-8c10-4fec-8f04-61b25884da6c 200 in 3ms (compile: 950µs, render: 2ms)
 POST /api/tasks 201 in 3ms (compile: 616µs, render: 1993µs)
 POST /api/tasks 201 in 2ms (compile: 493µs, render: 1566µs)
 GET /api/tasks 200 in 6ms (compile: 2ms, render: 4ms)
 DELETE /api/tasks/a9f8ed81-4fcb-42bc-b22e-f2568b1890ff 200 in 9ms (compile: 5ms, render: 5ms)
 DELETE /api/tasks/8661af91-883c-4fc3-bae5-9b2223156534 200 in 5ms (compile: 1435µs, render: 3ms)
 POST /api/tasks 201 in 5ms (compile: 1536µs, render: 4ms)
 POST /api/tasks 201 in 4ms (compile: 1049µs, render: 3ms)
 GET /api/tasks 200 in 6ms (compile: 2ms, render: 4ms)
 DELETE /api/tasks/d2113718-71f7-4094-ba82-9235fb47a92c 200 in 10ms (compile: 5ms, render: 5ms)
 DELETE /api/tasks/a08f78ef-2702-43dd-8586-69546fc91023 200 in 5ms (compile: 1465µs, render: 3ms)
 POST /api/tasks 201 in 5ms (compile: 1263µs, render: 4ms)
 POST /api/tasks 201 in 4ms (compile: 1044µs, render: 3ms)
 GET /api/tasks 200 in 6ms (compile: 2ms, render: 4ms)
 DELETE /api/tasks/5f72674d-8bb4-41e0-8349-2f3630201f77 200 in 10ms (compile: 5ms, render: 5ms)
 DELETE /api/tasks/cf2bfa45-5dad-4a38-801e-387906b9a606 200 in 5ms (compile: 1622µs, render: 4ms)
 POST /api/tasks 201 in 6ms (compile: 1474µs, render: 4ms)
 POST /api/tasks 201 in 4ms (compile: 1041µs, render: 3ms)
 GET /api/tasks 200 in 6ms (compile: 2ms, render: 4ms)
 DELETE /api/tasks/20519813-e9cd-4a65-bbaa-17b36ebabade 200 in 10ms (compile: 5ms, render: 5ms)
 DELETE /api/tasks/9b364ab1-4086-4914-865e-61cc57e4c642 200 in 5ms (compile: 1568µs, render: 3ms)
 POST /api/tasks 201 in 6ms (compile: 1396µs, render: 4ms)
 POST /api/tasks 201 in 4ms (compile: 1217µs, render: 3ms)
 GET /api/tasks 200 in 6ms (compile: 2ms, render: 4ms)
 DELETE /api/tasks/dd9ab1bd-380f-415c-91cc-53fbc456e1ef 200 in 8ms (compile: 4ms, render: 4ms)
 DELETE /api/tasks/3ba2bb59-3d3a-45e6-a311-94f57f5f898e 200 in 5ms (compile: 1475µs, render: 3ms)
 POST /api/tasks 201 in 5ms (compile: 1668µs, render: 4ms)
 POST /api/tasks 201 in 3ms (compile: 944µs, render: 2ms)
 GET /api/tasks 200 in 6ms (compile: 2ms, render: 4ms)
 DELETE /api/tasks/4fe18f6b-e7ff-4b0c-aa57-9b874e8da752 200 in 10ms (compile: 5ms, render: 4ms)
 DELETE /api/tasks/9171c192-777f-40f7-a0dd-3b908e2b694a 200 in 5ms (compile: 1623µs, render: 4ms)
 POST /api/tasks 201 in 5ms (compile: 1931µs, render: 3ms)
 POST /api/tasks 201 in 4ms (compile: 889µs, render: 3ms)
 GET /api/tasks 200 in 6ms (compile: 2ms, render: 4ms)
 DELETE /api/tasks/22663dc6-14c8-48bd-a9d2-075228111ff1 200 in 10ms (compile: 5ms, render: 5ms)
 DELETE /api/tasks/fb4614be-9343-4371-a453-d9cdea70403d 200 in 5ms (compile: 1450µs, render: 4ms)
 POST /api/tasks 201 in 6ms (compile: 1375µs, render: 4ms)
 POST /api/tasks 201 in 5ms (compile: 1267µs, render: 3ms)
 GET /api/tasks 200 in 6ms (compile: 2ms, render: 3ms)
 DELETE /api/tasks/0788821e-6d04-4b5f-b4d6-b2c367ee4b2f 200 in 10ms (compile: 5ms, render: 5ms)
 DELETE /api/tasks/55494591-351d-4c5c-a74d-5d3f1eca7fa6 200 in 5ms (compile: 1427µs, render: 3ms)
 POST /api/tasks 201 in 4ms (compile: 1723µs, render: 3ms)
 POST /api/tasks 201 in 3ms (compile: 700µs, render: 2ms)
 GET /api/tasks 200 in 6ms (compile: 2ms, render: 4ms)
 DELETE /api/tasks/af820458-eb55-44dd-8bf0-4dc3974e030a 200 in 10ms (compile: 5ms, render: 4ms)
 DELETE /api/tasks/3cfbc175-5b6c-4133-90d5-cd178615d830 200 in 5ms (compile: 1468µs, render: 4ms)
 POST /api/tasks 201 in 5ms (compile: 1403µs, render: 4ms)
 POST /api/tasks 201 in 3ms (compile: 940µs, render: 2ms)
 GET /api/tasks 200 in 7ms (compile: 2ms, render: 4ms)
 DELETE /api/tasks/e0914f8d-6fe8-49ae-a241-bf3840a75316 200 in 9ms (compile: 5ms, render: 4ms)
 DELETE /api/tasks/34c46964-4d9e-4c8b-9b5e-e1bfecae4043 200 in 5ms (compile: 1428µs, render: 4ms)
 POST /api/tasks 201 in 6ms (compile: 1793µs, render: 4ms)
 POST /api/tasks 201 in 3ms (compile: 1386µs, render: 2ms)
 GET /api/tasks 200 in 6ms (compile: 2ms, render: 4ms)
 DELETE /api/tasks/bb8da087-2eb0-4f21-ba3d-f410f1cc2c75 200 in 10ms (compile: 5ms, render: 5ms)
 DELETE /api/tasks/48091bea-42ad-4e46-a5c7-d4f97be380d9 200 in 5ms (compile: 1556µs, render: 4ms)
 POST /api/tasks 201 in 6ms (compile: 1617µs, render: 4ms)
 POST /api/tasks 201 in 4ms (compile: 1276µs, render: 3ms)
 GET /api/tasks 200 in 6ms (compile: 2ms, render: 4ms)
 DELETE /api/tasks/ade5381f-f133-4445-b121-43d55db4339a 200 in 10ms (compile: 5ms, render: 5ms)
 DELETE /api/tasks/9b719118-01aa-4cec-8a08-2a05f6e3b146 200 in 5ms (compile: 1628µs, render: 3ms)
 POST /api/tasks 201 in 5ms (compile: 1509µs, render: 4ms)
 POST /api/tasks 201 in 3ms (compile: 916µs, render: 2ms)
 GET /api/tasks 200 in 6ms (compile: 2ms, render: 4ms)
 DELETE /api/tasks/629de494-d76f-4ee4-b734-797a5de253be 200 in 11ms (compile: 6ms, render: 5ms)
 DELETE /api/tasks/ccc214c5-cedb-4873-93f7-21d8d2867439 200 in 3ms (compile: 545µs, render: 2ms)
 POST /api/tasks 201 in 3ms (compile: 706µs, render: 2ms)
 POST /api/tasks 201 in 3ms (compile: 675µs, render: 2ms)
 GET /api/tasks 200 in 6ms (compile: 2ms, render: 4ms)
 DELETE /api/tasks/9199d180-1afc-43ab-ba0d-d1d4c7bf90e8 200 in 9ms (compile: 4ms, render: 4ms)
 DELETE /api/tasks/53c5d734-78c0-48ed-a9b5-c392ebaad7b4 200 in 5ms (compile: 1305µs, render: 3ms)
 POST /api/tasks 201 in 6ms (compile: 1426µs, render: 4ms)
 POST /api/tasks 201 in 4ms (compile: 1337µs, render: 3ms)
 GET /api/tasks 200 in 6ms (compile: 2ms, render: 4ms)
 DELETE /api/tasks/4ad07ef6-d38f-4b34-91a3-b7476625dff2 200 in 9ms (compile: 5ms, render: 4ms)
 DELETE /api/tasks/7d94106f-4fd9-45f3-a063-811e00cdbb0a 200 in 5ms (compile: 1671µs, render: 4ms)
 POST /api/tasks 201 in 5ms (compile: 1528µs, render: 4ms)
 POST /api/tasks 201 in 3ms (compile: 1063µs, render: 1971µs)
 GET /api/tasks 200 in 5ms (compile: 2ms, render: 3ms)
 DELETE /api/tasks/434976b5-929a-478c-a5ef-8f7cfe6950c6 200 in 10ms (compile: 5ms, render: 5ms)
 DELETE /api/tasks/33e0608b-2b2a-4fb9-8d3a-34087f56c95f 200 in 5ms (compile: 1543µs, render: 4ms)
 POST /api/tasks 201 in 5ms (compile: 1715µs, render: 3ms)
 POST /api/tasks 201 in 2ms (compile: 710µs, render: 1307µs)
 GET /api/tasks 200 in 6ms (compile: 2ms, render: 3ms)
 DELETE /api/tasks/50e6a82b-0505-4c7f-8759-e15e33eb6f34 200 in 9ms (compile: 4ms, render: 4ms)
 DELETE /api/tasks/a8dae60f-b57f-4bcf-9263-25a3c4296e4b 200 in 5ms (compile: 1438µs, render: 3ms)
 POST /api/tasks 201 in 5ms (compile: 1530µs, render: 3ms)
 POST /api/tasks 201 in 3ms (compile: 728µs, render: 1845µs)
 GET /api/tasks 200 in 6ms (compile: 2ms, render: 4ms)
 DELETE /api/tasks/a8b999a4-9178-40db-a879-e3a31b15dabc 200 in 10ms (compile: 5ms, render: 5ms)
 DELETE /api/tasks/99af7ced-a8d4-4013-a0dc-af2e582f65e0 200 in 5ms (compile: 1523µs, render: 3ms)
 POST /api/tasks 201 in 5ms (compile: 1408µs, render: 4ms)
 POST /api/tasks 201 in 1917µs (compile: 658µs, render: 1259µs)
 GET /api/tasks 200 in 6ms (compile: 2ms, render: 4ms)
 DELETE /api/tasks/664533a7-a3bb-4b48-9c6b-1cf79b2169af 200 in 10ms (compile: 5ms, render: 5ms)
 DELETE /api/tasks/453c3832-5d2b-4065-b708-1198671fd806 200 in 6ms (compile: 1761µs, render: 4ms)
 POST /api/tasks 201 in 5ms (compile: 1504µs, render: 3ms)
 POST /api/tasks 201 in 3ms (compile: 782µs, render: 3ms)
 GET /api/tasks 200 in 6ms (compile: 2ms, render: 4ms)
 DELETE /api/tasks/2d8dade3-5575-4d7a-8752-c7c28d0c3a53 200 in 10ms (compile: 6ms, render: 5ms)
 DELETE /api/tasks/5e5f6ba3-1906-427f-9992-f825c916a118 200 in 5ms (compile: 1578µs, render: 4ms)
 POST /api/tasks 201 in 6ms (compile: 1459µs, render: 4ms)
 POST /api/tasks 201 in 4ms (compile: 1069µs, render: 3ms)
 GET /api/tasks 200 in 6ms (compile: 2ms, render: 4ms)
 DELETE /api/tasks/f10718fd-512f-4e27-bffc-5b7fe2ec2c87 200 in 8ms (compile: 4ms, render: 4ms)
 DELETE /api/tasks/ed59da96-d45f-4a26-ab5c-6267731a782e 200 in 5ms (compile: 1435µs, render: 3ms)
 POST /api/tasks 201 in 5ms (compile: 1222µs, render: 4ms)
 POST /api/tasks 201 in 4ms (compile: 1148µs, render: 3ms)
 GET /api/tasks 200 in 6ms (compile: 2ms, render: 4ms)
 DELETE /api/tasks/7d885b8b-d1d8-4491-b683-168e18fc8df4 200 in 9ms (compile: 5ms, render: 4ms)
 DELETE /api/tasks/d0dfc022-23ea-48a9-b37c-59250d5a8679 200 in 5ms (compile: 1434µs, render: 3ms)
 POST /api/tasks 201 in 5ms (compile: 1345µs, render: 4ms)
 POST /api/tasks 201 in 4ms (compile: 1149µs, render: 3ms)
 GET /api/tasks 200 in 6ms (compile: 2ms, render: 4ms)
 DELETE /api/tasks/122191f7-a5f9-4530-b56f-f86b974bc996 200 in 9ms (compile: 5ms, render: 4ms)
 DELETE /api/tasks/4b98fd33-1b75-4dc9-ba49-9bbea434a1b4 200 in 5ms (compile: 1370µs, render: 3ms)
 POST /api/tasks 201 in 5ms (compile: 1277µs, render: 4ms)
 POST /api/tasks 201 in 4ms (compile: 1111µs, render: 3ms)
 GET /api/tasks 200 in 6ms (compile: 2ms, render: 4ms)
 DELETE /api/tasks/87b11559-639f-4493-9c09-2e99ae3f1b41 200 in 10ms (compile: 5ms, render: 5ms)
 DELETE /api/tasks/169b5d08-dc3c-4c08-83fb-1c9b058bc668 200 in 5ms (compile: 1509µs, render: 3ms)
 POST /api/tasks 201 in 6ms (compile: 1467µs, render: 4ms)
 POST /api/tasks 201 in 4ms (compile: 1236µs, render: 3ms)
 GET /api/tasks 200 in 6ms (compile: 2ms, render: 4ms)
 DELETE /api/tasks/685353c3-b369-4119-8bd9-7d143d097849 200 in 9ms (compile: 5ms, render: 4ms)
 DELETE /api/tasks/0d7e396f-36f4-4276-9652-d7dd730fca23 200 in 5ms (compile: 1535µs, render: 4ms)
 POST /api/tasks 201 in 5ms (compile: 1347µs, render: 4ms)
 POST /api/tasks 201 in 4ms (compile: 1128µs, render: 3ms)
 GET /api/tasks 200 in 6ms (compile: 2ms, render: 4ms)
 DELETE /api/tasks/1f6e6e90-43c5-472e-8114-f572197be097 200 in 14ms (compile: 6ms, render: 9ms)
 DELETE /api/tasks/e41742be-db9c-4468-89da-b2204b0a368b 200 in 3ms (compile: 971µs, render: 2ms)
 POST /api/tasks 201 in 3ms (compile: 650µs, render: 2ms)
 POST /api/tasks 201 in 3ms (compile: 766µs, render: 1894µs)
 GET /api/tasks 200 in 4ms (compile: 1804µs, render: 2ms)
 DELETE /api/tasks/71419ef1-9eb4-44f7-a0a3-5166617c3f8f 200 in 8ms (compile: 3ms, render: 4ms)
 DELETE /api/tasks/b469560f-1dc7-456c-9a19-5bebcb2372b6 200 in 4ms (compile: 1097µs, render: 3ms)
 POST /api/tasks 201 in 4ms (compile: 855µs, render: 3ms)
 POST /api/tasks 201 in 4ms (compile: 1065µs, render: 3ms)
 GET /api/tasks 200 in 6ms (compile: 2ms, render: 4ms)
 DELETE /api/tasks/4a28fad9-126c-4879-aa58-76acd32320db 200 in 10ms (compile: 5ms, render: 5ms)
 DELETE /api/tasks/c8250a0f-e168-4697-adbf-fcf37722f4d2 200 in 5ms (compile: 1460µs, render: 3ms)
 POST /api/tasks 201 in 6ms (compile: 1245µs, render: 4ms)
 POST /api/tasks 201 in 5ms (compile: 1298µs, render: 3ms)
 GET /api/tasks 200 in 6ms (compile: 2ms, render: 4ms)
 DELETE /api/tasks/2fac7fd8-7f17-4198-b55b-60a6bb7954e9 200 in 9ms (compile: 5ms, render: 5ms)
 DELETE /api/tasks/aa5daf2b-c317-456a-9ab1-670528c7299d 200 in 5ms (compile: 1473µs, render: 4ms)
 POST /api/tasks 201 in 6ms (compile: 1419µs, render: 4ms)
 POST /api/tasks 201 in 4ms (compile: 1115µs, render: 3ms)
 GET /api/tasks 200 in 6ms (compile: 2ms, render: 4ms)
 DELETE /api/tasks/64758a45-ff5e-44b4-a1a6-598ff86db19d 200 in 10ms (compile: 5ms, render: 4ms)
 DELETE /api/tasks/113c5c83-7e8a-4302-8f53-bbfd7f13d884 200 in 5ms (compile: 1506µs, render: 3ms)
 POST /api/tasks 201 in 6ms (compile: 1440µs, render: 4ms)
 POST /api/tasks 201 in 4ms (compile: 1157µs, render: 3ms)
 GET /api/tasks 200 in 6ms (compile: 2ms, render: 4ms)
 DELETE /api/tasks/9d499709-15ca-4973-84a5-d351450bdd5f 200 in 9ms (compile: 4ms, render: 4ms)
 DELETE /api/tasks/32058c23-e297-4450-8e90-d8232ec4eb7c 200 in 5ms (compile: 1495µs, render: 3ms)
 POST /api/tasks 201 in 5ms (compile: 1343µs, render: 4ms)
 POST /api/tasks 201 in 4ms (compile: 1188µs, render: 3ms)
 GET /api/tasks 200 in 6ms (compile: 2ms, render: 3ms)
 DELETE /api/tasks/d621e66c-b0c4-4856-b7bc-2882fcb3216d 200 in 9ms (compile: 5ms, render: 4ms)
 DELETE /api/tasks/f37d7dd5-0141-42b3-900e-f4fff3c4165d 200 in 5ms (compile: 1627µs, render: 4ms)
 POST /api/tasks 201 in 5ms (compile: 1731µs, render: 3ms)
 POST /api/tasks 201 in 3ms (compile: 933µs, render: 2ms)
 GET /api/tasks 200 in 6ms (compile: 2ms, render: 4ms)
 DELETE /api/tasks/e57bba3b-dd36-4d98-904f-e1551eebca47 200 in 9ms (compile: 4ms, render: 5ms)
 DELETE /api/tasks/fa3c727f-7ff9-4ce3-927f-772f43b78d3f 200 in 5ms (compile: 1365µs, render: 3ms)
 POST /api/tasks 201 in 5ms (compile: 1563µs, render: 4ms)
 POST /api/tasks 201 in 3ms (compile: 950µs, render: 2ms)
 GET /api/tasks 200 in 6ms (compile: 2ms, render: 4ms)
 DELETE /api/tasks/7f7af07f-1dc5-4c41-a28e-373763401ea0 200 in 10ms (compile: 5ms, render: 5ms)
 DELETE /api/tasks/87fc6ac6-6d56-479e-bb10-219cedd4fd5b 200 in 5ms (compile: 1436µs, render: 4ms)
 POST /api/tasks 201 in 6ms (compile: 1758µs, render: 4ms)
 POST /api/tasks 201 in 3ms (compile: 945µs, render: 1819µs)
 GET /api/tasks 200 in 6ms (compile: 2ms, render: 3ms)
 DELETE /api/tasks/a550d243-3be5-492f-b434-411380be40da 200 in 9ms (compile: 4ms, render: 5ms)
 DELETE /api/tasks/ccba11d1-f67c-4189-8e41-731b4a555402 200 in 5ms (compile: 1463µs, render: 4ms)
 POST /api/tasks 201 in 6ms (compile: 1324µs, render: 4ms)
 POST /api/tasks 201 in 4ms (compile: 1158µs, render: 3ms)
 GET /api/tasks 200 in 6ms (compile: 2ms, render: 4ms)
 DELETE /api/tasks/c1a467bd-7d8a-4b8d-9c7b-6cc1a6247c89 200 in 9ms (compile: 5ms, render: 5ms)
 DELETE /api/tasks/0b3c82bc-eec7-45c5-b1ac-ee50a1ad3270 200 in 6ms (compile: 1729µs, render: 4ms)
 POST /api/tasks 201 in 5ms (compile: 1487µs, render: 3ms)
 POST /api/tasks 201 in 3ms (compile: 762µs, render: 1985µs)
 GET /api/tasks 200 in 6ms (compile: 2ms, render: 4ms)
 DELETE /api/tasks/8a4a2365-8887-45de-b608-d869e077e5ff 200 in 9ms (compile: 5ms, render: 4ms)
 DELETE /api/tasks/c3365098-76ff-4f60-b836-15f55d18e53b 200 in 5ms (compile: 1510µs, render: 3ms)
 POST /api/tasks 201 in 5ms (compile: 1275µs, render: 4ms)
 POST /api/tasks 201 in 3ms (compile: 1205µs, render: 2ms)
 GET /api/tasks 200 in 6ms (compile: 2ms, render: 3ms)
 DELETE /api/tasks/2875cdf1-d18e-4b8f-b612-cca922fc82f3 200 in 9ms (compile: 5ms, render: 4ms)
 DELETE /api/tasks/5b3210ca-4a19-4c6c-a5e0-afb2bd847012 200 in 5ms (compile: 1531µs, render: 3ms)
 POST /api/tasks 201 in 5ms (compile: 1375µs, render: 4ms)
 POST /api/tasks 201 in 4ms (compile: 1153µs, render: 3ms)
 GET /api/tasks 200 in 6ms (compile: 2ms, render: 4ms)
 DELETE /api/tasks/b46d389c-8fc9-4d80-9760-0f68db15b914 200 in 11ms (compile: 5ms, render: 6ms)
 DELETE /api/tasks/3cf969d4-4fd6-4db6-85a6-2e892501e645 200 in 3ms (compile: 999µs, render: 2ms)
 POST /api/tasks 201 in 3ms (compile: 711µs, render: 2ms)
 POST /api/tasks 201 in 2ms (compile: 532µs, render: 1688µs)
 GET /api/tasks 200 in 6ms (compile: 2ms, render: 4ms)
 DELETE /api/tasks/d42184fd-2356-45e8-80fa-4ddf9bceccb4 200 in 10ms (compile: 5ms, render: 5ms)
 DELETE /api/tasks/c8c13cb1-ee41-488a-88ba-6fcd3128f834 200 in 5ms (compile: 1453µs, render: 3ms)
 POST /api/tasks 201 in 4ms (compile: 1737µs, render: 2ms)
 POST /api/tasks 201 in 3ms (compile: 1019µs, render: 1988µs)
 GET /api/tasks 200 in 6ms (compile: 1891µs, render: 4ms)
 DELETE /api/tasks/711aa9ae-a019-4362-bd9a-f4376de24c7f 200 in 10ms (compile: 5ms, render: 4ms)
 DELETE /api/tasks/7dce7114-3dca-4724-a60d-6fc2d3e396af 200 in 5ms (compile: 2ms, render: 3ms)
 POST /api/tasks 201 in 5ms (compile: 1713µs, render: 4ms)
 POST /api/tasks 201 in 3ms (compile: 674µs, render: 2ms)
 GET /api/tasks 200 in 6ms (compile: 2ms, render: 4ms)
 DELETE /api/tasks/790d289f-d4b1-40ca-95b0-0d489a385f77 200 in 9ms (compile: 5ms, render: 5ms)
 DELETE /api/tasks/5451f4a2-92ce-439c-9b8a-6a5f3eb0291e 200 in 5ms (compile: 1343µs, render: 4ms)
 POST /api/tasks 201 in 4ms (compile: 1202µs, render: 3ms)
 POST /api/tasks 201 in 3ms (compile: 621µs, render: 2ms)
 GET /api/tasks 200 in 6ms (compile: 2ms, render: 4ms)
 DELETE /api/tasks/6377820f-02e0-4d16-a971-3ef1df0edf71 200 in 9ms (compile: 5ms, render: 4ms)
 DELETE /api/tasks/641dff7c-97a0-43a9-a97c-e9201e08eb88 200 in 6ms (compile: 1713µs, render: 4ms)
 POST /api/tasks 201 in 5ms (compile: 1467µs, render: 3ms)
 POST /api/tasks 201 in 3ms (compile: 783µs, render: 1771µs)
 GET /api/tasks 200 in 6ms (compile: 2ms, render: 4ms)
 DELETE /api/tasks/248f9c13-0598-47aa-95a1-6873959b5aad 200 in 9ms (compile: 5ms, render: 4ms)
 DELETE /api/tasks/3f2f2c30-07b5-4134-8029-0bff6fdf6f3e 200 in 5ms (compile: 1619µs, render: 4ms)
 POST /api/tasks 201 in 6ms (compile: 1942µs, render: 4ms)
 POST /api/tasks 201 in 3ms (compile: 961µs, render: 1979µs)
 GET /api/tasks 200 in 6ms (compile: 2ms, render: 4ms)
 DELETE /api/tasks/6fe05c54-635f-4047-8194-ad105929844f 200 in 12ms (compile: 6ms, render: 6ms)
 DELETE /api/tasks/91db0027-8402-4bec-95e5-48fae95f95a2 200 in 3ms (compile: 737µs, render: 2ms)
 POST /api/tasks 201 in 3ms (compile: 725µs, render: 1800µs)
 POST /api/tasks 201 in 1801µs (compile: 545µs, render: 1256µs)
 GET /api/tasks 200 in 7ms (compile: 3ms, render: 4ms)
 DELETE /api/tasks/a58c9593-ccc0-4204-bc06-0078a5613a80 200 in 10ms (compile: 5ms, render: 4ms)
 DELETE /api/tasks/d4f8915e-b1fb-4e4f-ab72-754c4d0a8dae 200 in 5ms (compile: 1445µs, render: 3ms)
 POST /api/tasks 201 in 5ms (compile: 1283µs, render: 4ms)
 POST /api/tasks 201 in 4ms (compile: 1152µs, render: 3ms)
 GET /api/tasks 200 in 6ms (compile: 2ms, render: 4ms)
 DELETE /api/tasks/cc0de1b8-9310-4fd0-b12d-cc48313e2cbc 200 in 10ms (compile: 5ms, render: 4ms)
 DELETE /api/tasks/7d92ae84-9f6d-4e10-a11d-255600fd03a4 200 in 5ms (compile: 1433µs, render: 4ms)
 POST /api/tasks 201 in 6ms (compile: 1471µs, render: 4ms)
 POST /api/tasks 201 in 4ms (compile: 1133µs, render: 3ms)
 GET /api/tasks 200 in 6ms (compile: 2ms, render: 4ms)
 DELETE /api/tasks/bccc9b71-1db1-43ce-a72a-0e61557677f8 200 in 9ms (compile: 5ms, render: 4ms)
 DELETE /api/tasks/2d6cc131-f931-49df-82f5-002cb2cce176 200 in 5ms (compile: 1447µs, render: 3ms)
 POST /api/tasks 201 in 6ms (compile: 1297µs, render: 4ms)
 POST /api/tasks 201 in 4ms (compile: 1201µs, render: 3ms)
 GET /api/tasks 200 in 6ms (compile: 2ms, render: 4ms)
 DELETE /api/tasks/698e2569-2ab3-4955-b0d5-811e071cc7e0 200 in 8ms (compile: 4ms, render: 4ms)
 DELETE /api/tasks/2212f5b9-2c0e-4901-ba84-8a112bf322d7 200 in 5ms (compile: 1475µs, render: 4ms)
 POST /api/tasks 201 in 5ms (compile: 1493µs, render: 4ms)
 POST /api/tasks 201 in 3ms (compile: 941µs, render: 2ms)
 GET /api/tasks 200 in 6ms (compile: 2ms, render: 4ms)
 DELETE /api/tasks/ef8685d0-5b0d-4119-a52f-99ab82b493b3 200 in 10ms (compile: 6ms, render: 5ms)
 DELETE /api/tasks/24894f2e-3c21-4bcb-b797-bf008795e278 200 in 5ms (compile: 1560µs, render: 4ms)
 POST /api/tasks 201 in 6ms (compile: 1501µs, render: 4ms)
 POST /api/tasks 201 in 4ms (compile: 1215µs, render: 3ms)
 GET /api/tasks 200 in 6ms (compile: 2ms, render: 4ms)
 DELETE /api/tasks/e5f1cf0a-40c0-448a-b56a-aded652a7c57 200 in 9ms (compile: 5ms, render: 4ms)
 DELETE /api/tasks/06fdf867-1904-42d8-9b02-77d2b4826396 200 in 5ms (compile: 1568µs, render: 4ms)
 POST /api/tasks 201 in 6ms (compile: 2ms, render: 4ms)
 POST /api/tasks 201 in 4ms (compile: 1049µs, render: 3ms)
 GET /api/tasks 200 in 6ms (compile: 2ms, render: 4ms)
 DELETE /api/tasks/d95d189e-b0a3-4ad6-b4c4-86b5762cb2c5 200 in 9ms (compile: 5ms, render: 4ms)
 DELETE /api/tasks/dda98a09-f791-4bb5-97d7-abbdd2b4bd0a 200 in 5ms (compile: 1345µs, render: 3ms)
 POST /api/tasks 201 in 6ms (compile: 1252µs, render: 5ms)
 POST /api/tasks 201 in 4ms (compile: 1126µs, render: 3ms)
 GET /api/tasks 200 in 5ms (compile: 2ms, render: 3ms)
 DELETE /api/tasks/78bbc76f-205b-44ea-8aff-161b9ff91084 200 in 10ms (compile: 5ms, render: 5ms)
 DELETE /api/tasks/cef182e4-926b-4469-a10b-51e7f2e2615b 200 in 5ms (compile: 1677µs, render: 3ms)
 POST /api/tasks 201 in 6ms (compile: 1798µs, render: 4ms)
 POST /api/tasks 201 in 4ms (compile: 1008µs, render: 3ms)
 GET /api/tasks 200 in 6ms (compile: 2ms, render: 4ms)
 DELETE /api/tasks/4cc89e11-ead7-4364-9639-2e03385d8b4d 200 in 9ms (compile: 4ms, render: 5ms)
 DELETE /api/tasks/d21a4c9c-8947-4d01-8f26-6857b6cb0596 200 in 5ms (compile: 1432µs, render: 4ms)
 POST /api/tasks 201 in 5ms (compile: 1319µs, render: 4ms)
 POST /api/tasks 201 in 4ms (compile: 1242µs, render: 3ms)
 GET /api/tasks 200 in 6ms (compile: 2ms, render: 4ms)
 DELETE /api/tasks/a935fe03-17bc-4dfb-bcc2-8343005d8530 200 in 9ms (compile: 4ms, render: 4ms)
 DELETE /api/tasks/31a508f4-9bd8-4e8f-9537-25efacbfa53d 200 in 5ms (compile: 1461µs, render: 3ms)
 POST /api/tasks 201 in 5ms (compile: 1367µs, render: 4ms)
 POST /api/tasks 201 in 5ms (compile: 1309µs, render: 3ms)
 GET /api/tasks 200 in 4ms (compile: 1363µs, render: 2ms)
 DELETE /api/tasks/ac419f1e-2ece-4b5c-bd3b-cd6eae29c062 200 in 7ms (compile: 4ms, render: 3ms)
 DELETE /api/tasks/204f9094-3ee5-426a-9205-e308c6013c4a 200 in 4ms (compile: 1120µs, render: 3ms)
 POST /api/tasks 201 in 4ms (compile: 956µs, render: 3ms)
 POST /api/tasks 201 in 4ms (compile: 919µs, render: 3ms)
 GET /api/tasks 200 in 6ms (compile: 2ms, render: 4ms)
 DELETE /api/tasks/a8320110-15a6-4a69-8164-c421387f19c4 200 in 10ms (compile: 5ms, render: 5ms)
 DELETE /api/tasks/ee015ee5-9739-4b4e-88c8-2956e234d5bc 200 in 5ms (compile: 1589µs, render: 4ms)
 POST /api/tasks 201 in 6ms (compile: 1517µs, render: 4ms)
 POST /api/tasks 201 in 4ms (compile: 1263µs, render: 3ms)
 GET /api/tasks 200 in 6ms (compile: 2ms, render: 4ms)
 DELETE /api/tasks/9633b763-7fec-4e47-b3c2-84dd9278301f 200 in 12ms (compile: 6ms, render: 6ms)
 DELETE /api/tasks/90264559-5c5a-48e8-9d61-73317c4876e5 200 in 3ms (compile: 655µs, render: 3ms)
 POST /api/tasks 201 in 2ms (compile: 572µs, render: 1719µs)
 POST /api/tasks 201 in 2ms (compile: 514µs, render: 1688µs)
 GET /api/tasks 200 in 6ms (compile: 2ms, render: 4ms)
 DELETE /api/tasks/d780d2d5-1490-43b4-b03e-832b5b8e4800 200 in 9ms (compile: 5ms, render: 4ms)
 DELETE /api/tasks/d5915d65-7e31-4660-a991-9c4c8308c16c 200 in 5ms (compile: 1322µs, render: 3ms)
 POST /api/tasks 201 in 4ms (compile: 1461µs, render: 2ms)
 POST /api/tasks 201 in 1895µs (compile: 565µs, render: 1330µs)
 GET /api/tasks 200 in 6ms (compile: 2ms, render: 4ms)
 DELETE /api/tasks/0506215e-8ef4-48c5-b04d-3e41cd5b9956 200 in 9ms (compile: 4ms, render: 4ms)
 DELETE /api/tasks/b28b93f8-36ce-4243-a12e-6699ee0ff394 200 in 5ms (compile: 1412µs, render: 3ms)
 POST /api/tasks 201 in 5ms (compile: 1530µs, render: 3ms)
 POST /api/tasks 201 in 2ms (compile: 835µs, render: 1376µs)
 GET /api/tasks 200 in 6ms (compile: 2ms, render: 4ms)
 DELETE /api/tasks/d023088e-a709-4536-b1dc-92b0760a7081 200 in 10ms (compile: 5ms, render: 5ms)
 DELETE /api/tasks/c0012a7c-8461-486e-a219-cbfcbe38fd2e 200 in 6ms (compile: 1763µs, render: 5ms)
 POST /api/tasks 201 in 5ms (compile: 1681µs, render: 3ms)
 POST /api/tasks 201 in 3ms (compile: 480µs, render: 2ms)
 GET /api/tasks 200 in 6ms (compile: 2ms, render: 4ms)
 DELETE /api/tasks/485f6d99-188e-43fb-a264-bc7db3562981 200 in 10ms (compile: 5ms, render: 5ms)
 DELETE /api/tasks/70dfe2b6-8d95-484c-a082-ecf13402bb4b 200 in 5ms (compile: 1538µs, render: 3ms)
 POST /api/tasks 201 in 5ms (compile: 1426µs, render: 4ms)
 POST /api/tasks 201 in 4ms (compile: 1175µs, render: 3ms)
 GET /api/tasks 200 in 6ms (compile: 2ms, render: 4ms)
 DELETE /api/tasks/64dea31c-8d0f-4290-8481-d3bed7937cce 200 in 9ms (compile: 5ms, render: 4ms)
 DELETE /api/tasks/f5b2f0ac-d502-4ba1-bd0e-f60fa846b87e 200 in 5ms (compile: 1472µs, render: 3ms)
 POST /api/tasks 201 in 6ms (compile: 1676µs, render: 4ms)
 POST /api/tasks 201 in 4ms (compile: 1120µs, render: 3ms)
 GET /api/tasks 200 in 6ms (compile: 2ms, render: 4ms)
 DELETE /api/tasks/ad533f8d-3a0f-40c4-af30-0b7ba7907572 200 in 10ms (compile: 6ms, render: 5ms)
 DELETE /api/tasks/8b3a7bbf-e0d3-4234-9a1c-a20e1595f793 200 in 6ms (compile: 1632µs, render: 4ms)
 POST /api/tasks 201 in 6ms (compile: 3ms, render: 3ms)
 POST /api/tasks 201 in 3ms (compile: 792µs, render: 2ms)
 GET /api/tasks 200 in 6ms (compile: 2ms, render: 4ms)
 DELETE /api/tasks/bcf05658-de87-46e5-9f78-55281284e5ae 200 in 8ms (compile: 4ms, render: 4ms)
 DELETE /api/tasks/c09618c1-bef0-42cf-bb7d-5a8a148c1e61 200 in 5ms (compile: 1523µs, render: 4ms)
 POST /api/tasks 201 in 4ms (compile: 1270µs, render: 3ms)
 POST /api/tasks 201 in 3ms (compile: 523µs, render: 2ms)
 GET /api/tasks 200 in 6ms (compile: 2ms, render: 4ms)
 DELETE /api/tasks/4d12c5dd-ef7d-4649-b85b-bbc3bbb0d810 200 in 9ms (compile: 5ms, render: 5ms)
 DELETE /api/tasks/086f3f22-c026-45ab-a0d3-87b93be06ea7 200 in 5ms (compile: 1631µs, render: 4ms)
 POST /api/tasks 201 in 5ms (compile: 1409µs, render: 3ms)
 POST /api/tasks 201 in 3ms (compile: 441µs, render: 2ms)
 GET /api/tasks 200 in 6ms (compile: 2ms, render: 4ms)
 DELETE /api/tasks/86915aff-1d68-481a-903a-9f49d88ae41f 200 in 10ms (compile: 5ms, render: 5ms)
 DELETE /api/tasks/58e812d9-ffab-408d-b6ef-87112e02a54f 200 in 5ms (compile: 1503µs, render: 4ms)
 POST /api/tasks 201 in 6ms (compile: 1479µs, render: 4ms)
 POST /api/tasks 201 in 3ms (compile: 974µs, render: 2ms)
 GET /api/tasks 200 in 6ms (compile: 2ms, render: 4ms)
 DELETE /api/tasks/cfb75ccf-0191-4a88-a340-05a680677dc1 200 in 10ms (compile: 5ms, render: 5ms)
 DELETE /api/tasks/91f55041-dd03-47f7-be78-a2c52aa7202b 200 in 5ms (compile: 1483µs, render: 3ms)
 POST /api/tasks 201 in 5ms (compile: 1320µs, render: 3ms)
 POST /api/tasks 201 in 3ms (compile: 828µs, render: 1754µs)
 GET /api/tasks 200 in 6ms (compile: 2ms, render: 4ms)
 DELETE /api/tasks/8a71b186-246f-4b7c-aa94-dda606b63cc8 200 in 10ms (compile: 6ms, render: 4ms)
 DELETE /api/tasks/0e5e107a-c6f6-460b-a5bc-fa2a0e6f9c42 200 in 5ms (compile: 1519µs, render: 4ms)
 POST /api/tasks 201 in 6ms (compile: 1581µs, render: 4ms)
 POST /api/tasks 201 in 3ms (compile: 1026µs, render: 2ms)
 GET /api/tasks 200 in 6ms (compile: 2ms, render: 4ms)
 DELETE /api/tasks/d031bd60-9be2-4f99-82c0-da2d4e2eb73e 200 in 10ms (compile: 5ms, render: 4ms)
 DELETE /api/tasks/ed78072d-7881-4b5f-bcb5-9943523c51fc 200 in 5ms (compile: 1593µs, render: 3ms)
 POST /api/tasks 201 in 5ms (compile: 1292µs, render: 4ms)
 POST /api/tasks 201 in 4ms (compile: 924µs, render: 3ms)
 GET /api/tasks 200 in 6ms (compile: 2ms, render: 4ms)
 DELETE /api/tasks/7782cb38-5b22-4157-a9fa-6df5c6ed5e3d 200 in 10ms (compile: 5ms, render: 5ms)
 DELETE /api/tasks/66d7b9c3-aa47-4cee-b776-59a560a4cca0 200 in 5ms (compile: 1381µs, render: 3ms)
 POST /api/tasks 201 in 6ms (compile: 1294µs, render: 4ms)
 POST /api/tasks 201 in 4ms (compile: 1102µs, render: 3ms)
 GET /api/tasks 200 in 6ms (compile: 2ms, render: 4ms)
 DELETE /api/tasks/ad98e6b7-7354-46d3-b6e6-aa7fa9579306 200 in 10ms (compile: 6ms, render: 4ms)
 DELETE /api/tasks/e249a840-70be-4a24-99ec-47467b8002c2 200 in 5ms (compile: 1428µs, render: 4ms)
 POST /api/tasks 201 in 6ms (compile: 1782µs, render: 4ms)
 POST /api/tasks 201 in 4ms (compile: 1147µs, render: 3ms)
 GET /api/tasks 200 in 6ms (compile: 2ms, render: 4ms)
 DELETE /api/tasks/8e85a387-9c73-463a-b25b-39e096dbad0c 200 in 10ms (compile: 5ms, render: 5ms)
 DELETE /api/tasks/89f8df52-c24e-4dcb-8159-60034f54371a 200 in 5ms (compile: 1471µs, render: 3ms)
 POST /api/tasks 201 in 6ms (compile: 1310µs, render: 4ms)
 POST /api/tasks 201 in 4ms (compile: 1165µs, render: 3ms)
 GET /api/tasks 200 in 6ms (compile: 2ms, render: 4ms)
 DELETE /api/tasks/bf2dac83-16eb-49b0-94c9-e5ab89721a83 200 in 9ms (compile: 5ms, render: 4ms)
 DELETE /api/tasks/6240d914-7c57-4370-b002-de512b0a7dfc 200 in 5ms (compile: 1460µs, render: 3ms)
 POST /api/tasks 201 in 5ms (compile: 1302µs, render: 4ms)
 POST /api/tasks 201 in 4ms (compile: 1020µs, render: 3ms)
 GET /api/tasks 200 in 6ms (compile: 2ms, render: 4ms)
 DELETE /api/tasks/a4519c8f-7e13-427b-a080-fee6e9f2372b 200 in 11ms (compile: 6ms, render: 5ms)
 DELETE /api/tasks/8e68bb3a-f4b0-4686-8fa8-0f26f37404c2 200 in 5ms (compile: 1643µs, render: 4ms)
 POST /api/tasks 201 in 6ms (compile: 1379µs, render: 4ms)
 POST /api/tasks 201 in 4ms (compile: 1230µs, render: 3ms)
 GET /api/tasks 200 in 6ms (compile: 2ms, render: 4ms)
 DELETE /api/tasks/f830be80-2e25-440c-8c38-53eb23353af5 200 in 10ms (compile: 5ms, render: 5ms)
 DELETE /api/tasks/23eff9b2-d3d6-4f08-8f35-d494e567dfd5 200 in 5ms (compile: 1551µs, render: 3ms)
 POST /api/tasks 201 in 6ms (compile: 1875µs, render: 4ms)
 POST /api/tasks 201 in 4ms (compile: 1081µs, render: 3ms)
 GET /api/tasks 200 in 6ms (compile: 2ms, render: 4ms)
 DELETE /api/tasks/33087e92-494e-4ce6-89a9-8c9cede04db3 200 in 10ms (compile: 5ms, render: 4ms)
 DELETE /api/tasks/b6f69d22-f8ed-4628-aba3-019fce4e7551 200 in 5ms (compile: 1368µs, render: 3ms)
 POST /api/tasks 201 in 5ms (compile: 1249µs, render: 4ms)
 POST /api/tasks 201 in 4ms (compile: 1056µs, render: 3ms)
 GET /api/tasks 200 in 6ms (compile: 2ms, render: 4ms)
 DELETE /api/tasks/c9afb11b-f892-4c58-9261-7761654b92cc 200 in 9ms (compile: 4ms, render: 5ms)
 DELETE /api/tasks/569959d6-5cf5-46d8-8339-d999a8402aaa 200 in 5ms (compile: 1354µs, render: 3ms)
 POST /api/tasks 201 in 6ms (compile: 1565µs, render: 4ms)
 POST /api/tasks 201 in 4ms (compile: 1259µs, render: 3ms)
 GET /api/tasks 200 in 6ms (compile: 2ms, render: 4ms)
 DELETE /api/tasks/06854764-dce1-4e5b-8252-126face4db46 200 in 9ms (compile: 5ms, render: 4ms)
 DELETE /api/tasks/e6439fcb-be0a-49b6-ad20-2d5b4a7129b8 200 in 5ms (compile: 1461µs, render: 3ms)
 POST /api/tasks 201 in 6ms (compile: 1412µs, render: 4ms)
 POST /api/tasks 201 in 4ms (compile: 1213µs, render: 3ms)
 GET /api/tasks 200 in 6ms (compile: 2ms, render: 4ms)
 DELETE /api/tasks/a9e6b2e3-f3d2-4744-8f89-768587dacdca 200 in 9ms (compile: 5ms, render: 4ms)
 DELETE /api/tasks/dd41390c-2efe-4560-b7c6-751545a38686 200 in 5ms (compile: 1642µs, render: 4ms)
 POST /api/tasks 201 in 5ms (compile: 1615µs, render: 3ms)
 POST /api/tasks 201 in 3ms (compile: 804µs, render: 2ms)
 GET /api/tasks 200 in 6ms (compile: 2ms, render: 4ms)
 DELETE /api/tasks/f31d1ffc-f79e-4793-abda-0fda07242ea2 200 in 10ms (compile: 5ms, render: 5ms)
 DELETE /api/tasks/f1b55a6a-044e-41e0-b2bb-dab76a941309 200 in 5ms (compile: 1591µs, render: 4ms)
 POST /api/tasks 201 in 5ms (compile: 1514µs, render: 4ms)
 POST /api/tasks 201 in 3ms (compile: 1074µs, render: 2ms)
 GET /api/tasks 200 in 5ms (compile: 1787µs, render: 3ms)
 DELETE /api/tasks/d574e098-4acc-4027-9bc6-83d190e7eb38 200 in 9ms (compile: 4ms, render: 4ms)
 DELETE /api/tasks/dab57b8d-d88c-48f2-8b22-0f9a7c58ae8b 200 in 5ms (compile: 1537µs, render: 3ms)
 POST /api/tasks 201 in 4ms (compile: 1336µs, render: 3ms)
 POST /api/tasks 201 in 1988µs (compile: 368µs, render: 1620µs)
 GET /api/tasks 200 in 6ms (compile: 2ms, render: 4ms)
 DELETE /api/tasks/83017566-b7fd-48de-9a2c-42f6340dcde7 200 in 10ms (compile: 5ms, render: 5ms)
 DELETE /api/tasks/45965275-3e1e-43da-b78d-4ff8cd9b3a9a 200 in 5ms (compile: 1385µs, render: 3ms)
 POST /api/tasks 201 in 5ms (compile: 1491µs, render: 4ms)
 POST /api/tasks 201 in 2ms (compile: 576µs, render: 1800µs)
 GET /api/tasks 200 in 5ms (compile: 1795µs, render: 3ms)
 DELETE /api/tasks/b6289fc8-6c6a-48b7-bfc9-9ae5488c9595 200 in 9ms (compile: 4ms, render: 5ms)
 DELETE /api/tasks/14ab1654-4060-4642-9b0c-06652877a545 200 in 5ms (compile: 1450µs, render: 4ms)
 POST /api/tasks 201 in 6ms (compile: 1685µs, render: 4ms)
 POST /api/tasks 201 in 4ms (compile: 1092µs, render: 3ms)
 GET /api/tasks 200 in 3ms (compile: 1280µs, render: 2ms)
 DELETE /api/tasks/131eae32-fb5e-4e6a-b91e-06da6bc34194 200 in 6ms (compile: 3ms, render: 3ms)
 DELETE /api/tasks/7f057589-f30e-41dd-b9e4-11a15a0b30fe 200 in 4ms (compile: 1073µs, render: 3ms)
 POST /api/tasks 201 in 3ms (compile: 705µs, render: 2ms)
 POST /api/tasks 201 in 3ms (compile: 869µs, render: 2ms)
 GET /api/tasks 200 in 6ms (compile: 2ms, render: 4ms)
 DELETE /api/tasks/9829b9ae-666d-4701-8e4c-06a0a4033ba2 200 in 9ms (compile: 5ms, render: 4ms)
 DELETE /api/tasks/6145d0d1-0495-49e4-8afc-25f882134de3 200 in 5ms (compile: 1456µs, render: 4ms)
 POST /api/tasks 201 in 4ms (compile: 1120µs, render: 3ms)
 POST /api/tasks 201 in 3ms (compile: 714µs, render: 2ms)
 GET /api/tasks 200 in 6ms (compile: 2ms, render: 4ms)
 DELETE /api/tasks/2f0fbbbc-509b-4d77-a768-dcde37bee84f 200 in 10ms (compile: 5ms, render: 5ms)
 DELETE /api/tasks/338e793b-de2f-44a3-a007-178583517646 200 in 5ms (compile: 1521µs, render: 4ms)
 POST /api/tasks 201 in 5ms (compile: 1320µs, render: 4ms)
 POST /api/tasks 201 in 5ms (compile: 1376µs, render: 3ms)
 GET /api/tasks 200 in 6ms (compile: 2ms, render: 4ms)
 DELETE /api/tasks/c27f242b-8acc-4282-9614-e775d6700f87 200 in 9ms (compile: 5ms, render: 5ms)
 DELETE /api/tasks/0e5ad865-3196-4a0b-80c4-adda260a516c 200 in 5ms (compile: 1520µs, render: 3ms)
 POST /api/tasks 201 in 5ms (compile: 1285µs, render: 4ms)
 POST /api/tasks 201 in 4ms (compile: 1185µs, render: 3ms)
 GET /api/tasks 200 in 6ms (compile: 2ms, render: 4ms)
 DELETE /api/tasks/57e5688d-aa02-47cf-8b49-36a283349054 200 in 11ms (compile: 6ms, render: 5ms)
 DELETE /api/tasks/8ac67aee-4e5d-4e9c-8ecb-5e9440574b00 200 in 6ms (compile: 1719µs, render: 4ms)
 POST /api/tasks 201 in 6ms (compile: 1370µs, render: 4ms)
 POST /api/tasks 201 in 4ms (compile: 972µs, render: 3ms)
 GET /api/tasks 200 in 6ms (compile: 2ms, render: 4ms)
 DELETE /api/tasks/2f4eca6a-d601-4b69-a61c-07a7b0809e9b 200 in 10ms (compile: 5ms, render: 5ms)
 DELETE /api/tasks/bde8bca6-42e7-49ab-aea2-aaed86f62803 200 in 5ms (compile: 1573µs, render: 4ms)
 POST /api/tasks 201 in 5ms (compile: 1725µs, render: 3ms)
 POST /api/tasks 201 in 1980µs (compile: 807µs, render: 1174µs)
 GET /api/tasks 200 in 5ms (compile: 2ms, render: 3ms)
 DELETE /api/tasks/d39fb484-845c-48c5-b743-26ef0c68bfa7 200 in 9ms (compile: 5ms, render: 4ms)
 DELETE /api/tasks/2c204444-9239-4e17-8992-3402aae1398f 200 in 5ms (compile: 1415µs, render: 3ms)
 POST /api/tasks 201 in 5ms (compile: 1453µs, render: 4ms)
 POST /api/tasks 201 in 2ms (compile: 580µs, render: 1562µs)
 GET /api/tasks 200 in 5ms (compile: 1734µs, render: 4ms)
 DELETE /api/tasks/97173727-663a-4b65-b968-49e6530f0e18 200 in 10ms (compile: 6ms, render: 5ms)
 DELETE /api/tasks/662ed369-c6a5-4d6a-90e3-0bf9b93c19eb 200 in 5ms (compile: 1684µs, render: 4ms)
 POST /api/tasks 201 in 5ms (compile: 1466µs, render: 3ms)
 POST /api/tasks 201 in 2ms (compile: 786µs, render: 1509µs)
 GET /api/tasks 200 in 6ms (compile: 2ms, render: 4ms)
 DELETE /api/tasks/dd5a43e7-9d44-49d1-93b9-6e273bf10c59 200 in 9ms (compile: 4ms, render: 5ms)
 DELETE /api/tasks/33b8a6df-1c0f-475b-b191-1f2bfa07d74d 200 in 5ms (compile: 1527µs, render: 4ms)
 POST /api/tasks 201 in 5ms (compile: 1304µs, render: 3ms)
 POST /api/tasks 201 in 3ms (compile: 862µs, render: 1810µs)
 GET /api/tasks 200 in 6ms (compile: 2ms, render: 4ms)
 DELETE /api/tasks/66b1ce28-3487-4f5f-8ccb-7a0ae8692f30 200 in 10ms (compile: 5ms, render: 4ms)
 DELETE /api/tasks/325e5ba7-988d-435c-8f75-74cbe8f17eca 200 in 5ms (compile: 1559µs, render: 3ms)
 POST /api/tasks 201 in 6ms (compile: 1597µs, render: 4ms)
 POST /api/tasks 201 in 3ms (compile: 1158µs, render: 2ms)
 GET /api/tasks 200 in 6ms (compile: 2ms, render: 4ms)
 DELETE /api/tasks/c0ebc035-98a9-4670-bb35-34f56d5da25c 200 in 9ms (compile: 5ms, render: 4ms)
 DELETE /api/tasks/2939a5c6-1648-4a99-8e95-025682cdba25 200 in 5ms (compile: 1340µs, render: 3ms)
 POST /api/tasks 201 in 6ms (compile: 1666µs, render: 4ms)
 POST /api/tasks 201 in 3ms (compile: 995µs, render: 2ms)
 GET /api/tasks 200 in 6ms (compile: 2ms, render: 4ms)
 DELETE /api/tasks/1c45509f-56b1-4002-b57d-868acfb9d584 200 in 10ms (compile: 6ms, render: 4ms)
 DELETE /api/tasks/c514fb5a-70a2-4afe-a684-5f1c100df8bf 200 in 5ms (compile: 1439µs, render: 4ms)
 POST /api/tasks 201 in 5ms (compile: 1648µs, render: 4ms)
 POST /api/tasks 201 in 3ms (compile: 894µs, render: 3ms)
 GET /api/tasks 200 in 6ms (compile: 2ms, render: 4ms)
 DELETE /api/tasks/64486324-09b3-4e55-8c99-8f5fd633a0a0 200 in 10ms (compile: 6ms, render: 5ms)
 DELETE /api/tasks/efefbd1f-5c19-4739-a038-b9efa3a3e41e 200 in 5ms (compile: 1643µs, render: 4ms)
 POST /api/tasks 201 in 6ms (compile: 1434µs, render: 4ms)
 POST /api/tasks 201 in 4ms (compile: 1098µs, render: 3ms)
 GET /api/tasks 200 in 6ms (compile: 2ms, render: 4ms)
 DELETE /api/tasks/eafb650b-717a-4887-bb7b-47f6c28ef519 200 in 10ms (compile: 5ms, render: 4ms)
 DELETE /api/tasks/680c7b00-8770-4e6b-8ee5-6927a5990673 200 in 5ms (compile: 1483µs, render: 3ms)
 POST /api/tasks 201 in 6ms (compile: 1411µs, render: 4ms)
 POST /api/tasks 201 in 4ms (compile: 1076µs, render: 3ms)
 GET /api/tasks 200 in 6ms (compile: 2ms, render: 4ms)
 DELETE /api/tasks/b106de79-2a74-447e-a7a2-b8a75925d9ce 200 in 10ms (compile: 5ms, render: 4ms)
 DELETE /api/tasks/48b2eeb2-8de4-4c40-accf-86b13a81e3d5 200 in 5ms (compile: 1409µs, render: 3ms)
 POST /api/tasks 201 in 5ms (compile: 1314µs, render: 4ms)
 POST /api/tasks 201 in 4ms (compile: 1138µs, render: 3ms)
 GET /api/tasks 200 in 6ms (compile: 2ms, render: 4ms)
 DELETE /api/tasks/751c7fe5-9605-4d07-84a0-ff1153c15d2b 200 in 10ms (compile: 6ms, render: 5ms)
 DELETE /api/tasks/98e868be-0caf-4b67-a163-9b8b6e18b17f 200 in 5ms (compile: 1562µs, render: 4ms)
 POST /api/tasks 201 in 6ms (compile: 1496µs, render: 4ms)
 POST /api/tasks 201 in 4ms (compile: 1205µs, render: 3ms)
 GET /api/tasks 200 in 6ms (compile: 2ms, render: 4ms)
 DELETE /api/tasks/2543268c-4759-4eed-b99a-3305c77d4089 200 in 9ms (compile: 4ms, render: 4ms)
 DELETE /api/tasks/f90b7eea-5642-4e3b-af0a-873e1879ce63 200 in 5ms (compile: 1381µs, render: 4ms)
 POST /api/tasks 201 in 5ms (compile: 1335µs, render: 4ms)
 POST /api/tasks 201 in 4ms (compile: 1177µs, render: 3ms)
 GET /api/tasks 200 in 6ms (compile: 2ms, render: 4ms)
 DELETE /api/tasks/ed892ee7-4e06-4eaf-9ab7-d71bdf07afc4 200 in 10ms (compile: 5ms, render: 5ms)
 DELETE /api/tasks/7595361a-6f7f-4599-9a3c-ed9edc36cdc5 200 in 5ms (compile: 1444µs, render: 3ms)
 POST /api/tasks 201 in 5ms (compile: 1443µs, render: 4ms)
 POST /api/tasks 201 in 4ms (compile: 1180µs, render: 3ms)
 GET /api/tasks 200 in 6ms (compile: 2ms, render: 4ms)
 DELETE /api/tasks/26590ad5-a618-407f-9793-5b33bf40fce2 200 in 9ms (compile: 5ms, render: 4ms)
 DELETE /api/tasks/44b1a1b9-a24b-4024-8e2f-de3f0f3b6250 200 in 5ms (compile: 1409µs, render: 3ms)
 POST /api/tasks 201 in 5ms (compile: 1262µs, render: 4ms)
 POST /api/tasks 201 in 4ms (compile: 1186µs, render: 3ms)
 GET /api/tasks 200 in 6ms (compile: 2ms, render: 4ms)
 DELETE /api/tasks/0edd0392-d158-4343-851e-1902bb3bbbf9 200 in 10ms (compile: 5ms, render: 4ms)
 DELETE /api/tasks/74041494-a5e8-4e93-9db4-5bb0da150356 200 in 5ms (compile: 1528µs, render: 4ms)
 POST /api/tasks 201 in 5ms (compile: 1675µs, render: 3ms)
 POST /api/tasks 201 in 3ms (compile: 887µs, render: 2ms)
 GET /api/tasks 200 in 6ms (compile: 2ms, render: 4ms)
 DELETE /api/tasks/5a1b5aa0-eced-463d-9a44-3d1bebfd7c3f 200 in 10ms (compile: 6ms, render: 5ms)
 DELETE /api/tasks/d35e0d91-dd28-494b-ba06-2923f6237909 200 in 5ms (compile: 1587µs, render: 4ms)
 POST /api/tasks 201 in 6ms (compile: 1469µs, render: 4ms)
 POST /api/tasks 201 in 4ms (compile: 1239µs, render: 3ms)
 GET /api/tasks 200 in 6ms (compile: 2ms, render: 4ms)
 DELETE /api/tasks/e435bd96-846d-4a6b-a990-2810ca382204 200 in 9ms (compile: 5ms, render: 5ms)
 DELETE /api/tasks/746f7f3c-455f-4fd4-b300-0dfb060e8583 200 in 5ms (compile: 1669µs, render: 4ms)
 POST /api/tasks 201 in 4ms (compile: 1249µs, render: 3ms)
 POST /api/tasks 201 in 3ms (compile: 697µs, render: 1907µs)
 GET /api/tasks 200 in 6ms (compile: 2ms, render: 4ms)
 DELETE /api/tasks/da297599-e180-4d55-948e-c2f2ae3b55af 200 in 9ms (compile: 5ms, render: 5ms)
 DELETE /api/tasks/745cc4c2-484d-4ec1-882d-72e756aec686 200 in 5ms (compile: 1480µs, render: 3ms)
 POST /api/tasks 201 in 4ms (compile: 1039µs, render: 3ms)
 POST /api/tasks 201 in 3ms (compile: 493µs, render: 2ms)
 GET /api/tasks 200 in 6ms (compile: 2ms, render: 4ms)
 DELETE /api/tasks/a4b83fbe-87bf-4bf8-895d-988d94a416be 200 in 10ms (compile: 5ms, render: 5ms)
 DELETE /api/tasks/f92a6064-c02d-4470-b015-124c8e31741d 200 in 5ms (compile: 1548µs, render: 3ms)
 POST /api/tasks 201 in 4ms (compile: 1504µs, render: 3ms)
 POST /api/tasks 201 in 2ms (compile: 686µs, render: 1717µs)
 GET /api/tasks 200 in 6ms (compile: 2ms, render: 4ms)
 DELETE /api/tasks/f121cdb3-9bb6-4f31-a825-ada9292b926c 200 in 10ms (compile: 5ms, render: 5ms)
 DELETE /api/tasks/6ae32732-14f6-4004-a80d-b995c38bd11f 200 in 4ms (compile: 990µs, render: 3ms)
 POST /api/tasks 201 in 4ms (compile: 1098µs, render: 3ms)
 POST /api/tasks 201 in 3ms (compile: 909µs, render: 1861µs)
 GET /api/tasks 200 in 7ms (compile: 3ms, render: 4ms)
 DELETE /api/tasks/4ccf28f7-58b4-40f4-8f75-ca9e7c9caa49 200 in 8ms (compile: 4ms, render: 4ms)
 DELETE /api/tasks/6982ee8c-047c-4089-b871-acf8fb5beb1a 200 in 5ms (compile: 1164µs, render: 3ms)
 POST /api/tasks 201 in 4ms (compile: 1010µs, render: 3ms)
 POST /api/tasks 201 in 3ms (compile: 903µs, render: 2ms)
 GET /api/tasks 200 in 6ms (compile: 2ms, render: 4ms)
 DELETE /api/tasks/3a17d3d6-cf08-4fdb-8dfb-179a6fc8d579 200 in 9ms (compile: 4ms, render: 5ms)
 DELETE /api/tasks/1976b0a3-556a-4aef-bc31-0d73d87f6439 200 in 5ms (compile: 1476µs, render: 3ms)
 POST /api/tasks 201 in 4ms (compile: 1291µs, render: 3ms)
 POST /api/tasks 201 in 2ms (compile: 877µs, render: 1425µs)
 GET /api/tasks 200 in 6ms (compile: 2ms, render: 3ms)
 DELETE /api/tasks/dc823390-3d4f-4f0c-a261-9a58e4919110 200 in 9ms (compile: 5ms, render: 4ms)
 DELETE /api/tasks/a02a18a2-deb5-4226-99d3-301f3c83cbe0 200 in 5ms (compile: 1567µs, render: 4ms)
 POST /api/tasks 201 in 5ms (compile: 1649µs, render: 3ms)
 POST /api/tasks 201 in 3ms (compile: 862µs, render: 2ms)
 GET /api/tasks 200 in 7ms (compile: 2ms, render: 4ms)
 DELETE /api/tasks/1f952284-f260-47c9-b359-b97ebaa55a4d 200 in 9ms (compile: 5ms, render: 4ms)
 DELETE /api/tasks/59869b73-2897-46b6-9970-e6563f450ffc 200 in 5ms (compile: 1401µs, render: 3ms)
 POST /api/tasks 201 in 5ms (compile: 1509µs, render: 4ms)
 POST /api/tasks 201 in 3ms (compile: 830µs, render: 3ms)
 GET /api/tasks 200 in 4ms (compile: 1839µs, render: 3ms)
 DELETE /api/tasks/a782f6f8-8db9-4499-bd75-239e4b3a90d5 200 in 8ms (compile: 4ms, render: 4ms)
 DELETE /api/tasks/29f5784c-cace-4f31-8004-90f0465db617 200 in 4ms (compile: 1039µs, render: 3ms)
 POST /api/tasks 201 in 4ms (compile: 1105µs, render: 3ms)
 POST /api/tasks 201 in 4ms (compile: 997µs, render: 3ms)
 GET /api/tasks 200 in 6ms (compile: 2ms, render: 4ms)
 DELETE /api/tasks/a8d337c6-5f27-4ac0-9dc6-3503844e4cb0 200 in 10ms (compile: 5ms, render: 5ms)
 DELETE /api/tasks/34f81bc3-58a9-4b80-91c2-1a4cb541fe64 200 in 5ms (compile: 1506µs, render: 4ms)
 POST /api/tasks 201 in 6ms (compile: 1581µs, render: 4ms)
 POST /api/tasks 201 in 3ms (compile: 1138µs, render: 2ms)
 GET /api/tasks 200 in 6ms (compile: 2ms, render: 4ms)
 DELETE /api/tasks/c64935a4-f0ff-410a-978b-abaf4bb1176e 200 in 10ms (compile: 5ms, render: 5ms)
 DELETE /api/tasks/30d8bc9d-678d-4e36-a60e-8560d1ad5b89 200 in 5ms (compile: 1128µs, render: 4ms)
 POST /api/tasks 201 in 5ms (compile: 1734µs, render: 3ms)
 POST /api/tasks 201 in 3ms (compile: 698µs, render: 2ms)
 GET /api/tasks 200 in 6ms (compile: 2ms, render: 4ms)
 DELETE /api/tasks/849fa571-620e-4aac-bb96-3d4fcc692ff4 200 in 9ms (compile: 5ms, render: 4ms)
 DELETE /api/tasks/6d459423-307b-4b6d-bd25-fe81750bab63 200 in 5ms (compile: 1649µs, render: 4ms)
 POST /api/tasks 201 in 4ms (compile: 1045µs, render: 3ms)
 POST /api/tasks 201 in 3ms (compile: 793µs, render: 1710µs)
 GET /api/tasks 200 in 6ms (compile: 2ms, render: 4ms)
 DELETE /api/tasks/b8d9eaf0-497c-4a10-b534-8be2ed631fb1 200 in 10ms (compile: 5ms, render: 5ms)
 DELETE /api/tasks/1d5fd78c-a89e-4098-aa71-358465970d92 200 in 6ms (compile: 1761µs, render: 4ms)
 POST /api/tasks 201 in 5ms (compile: 1877µs, render: 3ms)
 POST /api/tasks 201 in 3ms (compile: 748µs, render: 2ms)
 GET /api/tasks 200 in 4ms (compile: 1592µs, render: 3ms)
 DELETE /api/tasks/8980461f-cc04-4769-a01d-67ad2b60b8c7 200 in 9ms (compile: 5ms, render: 4ms)
 DELETE /api/tasks/db603a5d-7d12-4117-9866-84e2ee9d3efb 200 in 4ms (compile: 1036µs, render: 3ms)
 POST /api/tasks 201 in 5ms (compile: 977µs, render: 4ms)
 POST /api/tasks 201 in 2ms (compile: 846µs, render: 1640µs)
 GET /api/tasks 200 in 6ms (compile: 2ms, render: 4ms)
 DELETE /api/tasks/da18d378-0c7a-4985-a34b-b3879704bd17 200 in 10ms (compile: 5ms, render: 5ms)
 DELETE /api/tasks/8413a47a-05f7-49f5-8fc2-e7eb514a5777 200 in 6ms (compile: 1830µs, render: 4ms)
 POST /api/tasks 201 in 5ms (compile: 1507µs, render: 3ms)
 POST /api/tasks 201 in 3ms (compile: 684µs, render: 2ms)
 GET /api/tasks 200 in 6ms (compile: 2ms, render: 4ms)
 DELETE /api/tasks/f64f2b0a-8b3b-4a64-8c76-55c412a23819 200 in 10ms (compile: 5ms, render: 5ms)
 DELETE /api/tasks/fb07473a-8b5d-4daf-913d-d2ac1506ce05 200 in 6ms (compile: 1663µs, render: 4ms)
 POST /api/tasks 201 in 4ms (compile: 1018µs, render: 3ms)
 POST /api/tasks 201 in 2ms (compile: 678µs, render: 1531µs)
 GET /api/tasks 200 in 6ms (compile: 2ms, render: 4ms)
 DELETE /api/tasks/c362f5a1-c087-4921-9599-d7c3597f0b6e 200 in 10ms (compile: 5ms, render: 5ms)
 DELETE /api/tasks/e09aaec9-24fb-407c-b49c-0925f5110812 200 in 5ms (compile: 1939µs, render: 3ms)
 POST /api/tasks 201 in 6ms (compile: 1547µs, render: 4ms)
 POST /api/tasks 201 in 4ms (compile: 1165µs, render: 3ms)
 GET /api/tasks 200 in 6ms (compile: 2ms, render: 4ms)
 DELETE /api/tasks/1e7ee07c-153c-4dac-99ec-40309e2d7d79 200 in 10ms (compile: 5ms, render: 5ms)
 DELETE /api/tasks/98b83469-312c-4783-a19c-49262ad49b78 200 in 5ms (compile: 1604µs, render: 4ms)
 POST /api/tasks 201 in 5ms (compile: 1483µs, render: 4ms)
 POST /api/tasks 201 in 4ms (compile: 1119µs, render: 3ms)
 GET /api/tasks 200 in 6ms (compile: 2ms, render: 4ms)
 DELETE /api/tasks/d83f7431-16dc-4fe7-9ebd-52a713bf8aff 200 in 9ms (compile: 4ms, render: 5ms)
 DELETE /api/tasks/758b877f-3368-48ab-ae73-196a2d3f5645 200 in 6ms (compile: 1698µs, render: 4ms)
 POST /api/tasks 201 in 5ms (compile: 1582µs, render: 4ms)
 POST /api/tasks 201 in 3ms (compile: 892µs, render: 2ms)
 GET /api/tasks 200 in 7ms (compile: 2ms, render: 5ms)
 DELETE /api/tasks/329b106d-a475-4c06-b349-a7c5bb92d549 200 in 9ms (compile: 4ms, render: 4ms)
 DELETE /api/tasks/8dfbd52e-4544-41a6-acb5-4e6ced7b3bc7 200 in 5ms (compile: 1568µs, render: 4ms)
 POST /api/tasks 201 in 3ms (compile: 923µs, render: 3ms)
 POST /api/tasks 201 in 3ms (compile: 760µs, render: 2ms)
 GET /api/tasks 200 in 6ms (compile: 2ms, render: 4ms)
 DELETE /api/tasks/71a48a03-8e80-4cbc-940d-11d7143be40a 200 in 10ms (compile: 5ms, render: 5ms)
 DELETE /api/tasks/8f8e476f-969c-47ff-a814-671240a41230 200 in 5ms (compile: 1432µs, render: 4ms)
 POST /api/tasks 201 in 5ms (compile: 1682µs, render: 4ms)
 POST /api/tasks 201 in 3ms (compile: 834µs, render: 2ms)
 GET /api/tasks 200 in 6ms (compile: 2ms, render: 4ms)
 DELETE /api/tasks/0d32411c-85fa-4db2-a865-5dce45e47e41 200 in 10ms (compile: 5ms, render: 5ms)
 DELETE /api/tasks/47efbe29-65b4-4695-a6b7-bd6081fd656c 200 in 6ms (compile: 1617µs, render: 4ms)
 POST /api/tasks 201 in 6ms (compile: 1356µs, render: 4ms)
 POST /api/tasks 201 in 4ms (compile: 1169µs, render: 3ms)
 GET /api/tasks 200 in 6ms (compile: 2ms, render: 4ms)
 DELETE /api/tasks/6ea80092-c779-48ce-955e-7db5d0077a83 200 in 9ms (compile: 5ms, render: 4ms)
 DELETE /api/tasks/c804dd53-d7ac-48ee-9e8a-4c30eb30646b 200 in 5ms (compile: 1536µs, render: 3ms)
 POST /api/tasks 201 in 6ms (compile: 1386µs, render: 4ms)
 POST /api/tasks 201 in 4ms (compile: 1227µs, render: 3ms)
 GET /api/tasks 200 in 6ms (compile: 2ms, render: 4ms)
 DELETE /api/tasks/8b28cc02-5d8d-4ac7-8648-23b27b5713f3 200 in 10ms (compile: 6ms, render: 5ms)
 DELETE /api/tasks/a0623343-5a79-4438-aa99-c16e5f580692 200 in 5ms (compile: 1741µs, render: 4ms)
 POST /api/tasks 201 in 6ms (compile: 1435µs, render: 4ms)
 POST /api/tasks 201 in 4ms (compile: 1186µs, render: 3ms)
 GET /api/tasks 200 in 6ms (compile: 2ms, render: 4ms)
 DELETE /api/tasks/9f53d7f8-9808-4225-973f-9b99fda4f7ed 200 in 9ms (compile: 4ms, render: 5ms)
 DELETE /api/tasks/f2592347-08f5-442a-bc70-3bbb5f00b5c1 200 in 5ms (compile: 1494µs, render: 4ms)
 POST /api/tasks 201 in 5ms (compile: 1532µs, render: 4ms)
 POST /api/tasks 201 in 3ms (compile: 1016µs, render: 2ms)
 GET /api/tasks 200 in 7ms (compile: 2ms, render: 5ms)
 DELETE /api/tasks/cd8c0507-26f0-4dba-ad5d-24ab1c683612 200 in 9ms (compile: 5ms, render: 4ms)
 DELETE /api/tasks/353fde29-3de7-42d6-b9e1-bdd2669f9498 200 in 5ms (compile: 1373µs, render: 3ms)
 POST /api/tasks 201 in 5ms (compile: 1546µs, render: 4ms)
 POST /api/tasks 201 in 3ms (compile: 898µs, render: 2ms)
 GET /api/tasks 200 in 6ms (compile: 2ms, render: 4ms)
 DELETE /api/tasks/529758bb-4e09-4530-9bde-019882b01a82 200 in 10ms (compile: 6ms, render: 4ms)
 DELETE /api/tasks/95050c05-b25d-4f1f-a710-90ef17e6ed5d 200 in 5ms (compile: 1540µs, render: 4ms)
 POST /api/tasks 201 in 6ms (compile: 1485µs, render: 4ms)
 POST /api/tasks 201 in 4ms (compile: 1088µs, render: 3ms)
 GET /api/tasks 200 in 6ms (compile: 2ms, render: 4ms)
 DELETE /api/tasks/dbb1345f-ac02-4cc5-acc0-159afb79b12a 200 in 10ms (compile: 5ms, render: 5ms)
 DELETE /api/tasks/0a1d353e-022a-4237-92f9-2621f4c91021 200 in 5ms (compile: 1515µs, render: 4ms)
 POST /api/tasks 201 in 5ms (compile: 1517µs, render: 4ms)
 POST /api/tasks 201 in 4ms (compile: 963µs, render: 3ms)
 GET /api/tasks 200 in 6ms (compile: 2ms, render: 4ms)
 DELETE /api/tasks/0e1837c3-0950-4b53-86fc-fb4546472535 200 in 10ms (compile: 5ms, render: 5ms)
 DELETE /api/tasks/85b7e89a-bb03-4761-8d4e-25445277c235 200 in 5ms (compile: 1541µs, render: 4ms)
 POST /api/tasks 201 in 5ms (compile: 1357µs, render: 4ms)
 POST /api/tasks 201 in 5ms (compile: 1287µs, render: 3ms)
 GET /api/tasks 200 in 6ms (compile: 2ms, render: 4ms)
 DELETE /api/tasks/4581492d-edc8-4bb2-8341-df28a84c7502 200 in 10ms (compile: 5ms, render: 5ms)
 DELETE /api/tasks/0d567a56-684d-4fad-a76f-5f81a1ffd0f8 200 in 5ms (compile: 1184µs, render: 4ms)
 POST /api/tasks 201 in 5ms (compile: 1086µs, render: 3ms)
 POST /api/tasks 201 in 3ms (compile: 435µs, render: 2ms)
 GET /api/tasks 200 in 6ms (compile: 2ms, render: 4ms)
 DELETE /api/tasks/c3e8bb36-7806-44d9-978b-216a8813fb49 200 in 9ms (compile: 5ms, render: 4ms)
 DELETE /api/tasks/da27b80e-7725-4c36-9e73-afde855eb600 200 in 5ms (compile: 1738µs, render: 4ms)
 POST /api/tasks 201 in 5ms (compile: 1371µs, render: 3ms)
 POST /api/tasks 201 in 3ms (compile: 931µs, render: 2ms)
 GET /api/tasks 200 in 7ms (compile: 2ms, render: 4ms)
 DELETE /api/tasks/5ea54619-5c55-413e-9e9b-e477987a065a 200 in 10ms (compile: 5ms, render: 5ms)
 DELETE /api/tasks/e5923730-5565-47d8-ac57-a0bbf2ce1b80 200 in 5ms (compile: 1495µs, render: 4ms)
 POST /api/tasks 201 in 5ms (compile: 1478µs, render: 3ms)
 POST /api/tasks 201 in 2ms (compile: 755µs, render: 1706µs)
 GET /api/tasks 200 in 6ms (compile: 2ms, render: 4ms)
 DELETE /api/tasks/485aa12b-91f3-4fd8-ac8b-1778520cf7fc 200 in 9ms (compile: 5ms, render: 5ms)
 DELETE /api/tasks/9dd3b502-5feb-44b5-8f2e-15c2e48b1ecb 200 in 5ms (compile: 1424µs, render: 4ms)
 POST /api/tasks 201 in 6ms (compile: 2ms, render: 4ms)
 POST /api/tasks 201 in 3ms (compile: 941µs, render: 2ms)
 GET /api/tasks 200 in 6ms (compile: 2ms, render: 4ms)
 DELETE /api/tasks/5a580b72-0ce4-417b-a0c5-cf87235d4405 200 in 10ms (compile: 5ms, render: 5ms)
 DELETE /api/tasks/f8cc1cad-cbb4-4491-b7ed-3cb34c082c66 200 in 5ms (compile: 1519µs, render: 4ms)
 POST /api/tasks 201 in 4ms (compile: 1462µs, render: 3ms)
 POST /api/tasks 201 in 1924µs (compile: 505µs, render: 1418µs)
 GET /api/tasks 200 in 6ms (compile: 2ms, render: 4ms)
 DELETE /api/tasks/4d6d1273-7034-452a-a6bf-e253451e4549 200 in 10ms (compile: 5ms, render: 5ms)
 DELETE /api/tasks/6d6a9eef-b148-4a44-a7a6-61bf2b3d7ace 200 in 5ms (compile: 1498µs, render: 4ms)
 POST /api/tasks 201 in 4ms (compile: 1111µs, render: 2ms)
 POST /api/tasks 201 in 2ms (compile: 658µs, render: 1492µs)
 GET /api/tasks 200 in 6ms (compile: 2ms, render: 4ms)
 DELETE /api/tasks/cc522c1e-c938-47a0-94cf-dfc9cdddc519 200 in 10ms (compile: 5ms, render: 5ms)
 DELETE /api/tasks/b5a4aa1e-1426-4d58-b1bf-886e46f852aa 200 in 5ms (compile: 1631µs, render: 4ms)
 POST /api/tasks 201 in 5ms (compile: 1423µs, render: 3ms)
 POST /api/tasks 201 in 2ms (compile: 639µs, render: 1600µs)
 GET /api/tasks 200 in 6ms (compile: 2ms, render: 4ms)
 DELETE /api/tasks/5b98f164-89eb-4275-a9d2-8113b840d1ad 200 in 9ms (compile: 4ms, render: 5ms)
 DELETE /api/tasks/e830ee7a-9102-4863-8b1c-1d85f8fbf3eb 200 in 5ms (compile: 2ms, render: 3ms)
 POST /api/tasks 201 in 4ms (compile: 1304µs, render: 3ms)
 POST /api/tasks 201 in 3ms (compile: 514µs, render: 2ms)
 GET /api/tasks 200 in 6ms (compile: 2ms, render: 4ms)
 DELETE /api/tasks/dae62bc9-0ef6-47c5-ac71-8cf29433a2bd 200 in 9ms (compile: 4ms, render: 5ms)
 DELETE /api/tasks/422bdcb3-c547-4468-9439-5640cc585efd 200 in 5ms (compile: 1449µs, render: 4ms)
 POST /api/tasks 201 in 5ms (compile: 1256µs, render: 4ms)
 POST /api/tasks 201 in 3ms (compile: 853µs, render: 2ms)
 GET /api/tasks 200 in 6ms (compile: 2ms, render: 4ms)
 DELETE /api/tasks/da93ac55-cca3-439f-a89f-18abefe661ac 200 in 10ms (compile: 5ms, render: 5ms)
 DELETE /api/tasks/56e9e027-eee3-4be7-928e-87fe0499f175 200 in 5ms (compile: 1479µs, render: 4ms)
 POST /api/tasks 201 in 5ms (compile: 1827µs, render: 4ms)
 POST /api/tasks 201 in 3ms (compile: 745µs, render: 2ms)
 GET /api/tasks 200 in 6ms (compile: 2ms, render: 4ms)
 DELETE /api/tasks/23b6a286-e6b7-49c0-8354-e352c7a1767b 200 in 9ms (compile: 5ms, render: 4ms)
 DELETE /api/tasks/7a65d908-7b6e-41f3-81d2-9f776dafc129 200 in 5ms (compile: 1461µs, render: 3ms)
 POST /api/tasks 201 in 5ms (compile: 1282µs, render: 3ms)
 POST /api/tasks 201 in 3ms (compile: 752µs, render: 2ms)
 GET /api/tasks 200 in 6ms (compile: 2ms, render: 4ms)
 DELETE /api/tasks/1f05185f-f184-4fdd-91ce-b7c4241b65dd 200 in 9ms (compile: 4ms, render: 5ms)
 DELETE /api/tasks/8bf2f468-a33b-49b3-8900-3a0e322ffe08 200 in 6ms (compile: 1428µs, render: 5ms)
 POST /api/tasks 201 in 3ms (compile: 717µs, render: 2ms)
 POST /api/tasks 201 in 3ms (compile: 569µs, render: 2ms)
 GET /api/tasks 200 in 7ms (compile: 3ms, render: 4ms)
 DELETE /api/tasks/9578d131-88be-4166-8c02-7ac7ff251d49 200 in 9ms (compile: 4ms, render: 4ms)
 DELETE /api/tasks/c4c9cfd4-289e-475b-92a1-d1315dd3b133 200 in 6ms (compile: 1813µs, render: 4ms)
 POST /api/tasks 201 in 5ms (compile: 1318µs, render: 3ms)
 POST /api/tasks 201 in 3ms (compile: 814µs, render: 1788µs)
 GET /api/tasks 200 in 6ms (compile: 2ms, render: 4ms)
 DELETE /api/tasks/ba959dab-d755-4abd-8801-dd41abd4d81e 200 in 10ms (compile: 5ms, render: 5ms)
 DELETE /api/tasks/f2ec03ae-8ac1-4918-971f-2dd2b335de82 200 in 6ms (compile: 1518µs, render: 5ms)
 POST /api/tasks 201 in 6ms (compile: 1670µs, render: 4ms)
 POST /api/tasks 201 in 4ms (compile: 1371µs, render: 3ms)
 GET /api/tasks 200 in 7ms (compile: 2ms, render: 4ms)
 DELETE /api/tasks/1db169f5-681d-44ea-9add-c23cff4a1f13 200 in 9ms (compile: 4ms, render: 5ms)
 DELETE /api/tasks/d75869d2-558f-4f4b-a5b1-9650d8cc12c9 200 in 6ms (compile: 1698µs, render: 4ms)
 POST /api/tasks 201 in 4ms (compile: 955µs, render: 3ms)
 POST /api/tasks 201 in 3ms (compile: 572µs, render: 2ms)
 GET /api/tasks 200 in 6ms (compile: 2ms, render: 4ms)
 DELETE /api/tasks/bdf14edb-4e04-431b-bc4c-0f0efa077d23 200 in 9ms (compile: 4ms, render: 5ms)
 DELETE /api/tasks/1141e0ce-0a89-4fec-a9b4-b8038f297731 200 in 5ms (compile: 1577µs, render: 4ms)
 POST /api/tasks 201 in 5ms (compile: 1940µs, render: 3ms)
 POST /api/tasks 201 in 3ms (compile: 954µs, render: 2ms)
 GET /api/tasks 200 in 6ms (compile: 2ms, render: 4ms)
 DELETE /api/tasks/f675e1f3-0dda-415e-9d79-e6269d090cde 200 in 10ms (compile: 5ms, render: 5ms)
 DELETE /api/tasks/402932e5-d424-454e-b114-083fe1303218 200 in 5ms (compile: 1641µs, render: 4ms)
 POST /api/tasks 201 in 4ms (compile: 1149µs, render: 3ms)
 POST /api/tasks 201 in 2ms (compile: 505µs, render: 1542µs)
 GET /api/tasks 200 in 6ms (compile: 2ms, render: 4ms)
 DELETE /api/tasks/3a222863-031b-4573-9e34-527b55f2aee3 200 in 10ms (compile: 6ms, render: 5ms)
 DELETE /api/tasks/ffc78ed2-829c-4db3-9741-beac906cae92 200 in 5ms (compile: 1551µs, render: 4ms)
 POST /api/tasks 201 in 5ms (compile: 1294µs, render: 4ms)
 POST /api/tasks 201 in 4ms (compile: 1145µs, render: 3ms)
 GET /api/tasks 200 in 6ms (compile: 2ms, render: 4ms)
 DELETE /api/tasks/20365f39-e41d-4450-af23-739850e14c94 200 in 10ms (compile: 5ms, render: 4ms)
 DELETE /api/tasks/ccd4a627-a0c2-452e-a76f-0824b6cb4caf 200 in 5ms (compile: 1535µs, render: 3ms)
 POST /api/tasks 201 in 5ms (compile: 1270µs, render: 4ms)
 POST /api/tasks 201 in 4ms (compile: 1195µs, render: 3ms)
 GET /api/tasks 200 in 6ms (compile: 2ms, render: 4ms)
 DELETE /api/tasks/f2f3c688-a811-47c4-8c4a-a4cdd44d8f7c 200 in 10ms (compile: 5ms, render: 5ms)
 DELETE /api/tasks/f51945ff-5081-49c9-a1b0-96e47c73f3e2 200 in 5ms (compile: 1571µs, render: 4ms)
 POST /api/tasks 201 in 5ms (compile: 1525µs, render: 4ms)
 POST /api/tasks 201 in 3ms (compile: 807µs, render: 2ms)
 GET /api/tasks 200 in 7ms (compile: 2ms, render: 4ms)
 DELETE /api/tasks/35c49762-e93b-448f-8633-b322911f022f 200 in 10ms (compile: 5ms, render: 5ms)
 DELETE /api/tasks/ae783a60-86c5-4497-b411-74618531d370 200 in 5ms (compile: 1575µs, render: 4ms)
 POST /api/tasks 201 in 5ms (compile: 1452µs, render: 4ms)
 POST /api/tasks 201 in 3ms (compile: 871µs, render: 3ms)
 GET /api/tasks 200 in 6ms (compile: 2ms, render: 4ms)
 DELETE /api/tasks/5d73e474-340c-4fda-96c8-5c28d429e658 200 in 9ms (compile: 5ms, render: 5ms)
 DELETE /api/tasks/3aa2db99-3f02-47e5-85e4-40d38ff7edcb 200 in 5ms (compile: 1432µs, render: 4ms)
 POST /api/tasks 201 in 6ms (compile: 1836µs, render: 4ms)
 POST /api/tasks 201 in 4ms (compile: 1048µs, render: 2ms)
 GET /api/tasks 200 in 6ms (compile: 2ms, render: 4ms)
 DELETE /api/tasks/fd719816-546e-4d76-a9ab-2a6f87320051 200 in 9ms (compile: 4ms, render: 5ms)
 DELETE /api/tasks/2f96061d-d7ee-481c-a946-8d02ef205ad9 200 in 5ms (compile: 1507µs, render: 4ms)
 POST /api/tasks 201 in 5ms (compile: 1432µs, render: 4ms)
 POST /api/tasks 201 in 4ms (compile: 1110µs, render: 3ms)
 GET /api/tasks 200 in 6ms (compile: 2ms, render: 4ms)
 DELETE /api/tasks/24b90f25-02cb-445e-a77a-2fe226869025 200 in 9ms (compile: 4ms, render: 5ms)
 DELETE /api/tasks/c0920040-3781-4769-a997-27d2b72294e4 200 in 5ms (compile: 1498µs, render: 4ms)
 POST /api/tasks 201 in 5ms (compile: 1605µs, render: 4ms)
 POST /api/tasks 201 in 3ms (compile: 954µs, render: 2ms)
 GET /api/tasks 200 in 6ms (compile: 2ms, render: 4ms)
 DELETE /api/tasks/b1c30795-dcae-4f38-af9c-07eaf50959ae 200 in 9ms (compile: 4ms, render: 5ms)
 DELETE /api/tasks/5b00c766-0a7c-4850-a5bc-265831582528 200 in 5ms (compile: 1626µs, render: 4ms)
 POST /api/tasks 201 in 5ms (compile: 1636µs, render: 4ms)
 POST /api/tasks 201 in 4ms (compile: 1002µs, render: 3ms)
 GET /api/tasks 200 in 6ms (compile: 2ms, render: 4ms)
 DELETE /api/tasks/13a16560-0302-421e-883c-412cc6678d68 200 in 9ms (compile: 5ms, render: 4ms)
 DELETE /api/tasks/d97ff47d-fda6-4df8-bd10-13c1b9a8d3e1 200 in 5ms (compile: 1532µs, render: 3ms)
 POST /api/tasks 201 in 6ms (compile: 1375µs, render: 4ms)
 POST /api/tasks 201 in 4ms (compile: 1231µs, render: 3ms)
 GET /api/tasks 200 in 6ms (compile: 2ms, render: 4ms)
 DELETE /api/tasks/de82e8cb-6967-4061-932b-309913994425 200 in 9ms (compile: 4ms, render: 5ms)
 DELETE /api/tasks/56982565-6e6b-4c83-aeeb-0b837822d0a8 200 in 5ms (compile: 1520µs, render: 4ms)
 POST /api/tasks 201 in 6ms (compile: 1650µs, render: 4ms)
 POST /api/tasks 201 in 3ms (compile: 1031µs, render: 2ms)
 GET /api/tasks 200 in 6ms (compile: 2ms, render: 4ms)
 DELETE /api/tasks/8831b348-8d4a-4ac6-b63f-cd0902e8e0c4 200 in 9ms (compile: 5ms, render: 5ms)
 DELETE /api/tasks/98d5b4a0-095a-4c1c-b743-8e294d0da3c7 200 in 5ms (compile: 1415µs, render: 3ms)
 POST /api/tasks 201 in 5ms (compile: 1595µs, render: 3ms)
 POST /api/tasks 201 in 3ms (compile: 901µs, render: 3ms)
 GET /api/tasks 200 in 6ms (compile: 2ms, render: 4ms)
 DELETE /api/tasks/4b1f37dd-3c21-4b0e-8225-1e4699cea325 200 in 11ms (compile: 6ms, render: 5ms)
 DELETE /api/tasks/405cd283-269b-40a1-9114-2715565bd4b4 200 in 5ms (compile: 1548µs, render: 4ms)
 POST /api/tasks 201 in 5ms (compile: 1430µs, render: 4ms)
 POST /api/tasks 201 in 4ms (compile: 1123µs, render: 3ms)
 GET /api/tasks 200 in 6ms (compile: 2ms, render: 4ms)
 DELETE /api/tasks/deac748c-f458-49d0-be4d-b2e286485dbc 200 in 9ms (compile: 4ms, render: 5ms)
 DELETE /api/tasks/4d0e73ae-bc4c-491f-92c9-412a8809bb36 200 in 6ms (compile: 1686µs, render: 5ms)
 POST /api/tasks 201 in 6ms (compile: 1365µs, render: 5ms)
 POST /api/tasks 201 in 3ms (compile: 906µs, render: 1629µs)
 GET /api/tasks 200 in 5ms (compile: 2ms, render: 3ms)
 DELETE /api/tasks/cb8f5d2c-3eb0-494d-bb36-c480d5f02795 200 in 9ms (compile: 4ms, render: 4ms)
 DELETE /api/tasks/3b3dfc9e-3944-4498-a257-af954dd54883 200 in 5ms (compile: 1557µs, render: 4ms)
 POST /api/tasks 201 in 4ms (compile: 1612µs, render: 2ms)
 POST /api/tasks 201 in 3ms (compile: 723µs, render: 2ms)
 GET /api/tasks 200 in 6ms (compile: 2ms, render: 4ms)
 DELETE /api/tasks/8b9fdebb-d3f4-4db0-944a-39e253272a89 200 in 10ms (compile: 6ms, render: 5ms)
 DELETE /api/tasks/d4c2fc3f-c1da-4a35-a72f-0d8642304fd9 200 in 5ms (compile: 1533µs, render: 4ms)
 POST /api/tasks 201 in 5ms (compile: 1598µs, render: 4ms)
 POST /api/tasks 201 in 3ms (compile: 997µs, render: 2ms)
 GET /api/tasks 200 in 6ms (compile: 2ms, render: 4ms)
 DELETE /api/tasks/d7e61093-4621-4fee-84df-7256505dd352 200 in 10ms (compile: 6ms, render: 5ms)
 DELETE /api/tasks/32a054dc-df23-406c-a7aa-2b997f2b61db 200 in 5ms (compile: 1531µs, render: 4ms)
 POST /api/tasks 201 in 5ms (compile: 1394µs, render: 4ms)
 POST /api/tasks 201 in 2ms (compile: 690µs, render: 1448µs)
 GET /api/tasks 200 in 6ms (compile: 2ms, render: 4ms)
 DELETE /api/tasks/ab3c574b-91cc-402c-8dbf-f7551d19f86d 200 in 10ms (compile: 5ms, render: 5ms)
 DELETE /api/tasks/8578ea12-92dd-43b7-8a18-1caed5573e9d 200 in 5ms (compile: 1495µs, render: 4ms)
 POST /api/tasks 201 in 5ms (compile: 1353µs, render: 3ms)
 POST /api/tasks 201 in 2ms (compile: 452µs, render: 2ms)
 GET /api/tasks 200 in 6ms (compile: 2ms, render: 4ms)
 DELETE /api/tasks/595f5a54-8ebf-4e55-8fd7-c47b565bd182 200 in 10ms (compile: 5ms, render: 5ms)
 DELETE /api/tasks/22f9fb21-fd41-4f7f-a51b-c1621c3851db 200 in 6ms (compile: 1561µs, render: 4ms)
 POST /api/tasks 201 in 5ms (compile: 1716µs, render: 3ms)
 POST /api/tasks 201 in 3ms (compile: 959µs, render: 1869µs)
 GET /api/tasks 200 in 6ms (compile: 2ms, render: 4ms)
 DELETE /api/tasks/26a10c00-99fc-4bcb-89ba-421bb1d5865f 200 in 10ms (compile: 5ms, render: 5ms)
 DELETE /api/tasks/3184974d-81c5-4aff-b79d-5d9c827a8e46 200 in 6ms (compile: 1692µs, render: 4ms)
 POST /api/tasks 201 in 5ms (compile: 1437µs, render: 4ms)
 POST /api/tasks 201 in 3ms (compile: 927µs, render: 2ms)
 GET /api/tasks 200 in 6ms (compile: 2ms, render: 4ms)
 DELETE /api/tasks/83b3b174-91c0-4a69-a7e0-a70bdfd71ec6 200 in 10ms (compile: 5ms, render: 5ms)
 DELETE /api/tasks/0ba80fda-2c31-41d5-ba5c-559aed1fce0d 200 in 5ms (compile: 1518µs, render: 4ms)
 POST /api/tasks 201 in 5ms (compile: 1486µs, render: 3ms)
 POST /api/tasks 201 in 3ms (compile: 723µs, render: 1845µs)
 GET /api/tasks 200 in 6ms (compile: 2ms, render: 4ms)
 DELETE /api/tasks/343bffab-b71e-442a-ae2e-ade2bab2e9c1 200 in 9ms (compile: 4ms, render: 5ms)
 DELETE /api/tasks/aefb8b8d-0eb5-473d-9e34-41c0c86d13a6 200 in 5ms (compile: 1448µs, render: 4ms)
 POST /api/tasks 201 in 5ms (compile: 1367µs, render: 4ms)
 POST /api/tasks 201 in 3ms (compile: 968µs, render: 2ms)
 GET /api/tasks 200 in 6ms (compile: 2ms, render: 4ms)
 DELETE /api/tasks/534cb0b0-fba1-4ec8-aa52-58f35467de2f 200 in 13ms (compile: 5ms, render: 8ms)
 DELETE /api/tasks/9ba239af-1184-4c2e-8a20-9452612ac2bd 200 in 4ms (compile: 1002µs, render: 3ms)
 POST /api/tasks 201 in 3ms (compile: 743µs, render: 2ms)
 POST /api/tasks 201 in 2ms (compile: 616µs, render: 1791µs)
 GET /api/tasks 200 in 6ms (compile: 2ms, render: 4ms)
 DELETE /api/tasks/d7f83e6c-cc62-451b-895d-065c546f81ec 200 in 9ms (compile: 5ms, render: 5ms)
 DELETE /api/tasks/763f482f-5a71-438b-a040-53e3e424e888 200 in 5ms (compile: 1479µs, render: 4ms)
 POST /api/tasks 201 in 6ms (compile: 1717µs, render: 4ms)
 POST /api/tasks 201 in 4ms (compile: 1128µs, render: 2ms)
 GET /api/tasks 200 in 6ms (compile: 2ms, render: 4ms)
 DELETE /api/tasks/215340b0-addc-4b77-a85f-1ddef65903b1 200 in 10ms (compile: 5ms, render: 5ms)
 DELETE /api/tasks/59c038ec-058f-46f6-933d-5f7618d5fad3 200 in 6ms (compile: 1688µs, render: 5ms)
 POST /api/tasks 201 in 7ms (compile: 1104µs, render: 5ms)
 POST /api/tasks 201 in 4ms (compile: 799µs, render: 3ms)
 GET /api/tasks 200 in 6ms (compile: 2ms, render: 4ms)
 DELETE /api/tasks/74ad51c0-c209-4f78-b914-ed8fda227973 200 in 10ms (compile: 5ms, render: 5ms)
 DELETE /api/tasks/086f4065-6b2b-406f-aef1-c644349414f0 200 in 5ms (compile: 1487µs, render: 4ms)
 POST /api/tasks 201 in 4ms (compile: 1173µs, render: 3ms)
 POST /api/tasks 201 in 3ms (compile: 789µs, render: 1867µs)
 GET /api/tasks 200 in 6ms (compile: 2ms, render: 4ms)
 DELETE /api/tasks/fa503ec5-f89e-445b-be09-882fe2da099f 200 in 10ms (compile: 6ms, render: 5ms)
 DELETE /api/tasks/323f0017-41d8-43ce-a730-9bf0b0d51a8a 200 in 5ms (compile: 1593µs, render: 4ms)
 POST /api/tasks 201 in 4ms (compile: 1631µs, render: 3ms)
 POST /api/tasks 201 in 2ms (compile: 745µs, render: 1551µs)
 GET /api/tasks 200 in 6ms (compile: 2ms, render: 4ms)
 DELETE /api/tasks/96c6180a-a978-4dd0-bec5-9f7462ccc7f0 200 in 10ms (compile: 5ms, render: 5ms)
 DELETE /api/tasks/4127ee95-da55-4fce-9d33-9f04e83918d2 200 in 5ms (compile: 1527µs, render: 4ms)
 POST /api/tasks 201 in 4ms (compile: 1550µs, render: 3ms)
 POST /api/tasks 201 in 2ms (compile: 403µs, render: 1637µs)
 GET /api/tasks 200 in 6ms (compile: 2ms, render: 4ms)
 DELETE /api/tasks/65c4aa59-fee3-4425-b698-8f348f5d76d9 200 in 10ms (compile: 6ms, render: 5ms)
 DELETE /api/tasks/10b9ad9c-f49f-4b90-ba97-3e4ecd9b2aed 200 in 6ms (compile: 1706µs, render: 4ms)
 POST /api/tasks 201 in 5ms (compile: 1322µs, render: 3ms)
 POST /api/tasks 201 in 4ms (compile: 968µs, render: 3ms)
 GET /api/tasks 200 in 6ms (compile: 2ms, render: 4ms)
 DELETE /api/tasks/ead60f3c-8231-480d-9523-700bed02fa69 200 in 10ms (compile: 5ms, render: 5ms)
 DELETE /api/tasks/44004f66-ebf8-4618-b11d-74ed4f1460b5 200 in 5ms (compile: 1441µs, render: 4ms)
 POST /api/tasks 201 in 6ms (compile: 1450µs, render: 5ms)
 POST /api/tasks 201 in 5ms (compile: 1181µs, render: 3ms)
 GET /api/tasks 200 in 6ms (compile: 2ms, render: 4ms)
 DELETE /api/tasks/8a82e42b-115a-49be-ad45-51c6fff2839d 200 in 10ms (compile: 5ms, render: 5ms)
 DELETE /api/tasks/147dd865-b974-4bc3-8c07-ff9b5fc50f47 200 in 5ms (compile: 1508µs, render: 4ms)
 POST /api/tasks 201 in 5ms (compile: 1122µs, render: 4ms)
 POST /api/tasks 201 in 3ms (compile: 834µs, render: 3ms)
 GET /api/tasks 200 in 6ms (compile: 2ms, render: 3ms)
 DELETE /api/tasks/7f7bd2d5-7196-40d7-a5a9-ec2cef5bee98 200 in 10ms (compile: 5ms, render: 6ms)
 DELETE /api/tasks/806882ac-514e-47d2-8b93-066a91f425e3 200 in 5ms (compile: 1555µs, render: 4ms)
 POST /api/tasks 201 in 6ms (compile: 1771µs, render: 5ms)
 POST /api/tasks 201 in 4ms (compile: 1258µs, render: 3ms)
 GET /api/tasks 200 in 6ms (compile: 2ms, render: 4ms)
 DELETE /api/tasks/6c4ac30c-1530-46e5-8a1d-3ccdba244974 200 in 10ms (compile: 5ms, render: 5ms)
 DELETE /api/tasks/df3d9fb6-f432-46ef-b1f3-7d141bafda64 200 in 5ms (compile: 1522µs, render: 4ms)
 POST /api/tasks 201 in 5ms (compile: 1544µs, render: 4ms)
 POST /api/tasks 201 in 4ms (compile: 964µs, render: 3ms)
 GET /api/tasks 200 in 6ms (compile: 2ms, render: 4ms)
 DELETE /api/tasks/3ca8c90d-797d-4843-bd7f-bca8be67abc9 200 in 11ms (compile: 5ms, render: 6ms)
 DELETE /api/tasks/89de8d79-6e21-4e95-bf3a-a7ef96849e8f 200 in 6ms (compile: 1965µs, render: 4ms)
 POST /api/tasks 201 in 5ms (compile: 1493µs, render: 3ms)
 POST /api/tasks 201 in 4ms (compile: 927µs, render: 3ms)
 GET /api/tasks 200 in 6ms (compile: 2ms, render: 4ms)
 DELETE /api/tasks/084d71a4-74fa-4d1f-9c38-bb0749fe6707 200 in 9ms (compile: 4ms, render: 5ms)
 DELETE /api/tasks/65ae3569-cf69-48d8-b592-c2d604d1e3fd 200 in 5ms (compile: 1524µs, render: 3ms)
 POST /api/tasks 201 in 5ms (compile: 1404µs, render: 3ms)
 POST /api/tasks 201 in 4ms (compile: 910µs, render: 3ms)
 GET /api/tasks 200 in 6ms (compile: 2ms, render: 4ms)
 DELETE /api/tasks/9a210cf0-0736-4e3c-971e-46c6e45c791c 200 in 11ms (compile: 6ms, render: 6ms)
 DELETE /api/tasks/e2946c85-1190-4003-9f69-ca0fe13e8002 200 in 3ms (compile: 958µs, render: 2ms)
 POST /api/tasks 201 in 3ms (compile: 582µs, render: 1993µs)
 POST /api/tasks 201 in 3ms (compile: 678µs, render: 2ms)
 GET /api/tasks 200 in 6ms (compile: 2ms, render: 4ms)
 DELETE /api/tasks/4382d497-7d6c-4670-8062-3416ac05da87 200 in 9ms (compile: 4ms, render: 5ms)
 DELETE /api/tasks/ca82e75a-95dc-408e-8205-74dafe7c5241 200 in 5ms (compile: 1398µs, render: 4ms)
 POST /api/tasks 201 in 5ms (compile: 1294µs, render: 4ms)
 POST /api/tasks 201 in 4ms (compile: 1220µs, render: 3ms)
 GET /api/tasks 200 in 6ms (compile: 2ms, render: 4ms)
 DELETE /api/tasks/2ae1ca29-e127-49c4-a871-f1ed2445fa8d 200 in 10ms (compile: 5ms, render: 5ms)
 DELETE /api/tasks/aed6dc29-ebff-46cb-9eee-cc0969fe304e 200 in 5ms (compile: 1451µs, render: 4ms)
 POST /api/tasks 201 in 5ms (compile: 1426µs, render: 4ms)
 POST /api/tasks 201 in 3ms (compile: 937µs, render: 3ms)
 GET /api/tasks 200 in 6ms (compile: 2ms, render: 4ms)
 DELETE /api/tasks/33487138-6352-444f-a809-c5b6c2e5ee76 200 in 10ms (compile: 5ms, render: 6ms)
 DELETE /api/tasks/5c38bba0-2179-46f3-9fb1-66343bb3683b 200 in 6ms (compile: 1606µs, render: 4ms)
 POST /api/tasks 201 in 6ms (compile: 1490µs, render: 4ms)
 POST /api/tasks 201 in 4ms (compile: 1232µs, render: 3ms)
 GET /api/tasks 200 in 6ms (compile: 2ms, render: 4ms)
 DELETE /api/tasks/fc6f7386-fedc-4be9-a5b3-6fc58c451365 200 in 10ms (compile: 6ms, render: 5ms)
 DELETE /api/tasks/e359c3f5-2f6d-43f0-834a-184b5850546d 200 in 5ms (compile: 1420µs, render: 3ms)
 POST /api/tasks 201 in 5ms (compile: 1165µs, render: 4ms)
 POST /api/tasks 201 in 4ms (compile: 1161µs, render: 3ms)
 GET /api/tasks 200 in 6ms (compile: 2ms, render: 4ms)
 DELETE /api/tasks/c6ce6aa1-e5d9-470c-a477-970cf37a4cb1 200 in 9ms (compile: 5ms, render: 5ms)
 DELETE /api/tasks/d7a590f0-481a-48d0-8df5-c2ac5134c627 200 in 6ms (compile: 1656µs, render: 4ms)
 POST /api/tasks 201 in 5ms (compile: 1776µs, render: 3ms)
 POST /api/tasks 201 in 4ms (compile: 933µs, render: 3ms)
 GET /api/tasks 200 in 6ms (compile: 2ms, render: 4ms)
 DELETE /api/tasks/f055190b-6a03-40f3-83a0-ca707825eab5 200 in 9ms (compile: 4ms, render: 4ms)
 DELETE /api/tasks/cb6cb2bb-7b1b-403f-a96b-52179e92ccf3 200 in 5ms (compile: 1481µs, render: 4ms)
 POST /api/tasks 201 in 6ms (compile: 1936µs, render: 4ms)
 POST /api/tasks 201 in 5ms (compile: 1216µs, render: 3ms)
 GET /api/tasks 200 in 5ms (compile: 2ms, render: 3ms)
 DELETE /api/tasks/0014c109-83b4-492f-a464-d51f1185d428 200 in 11ms (compile: 5ms, render: 5ms)
 DELETE /api/tasks/cb6dc225-78bb-4174-8275-0fdb79697e5f 200 in 7ms (compile: 1896µs, render: 5ms)
 POST /api/tasks 201 in 6ms (compile: 1599µs, render: 4ms)
 POST /api/tasks 201 in 4ms (compile: 1188µs, render: 3ms)
 GET /api/tasks 200 in 6ms (compile: 2ms, render: 4ms)
 DELETE /api/tasks/99924606-20a8-460a-b09b-a7c9c40aecce 200 in 10ms (compile: 5ms, render: 5ms)
 DELETE /api/tasks/7078ac3b-e9ec-49ca-acdb-38578a74a500 200 in 5ms (compile: 1577µs, render: 4ms)
 POST /api/tasks 201 in 5ms (compile: 1513µs, render: 3ms)
 POST /api/tasks 201 in 3ms (compile: 926µs, render: 2ms)
 GET /api/tasks 200 in 6ms (compile: 2ms, render: 4ms)
 DELETE /api/tasks/5b7e4a52-0e35-4ad7-b68a-216bd0a212a3 200 in 10ms (compile: 5ms, render: 5ms)
 DELETE /api/tasks/0f660da2-06cd-4fb4-a253-f9e6cf7f3c24 200 in 5ms (compile: 1609µs, render: 4ms)
 POST /api/tasks 201 in 4ms (compile: 1364µs, render: 3ms)
 POST /api/tasks 201 in 3ms (compile: 894µs, render: 1942µs)
 GET /api/tasks 200 in 6ms (compile: 2ms, render: 4ms)
 DELETE /api/tasks/2ee2aeba-1e8a-49ac-9071-7a3d2720a47b 200 in 10ms (compile: 5ms, render: 5ms)
 DELETE /api/tasks/5c65693e-61a5-4424-b363-7437d6659b0a 200 in 6ms (compile: 1563µs, render: 4ms)
 POST /api/tasks 201 in 5ms (compile: 1625µs, render: 4ms)
 POST /api/tasks 201 in 3ms (compile: 1021µs, render: 1961µs)
 GET /api/tasks 200 in 6ms (compile: 2ms, render: 4ms)
 DELETE /api/tasks/af3e3056-fb9c-4867-9721-e1fa0de31b49 200 in 9ms (compile: 5ms, render: 5ms)
 DELETE /api/tasks/123d20ca-f183-45f0-9bf6-9b95a6ec0bd4 200 in 6ms (compile: 1835µs, render: 4ms)
 POST /api/tasks 201 in 5ms (compile: 1325µs, render: 3ms)
 POST /api/tasks 201 in 3ms (compile: 794µs, render: 1825µs)
 GET /api/tasks 200 in 6ms (compile: 2ms, render: 4ms)
 DELETE /api/tasks/493eab01-04d6-4251-aaad-608236a31330 200 in 9ms (compile: 4ms, render: 5ms)
 DELETE /api/tasks/9f255136-1106-4c21-bba1-6823debdad6a 200 in 6ms (compile: 1683µs, render: 4ms)
 POST /api/tasks 201 in 4ms (compile: 1257µs, render: 3ms)
 POST /api/tasks 201 in 2ms (compile: 760µs, render: 1257µs)
 GET /api/tasks 200 in 6ms (compile: 2ms, render: 4ms)
 DELETE /api/tasks/31fdc179-bfdc-4420-bd9d-159106b37e9e 200 in 13ms (compile: 6ms, render: 7ms)
 DELETE /api/tasks/41f532f9-3469-43ff-a7ba-e0316fbbd7c8 200 in 5ms (compile: 1927µs, render: 3ms)
 POST /api/tasks 201 in 3ms (compile: 889µs, render: 2ms)
 POST /api/tasks 201 in 1853µs (compile: 471µs, render: 1382µs)
 GET /api/tasks 200 in 6ms (compile: 2ms, render: 4ms)
 DELETE /api/tasks/1fa47da9-401f-4f5d-9410-b39b5cb1b403 200 in 10ms (compile: 6ms, render: 4ms)
 DELETE /api/tasks/a6659c03-8a6a-4315-b675-a5515a195259 200 in 5ms (compile: 1679µs, render: 4ms)
 POST /api/tasks 201 in 6ms (compile: 1304µs, render: 4ms)
 POST /api/tasks 201 in 4ms (compile: 1104µs, render: 3ms)
 GET /api/tasks 200 in 6ms (compile: 2ms, render: 4ms)
 DELETE /api/tasks/bf0252f7-51fa-44f3-8ed2-ebb64417bea4 200 in 9ms (compile: 5ms, render: 5ms)
 DELETE /api/tasks/86df17ec-9bbb-491e-b515-205bb64acf3e 200 in 6ms (compile: 1568µs, render: 4ms)
 POST /api/tasks 201 in 5ms (compile: 1501µs, render: 4ms)
 POST /api/tasks 201 in 4ms (compile: 956µs, render: 3ms)
 GET /api/tasks 200 in 6ms (compile: 2ms, render: 4ms)
 DELETE /api/tasks/539ed80b-f0e3-4be4-bb4c-a5ef4e28d7fd 200 in 9ms (compile: 5ms, render: 4ms)
 DELETE /api/tasks/b9f972e7-2255-46fd-ba1a-9f25d035d086 200 in 6ms (compile: 1651µs, render: 4ms)
 POST /api/tasks 201 in 5ms (compile: 1482µs, render: 4ms)
 POST /api/tasks 201 in 4ms (compile: 1163µs, render: 3ms)
 GET /api/tasks 200 in 5ms (compile: 1976µs, render: 3ms)
 DELETE /api/tasks/db76475d-ab8b-463a-ba7b-4b42c660d438 200 in 9ms (compile: 5ms, render: 4ms)
 DELETE /api/tasks/58e6fc83-2ea0-4732-a65d-1e55101f0d7e 200 in 5ms (compile: 1509µs, render: 3ms)
 POST /api/tasks 201 in 5ms (compile: 1140µs, render: 4ms)
 POST /api/tasks 201 in 3ms (compile: 1196µs, render: 2ms)
 GET /api/tasks 200 in 6ms (compile: 2ms, render: 4ms)
 DELETE /api/tasks/f6788912-0242-4260-86a5-a53e079d900b 200 in 9ms (compile: 5ms, render: 5ms)
 DELETE /api/tasks/d3afe912-d986-4fdc-ae24-5e08651eaffc 200 in 5ms (compile: 1570µs, render: 4ms)
 POST /api/tasks 201 in 4ms (compile: 1158µs, render: 3ms)
 POST /api/tasks 201 in 3ms (compile: 808µs, render: 2ms)
 GET /api/tasks 200 in 6ms (compile: 2ms, render: 4ms)
 DELETE /api/tasks/b45dcda7-df61-4b2f-b2c9-cc2f1beeaf48 200 in 10ms (compile: 5ms, render: 4ms)
 DELETE /api/tasks/98aca618-c406-47a6-8b4b-c425fe932008 200 in 5ms (compile: 1474µs, render: 3ms)
 POST /api/tasks 201 in 5ms (compile: 1775µs, render: 3ms)
 POST /api/tasks 201 in 2ms (compile: 774µs, render: 1704µs)
 GET /api/tasks 200 in 6ms (compile: 2ms, render: 4ms)
 DELETE /api/tasks/d4d4fce8-bd38-4869-acbb-0e52dcda9a97 200 in 9ms (compile: 5ms, render: 5ms)
 DELETE /api/tasks/602f65cd-c4be-4d0e-bf8f-53f2f113e0a9 200 in 5ms (compile: 1439µs, render: 4ms)
 POST /api/tasks 201 in 5ms (compile: 1792µs, render: 4ms)
 POST /api/tasks 201 in 3ms (compile: 798µs, render: 1988µs)
 GET /api/tasks 200 in 6ms (compile: 2ms, render: 4ms)
 DELETE /api/tasks/401893da-8cbc-4448-9d82-25480ca964db 200 in 9ms (compile: 5ms, render: 5ms)
 DELETE /api/tasks/3dad050a-3df5-40fc-9177-e88ac3909877 200 in 5ms (compile: 1372µs, render: 4ms)
 POST /api/tasks 201 in 6ms (compile: 1887µs, render: 4ms)
 POST /api/tasks 201 in 3ms (compile: 918µs, render: 2ms)
 GET /api/tasks 200 in 6ms (compile: 2ms, render: 4ms)
 DELETE /api/tasks/51c8e48e-5d6a-4763-859d-bdc32789c905 200 in 10ms (compile: 5ms, render: 5ms)
 DELETE /api/tasks/da92e0f0-2e06-43db-aa08-3e080d6869b0 200 in 5ms (compile: 1553µs, render: 4ms)
 POST /api/tasks 201 in 5ms (compile: 1368µs, render: 4ms)
 POST /api/tasks 201 in 4ms (compile: 1044µs, render: 3ms)
 GET /api/tasks 200 in 6ms (compile: 2ms, render: 4ms)
 DELETE /api/tasks/8e4bb0c4-cf80-4456-b2e6-7aa8b5cba085 200 in 9ms (compile: 4ms, render: 4ms)
 DELETE /api/tasks/c0eae9da-04b5-4e3e-bcd7-a0b1e5aed4ff 200 in 5ms (compile: 1449µs, render: 3ms)
 POST /api/tasks 201 in 5ms (compile: 1343µs, render: 4ms)
 POST /api/tasks 201 in 4ms (compile: 1134µs, render: 2ms)
 GET /api/tasks 200 in 6ms (compile: 2ms, render: 4ms)
 DELETE /api/tasks/ec929b6c-72a1-4dcf-b6fe-3d6c53049326 200 in 10ms (compile: 5ms, render: 5ms)
 DELETE /api/tasks/a7bec7de-5988-4018-93de-efdcff0cfe7e 200 in 5ms (compile: 1473µs, render: 3ms)
 POST /api/tasks 201 in 5ms (compile: 1340µs, render: 4ms)
 POST /api/tasks 201 in 4ms (compile: 1113µs, render: 3ms)
 GET /api/tasks 200 in 6ms (compile: 2ms, render: 4ms)
 DELETE /api/tasks/cc3dd513-e520-49f6-86f9-c2a4b95897fb 200 in 10ms (compile: 5ms, render: 5ms)
 DELETE /api/tasks/055a3ed5-14e7-48ce-8623-da1c27f80e01 200 in 5ms (compile: 1615µs, render: 4ms)
 POST /api/tasks 201 in 6ms (compile: 1644µs, render: 4ms)
 POST /api/tasks 201 in 4ms (compile: 1180µs, render: 3ms)
 GET /api/tasks 200 in 6ms (compile: 2ms, render: 4ms)
 DELETE /api/tasks/244e2a1e-fa66-4f39-b7fe-474af39bce9c 200 in 9ms (compile: 5ms, render: 4ms)
 DELETE /api/tasks/2680fbd1-60fb-4458-8680-9a599b54d73c 200 in 5ms (compile: 1470µs, render: 4ms)
 POST /api/tasks 201 in 5ms (compile: 1233µs, render: 4ms)
 POST /api/tasks 201 in 5ms (compile: 1572µs, render: 3ms)
 GET /api/tasks 200 in 6ms (compile: 2ms, render: 4ms)
 DELETE /api/tasks/0d583274-3e19-4603-9e5a-6bf70de8df40 200 in 9ms (compile: 4ms, render: 5ms)
 DELETE /api/tasks/4dbcf4da-4668-4e3d-bf89-56a1f6f9ebdf 200 in 5ms (compile: 1449µs, render: 4ms)
 POST /api/tasks 201 in 6ms (compile: 1501µs, render: 4ms)
 POST /api/tasks 201 in 5ms (compile: 1390µs, render: 3ms)
 GET /api/tasks 200 in 6ms (compile: 2ms, render: 4ms)
 DELETE /api/tasks/d85651d3-e44a-45fc-a9ba-3483e6917744 200 in 9ms (compile: 4ms, render: 4ms)
 DELETE /api/tasks/80b3100d-e7c9-481d-b3e4-f2007182387e 200 in 5ms (compile: 1485µs, render: 4ms)
 POST /api/tasks 201 in 5ms (compile: 1531µs, render: 4ms)
 POST /api/tasks 201 in 3ms (compile: 863µs, render: 2ms)
 GET /api/tasks 200 in 6ms (compile: 2ms, render: 4ms)
 DELETE /api/tasks/7eb3b138-a380-40a0-9311-285d1cf54be5 200 in 9ms (compile: 4ms, render: 5ms)
 DELETE /api/tasks/16d648e1-e2de-4f07-ab59-edb0f7b92fd7 200 in 5ms (compile: 1518µs, render: 4ms)
 POST /api/tasks 201 in 5ms (compile: 1622µs, render: 4ms)
 POST /api/tasks 201 in 4ms (compile: 1075µs, render: 3ms)
 GET /api/tasks 200 in 6ms (compile: 2ms, render: 4ms)
 DELETE /api/tasks/66da870b-7dc0-4c8e-8b48-88073890890f 200 in 9ms (compile: 4ms, render: 5ms)
 DELETE /api/tasks/365238a0-dac1-4326-9e6e-453e0accbfb1 200 in 5ms (compile: 1468µs, render: 4ms)
 POST /api/tasks 201 in 5ms (compile: 1335µs, render: 4ms)
 POST /api/tasks 201 in 4ms (compile: 1077µs, render: 3ms)
 GET /api/tasks 200 in 6ms (compile: 2ms, render: 3ms)
 DELETE /api/tasks/b55be10a-ec20-485f-a417-4ec8eeb68cba 200 in 10ms (compile: 5ms, render: 5ms)
 DELETE /api/tasks/02f2b828-e591-4bdc-983b-fde14e48c14b 200 in 5ms (compile: 1610µs, render: 4ms)
 POST /api/tasks 201 in 6ms (compile: 1448µs, render: 4ms)
 POST /api/tasks 201 in 4ms (compile: 1286µs, render: 3ms)
 GET /api/tasks 200 in 6ms (compile: 2ms, render: 4ms)
 DELETE /api/tasks/459a0e33-cde8-4c82-961e-88cb5fc3e695 200 in 10ms (compile: 5ms, render: 4ms)
 DELETE /api/tasks/7c9f4b78-81ae-4acc-ba9d-5eefc2dac51d 200 in 5ms (compile: 1414µs, render: 3ms)
 POST /api/tasks 201 in 5ms (compile: 1531µs, render: 4ms)
 POST /api/tasks 201 in 3ms (compile: 951µs, render: 3ms)
 GET /api/tasks 200 in 6ms (compile: 2ms, render: 3ms)
 DELETE /api/tasks/471b7e8e-b41f-468f-9fa4-7ec04a335631 200 in 9ms (compile: 4ms, render: 5ms)
 DELETE /api/tasks/5d2008a8-765b-47ac-a5fa-53d2dbc2a475 200 in 5ms (compile: 1535µs, render: 4ms)
 POST /api/tasks 201 in 6ms (compile: 1536µs, render: 4ms)
 POST /api/tasks 201 in 4ms (compile: 1179µs, render: 3ms)
 GET /api/tasks 200 in 4ms (compile: 1522µs, render: 2ms)
 DELETE /api/tasks/4acb152d-7d20-42b7-a51c-c283972657e4 200 in 8ms (compile: 4ms, render: 4ms)
 DELETE /api/tasks/dcdbc054-0a93-4a64-bde9-3dcae3ee6da8 200 in 4ms (compile: 1103µs, render: 3ms)
 POST /api/tasks 201 in 4ms (compile: 956µs, render: 3ms)
 POST /api/tasks 201 in 4ms (compile: 911µs, render: 3ms)
 GET /api/tasks 200 in 6ms (compile: 2ms, render: 4ms)
 DELETE /api/tasks/acdc4957-5354-4b16-abeb-661d4a7c9068 200 in 9ms (compile: 5ms, render: 4ms)
 DELETE /api/tasks/3816794f-9bd9-4168-a782-daba2c666bc1 200 in 5ms (compile: 1627µs, render: 4ms)
 POST /api/tasks 201 in 6ms (compile: 1435µs, render: 4ms)
 POST /api/tasks 201 in 4ms (compile: 1115µs, render: 3ms)
 GET /api/tasks 200 in 6ms (compile: 2ms, render: 4ms)
 DELETE /api/tasks/2df0ac9a-951c-4514-af17-82c89e8db773 200 in 10ms (compile: 5ms, render: 5ms)
 DELETE /api/tasks/074a0c90-4143-4ce0-b925-03365a9331c2 200 in 6ms (compile: 1703µs, render: 4ms)
 POST /api/tasks 201 in 4ms (compile: 1330µs, render: 3ms)
 POST /api/tasks 201 in 3ms (compile: 705µs, render: 2ms)
 GET /api/tasks 200 in 6ms (compile: 2ms, render: 4ms)
 DELETE /api/tasks/6649afc9-9bf8-490f-b940-6fa81e6c5e2e 200 in 10ms (compile: 5ms, render: 5ms)
 DELETE /api/tasks/6fa13bea-6044-43ae-bb41-41b3161157bf 200 in 5ms (compile: 1537µs, render: 4ms)
 POST /api/tasks 201 in 4ms (compile: 1494µs, render: 3ms)
 POST /api/tasks 201 in 3ms (compile: 549µs, render: 2ms)
 GET /api/tasks 200 in 6ms (compile: 2ms, render: 4ms)
 DELETE /api/tasks/4d596188-c78f-4589-a236-917c8f8117ea 200 in 11ms (compile: 6ms, render: 5ms)
 DELETE /api/tasks/c9334a83-a8fd-4fb7-ba4a-d1a93c8592a9 200 in 5ms (compile: 1765µs, render: 3ms)
 POST /api/tasks 201 in 5ms (compile: 1693µs, render: 3ms)
 POST /api/tasks 201 in 4ms (compile: 951µs, render: 3ms)
 GET /api/tasks 200 in 6ms (compile: 2ms, render: 4ms)
 DELETE /api/tasks/b070fff3-0174-49f4-baa3-2705ee239cc0 200 in 10ms (compile: 5ms, render: 5ms)
 DELETE /api/tasks/8ba47025-6859-491f-872a-13b3ba29b49c 200 in 5ms (compile: 1505µs, render: 4ms)
 POST /api/tasks 201 in 6ms (compile: 1671µs, render: 4ms)
 POST /api/tasks 201 in 3ms (compile: 1069µs, render: 1843µs)
 GET /api/tasks 200 in 6ms (compile: 2ms, render: 4ms)
 DELETE /api/tasks/1c8f5758-23dd-421b-bf75-f70327513416 200 in 9ms (compile: 4ms, render: 4ms)
 DELETE /api/tasks/6b03b071-1dd8-486e-9ceb-be7fc0782901 200 in 5ms (compile: 1493µs, render: 4ms)
 POST /api/tasks 201 in 4ms (compile: 999µs, render: 3ms)
 POST /api/tasks 201 in 2ms (compile: 355µs, render: 1969µs)
 GET /api/tasks 200 in 6ms (compile: 2ms, render: 4ms)
 DELETE /api/tasks/264dac82-990f-42db-99d7-6cdbf9f6a6ab 200 in 10ms (compile: 5ms, render: 5ms)
 DELETE /api/tasks/6cece7c8-e20d-4324-b281-5254ba7a5969 200 in 6ms (compile: 1646µs, render: 4ms)
 POST /api/tasks 201 in 5ms (compile: 1546µs, render: 3ms)
 POST /api/tasks 201 in 2ms (compile: 793µs, render: 1678µs)
 GET /api/tasks 200 in 6ms (compile: 2ms, render: 4ms)
 DELETE /api/tasks/101f6ec5-b137-4d9d-a865-dbde4a05160b 200 in 9ms (compile: 5ms, render: 4ms)
 DELETE /api/tasks/01d1420e-1ce4-4cb6-a7f5-11c642fb1f0d 200 in 5ms (compile: 1537µs, render: 4ms)
 POST /api/tasks 201 in 4ms (compile: 1193µs, render: 3ms)
 POST /api/tasks 201 in 3ms (compile: 395µs, render: 2ms)
 GET /api/tasks 200 in 6ms (compile: 2ms, render: 4ms)
 DELETE /api/tasks/71b1f3c6-bacc-4438-ae6a-4dab1c73e868 200 in 9ms (compile: 5ms, render: 5ms)
 DELETE /api/tasks/7ad3e90a-bcb8-40a8-a407-93dd928249e6 200 in 5ms (compile: 1557µs, render: 4ms)
 POST /api/tasks 201 in 4ms (compile: 960µs, render: 3ms)
 POST /api/tasks 201 in 1986µs (compile: 564µs, render: 1422µs)
 GET /api/tasks 200 in 6ms (compile: 2ms, render: 4ms)
 DELETE /api/tasks/e2fc5190-d604-4015-9cdb-d2938511100b 200 in 10ms (compile: 5ms, render: 4ms)
 DELETE /api/tasks/6b2858a7-8842-4a95-9d6f-968ee2bd9136 200 in 5ms (compile: 1499µs, render: 3ms)
 POST /api/tasks 201 in 5ms (compile: 1221µs, render: 4ms)
 POST /api/tasks 201 in 4ms (compile: 1208µs, render: 3ms)
 GET /api/tasks 200 in 6ms (compile: 2ms, render: 4ms)
 DELETE /api/tasks/83d60f0f-a235-4e67-a629-f0261c3347bb 200 in 9ms (compile: 5ms, render: 5ms)
 DELETE /api/tasks/85f2f88d-7836-4224-8313-560cb4e1d6fe 200 in 5ms (compile: 1486µs, render: 4ms)
 POST /api/tasks 201 in 5ms (compile: 1623µs, render: 4ms)
 POST /api/tasks 201 in 3ms (compile: 846µs, render: 3ms)
 GET /api/tasks 200 in 6ms (compile: 2ms, render: 4ms)
 DELETE /api/tasks/70881e7b-b90e-4b1a-afc7-8b4a71e915d3 200 in 10ms (compile: 5ms, render: 5ms)
 DELETE /api/tasks/dd464bf6-1858-488e-a92f-1b2c8e256fc4 200 in 5ms (compile: 1392µs, render: 3ms)
 POST /api/tasks 201 in 5ms (compile: 1367µs, render: 4ms)
 POST /api/tasks 201 in 4ms (compile: 1087µs, render: 3ms)
 GET /api/tasks 200 in 6ms (compile: 2ms, render: 4ms)
 DELETE /api/tasks/9d436510-1ad2-4d23-a866-c78299658127 200 in 10ms (compile: 5ms, render: 5ms)
 DELETE /api/tasks/d1da3759-ce75-435b-8cbc-0852d282993e 200 in 5ms (compile: 1257µs, render: 4ms)
 POST /api/tasks 201 in 4ms (compile: 1482µs, render: 3ms)
 POST /api/tasks 201 in 3ms (compile: 666µs, render: 1967µs)
 GET /api/tasks 200 in 6ms (compile: 2ms, render: 4ms)
 DELETE /api/tasks/27f4df03-d4bc-4205-9ec3-f0c44adac09b 200 in 10ms (compile: 5ms, render: 5ms)
 DELETE /api/tasks/f4b3fdeb-638e-478a-b5ac-d22a9419a0d3 200 in 5ms (compile: 1558µs, render: 4ms)
 POST /api/tasks 201 in 4ms (compile: 1107µs, render: 3ms)
 POST /api/tasks 201 in 3ms (compile: 705µs, render: 2ms)
 GET /api/tasks 200 in 6ms (compile: 2ms, render: 4ms)
 DELETE /api/tasks/f5a9c5b8-27e5-4ae3-8932-e756aad02d42 200 in 9ms (compile: 4ms, render: 5ms)
 DELETE /api/tasks/ff275b81-d6a3-47ab-8130-73a16a0f940b 200 in 5ms (compile: 1547µs, render: 4ms)
 POST /api/tasks 201 in 5ms (compile: 1915µs, render: 3ms)
 POST /api/tasks 201 in 3ms (compile: 882µs, render: 2ms)
 GET /api/tasks 200 in 6ms (compile: 2ms, render: 4ms)
 DELETE /api/tasks/86b3aa70-83f0-4915-9395-c29afc3d3264 200 in 10ms (compile: 5ms, render: 5ms)
 DELETE /api/tasks/1f8053ba-6a42-4f44-9f3f-e9998ff95652 200 in 5ms (compile: 1431µs, render: 4ms)
 POST /api/tasks 201 in 6ms (compile: 1491µs, render: 4ms)
 POST /api/tasks 201 in 7ms (compile: 1173µs, render: 5ms)
 GET /api/tasks 200 in 6ms (compile: 2ms, render: 4ms)
 DELETE /api/tasks/e136260c-d835-4569-a795-c9e1fa61dc8b 200 in 10ms (compile: 6ms, render: 5ms)
 DELETE /api/tasks/2d155f93-423a-4641-8442-69c31b25b7f8 200 in 6ms (compile: 1745µs, render: 4ms)
 POST /api/tasks 201 in 5ms (compile: 1621µs, render: 3ms)
 POST /api/tasks 201 in 3ms (compile: 741µs, render: 2ms)
 GET /api/tasks 200 in 5ms (compile: 1956µs, render: 3ms)
 DELETE /api/tasks/0dd23895-2f52-4ddd-b271-4d3dc10fb4ec 200 in 9ms (compile: 4ms, render: 5ms)
 DELETE /api/tasks/481e5b00-17b4-49a1-a6b1-f70cad945f54 200 in 5ms (compile: 1447µs, render: 4ms)
 POST /api/tasks 201 in 6ms (compile: 1521µs, render: 4ms)
 POST /api/tasks 201 in 4ms (compile: 1150µs, render: 2ms)
 GET /api/tasks 200 in 6ms (compile: 2ms, render: 4ms)
 DELETE /api/tasks/e09ceaff-4905-4f80-ad32-e213908b411e 200 in 10ms (compile: 5ms, render: 5ms)
 DELETE /api/tasks/744ebcc0-835f-435a-824d-5e4272a19fca 200 in 5ms (compile: 1473µs, render: 3ms)
 POST /api/tasks 201 in 5ms (compile: 1356µs, render: 4ms)
 POST /api/tasks 201 in 4ms (compile: 1179µs, render: 3ms)
 GET /api/tasks 200 in 6ms (compile: 2ms, render: 4ms)
 DELETE /api/tasks/a3217bfe-d239-4a22-8e70-1ea8cb796174 200 in 10ms (compile: 5ms, render: 4ms)
 DELETE /api/tasks/26b645d8-4831-4d40-ba39-a5baa0aab45b 200 in 6ms (compile: 1704µs, render: 4ms)
 POST /api/tasks 201 in 6ms (compile: 1463µs, render: 4ms)
 POST /api/tasks 201 in 4ms (compile: 1385µs, render: 3ms)
 GET /api/tasks 200 in 6ms (compile: 2ms, render: 4ms)
 DELETE /api/tasks/08588bfe-20d1-4ead-8075-feb34083d6f2 200 in 10ms (compile: 5ms, render: 5ms)
 DELETE /api/tasks/b82516a9-24c9-4725-a11c-50b09a716f28 200 in 5ms (compile: 1469µs, render: 4ms)
 POST /api/tasks 201 in 5ms (compile: 1475µs, render: 4ms)
 POST /api/tasks 201 in 4ms (compile: 1124µs, render: 3ms)
 GET /api/tasks 200 in 7ms (compile: 3ms, render: 4ms)
 DELETE /api/tasks/4918bb03-7507-4e89-afa3-3ca2b02b829c 200 in 11ms (compile: 5ms, render: 5ms)
 DELETE /api/tasks/f6439fa8-883f-4406-a85d-1673a86df92a 200 in 3ms (compile: 934µs, render: 2ms)
 POST /api/tasks 201 in 3ms (compile: 588µs, render: 1936µs)
 POST /api/tasks 201 in 3ms (compile: 653µs, render: 2ms)
 GET /api/tasks 200 in 6ms (compile: 2ms, render: 4ms)
 DELETE /api/tasks/4d753e79-b440-4a69-9f88-3d3198acd1ce 200 in 10ms (compile: 5ms, render: 4ms)
 DELETE /api/tasks/3ef995af-b543-49be-a9ea-636989082586 200 in 5ms (compile: 1981µs, render: 3ms)
 POST /api/tasks 201 in 6ms (compile: 1444µs, render: 4ms)
 POST /api/tasks 201 in 4ms (compile: 1133µs, render: 3ms)
 GET /api/tasks 200 in 6ms (compile: 2ms, render: 4ms)
 DELETE /api/tasks/8401d722-c2cf-400e-9e09-7e91f5194cf0 200 in 10ms (compile: 5ms, render: 5ms)
 DELETE /api/tasks/ecb7b765-78e2-4b78-b75f-32c2b470c995 200 in 5ms (compile: 1481µs, render: 3ms)
 POST /api/tasks 201 in 6ms (compile: 1485µs, render: 4ms)
 POST /api/tasks 201 in 3ms (compile: 904µs, render: 2ms)
 GET /api/tasks 200 in 6ms (compile: 2ms, render: 4ms)
 DELETE /api/tasks/7fe35aa4-9167-4ff9-a60c-84f7bdbf8879 200 in 9ms (compile: 5ms, render: 5ms)
 DELETE /api/tasks/5680bb22-3e9a-4009-bd48-f51d2724341a 200 in 5ms (compile: 1896µs, render: 4ms)
 POST /api/tasks 201 in 5ms (compile: 1529µs, render: 4ms)
 POST /api/tasks 201 in 3ms (compile: 853µs, render: 2ms)
 GET /api/tasks 200 in 6ms (compile: 2ms, render: 4ms)
 DELETE /api/tasks/a9db84b2-5464-400a-b71a-4f52a143e0b2 200 in 9ms (compile: 4ms, render: 5ms)
 DELETE /api/tasks/09a44685-bb3b-465f-9d3c-ef8ba5666060 200 in 5ms (compile: 1472µs, render: 4ms)
 POST /api/tasks 201 in 5ms (compile: 1373µs, render: 4ms)
 POST /api/tasks 201 in 5ms (compile: 1452µs, render: 4ms)
 GET /api/tasks 200 in 6ms (compile: 2ms, render: 4ms)
 DELETE /api/tasks/9205e507-19a6-406f-85e0-06034179151c 200 in 10ms (compile: 5ms, render: 5ms)
 DELETE /api/tasks/4b2b3b22-30e6-48e6-b5c3-61491669d0d5 200 in 5ms (compile: 1533µs, render: 4ms)
 POST /api/tasks 201 in 5ms (compile: 1378µs, render: 3ms)
 POST /api/tasks 201 in 3ms (compile: 900µs, render: 3ms)
 GET /api/tasks 200 in 6ms (compile: 3ms, render: 3ms)
 DELETE /api/tasks/f2e7c17c-f17c-4804-8178-95dedc50757c 200 in 9ms (compile: 5ms, render: 4ms)
 DELETE /api/tasks/e7526d53-637b-4da5-96b9-202dab87386f 200 in 5ms (compile: 1583µs, render: 4ms)
 POST /api/tasks 201 in 6ms (compile: 1845µs, render: 4ms)
 POST /api/tasks 201 in 4ms (compile: 1212µs, render: 3ms)
 GET /api/tasks 200 in 4ms (compile: 1881µs, render: 3ms)
 DELETE /api/tasks/4b678b8e-3f77-4a34-a072-71672a159f14 200 in 6ms (compile: 2ms, render: 3ms)
 DELETE /api/tasks/aa609b94-1a7a-4ee5-b505-39210dd8c0c8 200 in 4ms (compile: 966µs, render: 3ms)
 POST /api/tasks 201 in 4ms (compile: 980µs, render: 3ms)
 POST /api/tasks 201 in 4ms (compile: 934µs, render: 3ms)
 GET /api/tasks 200 in 6ms (compile: 2ms, render: 4ms)
 DELETE /api/tasks/3371ec40-e24b-477e-a1ca-602a997440d7 200 in 10ms (compile: 5ms, render: 5ms)
 DELETE /api/tasks/a12649a6-b785-4276-8182-dc58325701ef 200 in 5ms (compile: 1495µs, render: 3ms)
 POST /api/tasks 201 in 5ms (compile: 1229µs, render: 3ms)
 POST /api/tasks 201 in 4ms (compile: 894µs, render: 3ms)
 GET /api/tasks 200 in 6ms (compile: 2ms, render: 4ms)
 DELETE /api/tasks/3e00e64e-8c11-4daa-af8f-9583b6940bee 200 in 9ms (compile: 4ms, render: 5ms)
 DELETE /api/tasks/f82d3f48-1d3d-4c6e-a5f3-c8addcd74e47 200 in 5ms (compile: 1477µs, render: 4ms)
 POST /api/tasks 201 in 5ms (compile: 1311µs, render: 4ms)
 POST /api/tasks 201 in 4ms (compile: 1172µs, render: 3ms)
 GET /api/tasks 200 in 6ms (compile: 2ms, render: 4ms)
 DELETE /api/tasks/4641539a-42dc-4ede-8e7a-8864ac2c16c2 200 in 9ms (compile: 4ms, render: 5ms)
 DELETE /api/tasks/b03d37d9-d9d8-4f1d-bf37-64af2b8ef3be 200 in 5ms (compile: 1576µs, render: 4ms)
 POST /api/tasks 201 in 5ms (compile: 1724µs, render: 4ms)
 POST /api/tasks 201 in 3ms (compile: 811µs, render: 2ms)
 GET /api/tasks 200 in 6ms (compile: 2ms, render: 4ms)
 DELETE /api/tasks/ae3af9fb-4d8a-448b-b501-5e3c3bf16470 200 in 9ms (compile: 5ms, render: 4ms)
 DELETE /api/tasks/2fa8a6fd-cf93-4cde-b7d6-c1ceb7644816 200 in 6ms (compile: 1699µs, render: 4ms)
 POST /api/tasks 201 in 4ms (compile: 1174µs, render: 3ms)
 POST /api/tasks 201 in 3ms (compile: 532µs, render: 2ms)
 GET /api/tasks 200 in 6ms (compile: 2ms, render: 4ms)
 DELETE /api/tasks/67c92c5f-e884-456d-8f1a-69966fe2a65b 200 in 9ms (compile: 4ms, render: 5ms)
 DELETE /api/tasks/bf6a988f-5e06-45be-9dfd-c8502441103a 200 in 6ms (compile: 1639µs, render: 4ms)
 POST /api/tasks 201 in 4ms (compile: 1442µs, render: 2ms)
 POST /api/tasks 201 in 3ms (compile: 818µs, render: 1901µs)
 GET /api/tasks 200 in 6ms (compile: 2ms, render: 4ms)
 DELETE /api/tasks/151ce696-f8bb-45c7-9f56-4daaca8cc052 200 in 11ms (compile: 5ms, render: 6ms)
 DELETE /api/tasks/d823fc19-f824-41de-ad21-e6a36f359ef7 200 in 3ms (compile: 589µs, render: 1994µs)
 POST /api/tasks 201 in 3ms (compile: 714µs, render: 1885µs)
 POST /api/tasks 201 in 2ms (compile: 429µs, render: 1576µs)
 GET /api/tasks 200 in 6ms (compile: 2ms, render: 4ms)
 DELETE /api/tasks/76b202d5-1336-493b-831a-ed203a7ae809 200 in 9ms (compile: 5ms, render: 4ms)
 DELETE /api/tasks/8fa89a8a-82b9-4854-a284-00d67dcb0ef9 200 in 5ms (compile: 1490µs, render: 4ms)
 POST /api/tasks 201 in 4ms (compile: 1005µs, render: 3ms)
 POST /api/tasks 201 in 3ms (compile: 794µs, render: 2ms)
 GET /api/tasks 200 in 6ms (compile: 2ms, render: 4ms)
 DELETE /api/tasks/5dffc943-efc3-4e73-b6ed-9012446e2a8c 200 in 9ms (compile: 5ms, render: 5ms)
 DELETE /api/tasks/5cf8f8d9-c1e5-4023-88a7-7c05d27ecb71 200 in 6ms (compile: 1667µs, render: 4ms)
 POST /api/tasks 201 in 5ms (compile: 1447µs, render: 3ms)
 POST /api/tasks 201 in 3ms (compile: 818µs, render: 1970µs)
 GET /api/tasks 200 in 6ms (compile: 2ms, render: 4ms)
 DELETE /api/tasks/17afaf3b-5e75-4d2a-b713-4369c8448b59 200 in 9ms (compile: 4ms, render: 5ms)
 DELETE /api/tasks/b522261c-33bb-41a1-a45a-da3117acb0b4 200 in 6ms (compile: 1843µs, render: 4ms)
 POST /api/tasks 201 in 4ms (compile: 1370µs, render: 3ms)
 POST /api/tasks 201 in 3ms (compile: 804µs, render: 2ms)
 GET /api/tasks 200 in 6ms (compile: 2ms, render: 3ms)
 DELETE /api/tasks/45808e82-cea4-4424-8a19-c8b5d7eace5a 200 in 9ms (compile: 4ms, render: 5ms)
 DELETE /api/tasks/504408d9-b4d1-45c0-97d4-2b067df0be9d 200 in 5ms (compile: 1499µs, render: 3ms)
 POST /api/tasks 201 in 5ms (compile: 1604µs, render: 4ms)
 POST /api/tasks 201 in 4ms (compile: 1017µs, render: 3ms)
 GET /api/tasks 200 in 6ms (compile: 2ms, render: 4ms)
 DELETE /api/tasks/f704fe1f-07a6-4453-b200-4e7f46fdc097 200 in 10ms (compile: 6ms, render: 4ms)
 DELETE /api/tasks/947f9a00-dbd0-4668-b1dd-1244d9103b3d 200 in 5ms (compile: 1598µs, render: 4ms)
 POST /api/tasks 201 in 6ms (compile: 1492µs, render: 4ms)
 POST /api/tasks 201 in 5ms (compile: 1280µs, render: 3ms)
 GET /api/tasks 200 in 6ms (compile: 2ms, render: 4ms)
 DELETE /api/tasks/1e98ac07-125e-40ab-99bd-fe0737258051 200 in 10ms (compile: 5ms, render: 5ms)
 DELETE /api/tasks/c1994ef8-0e2b-48c1-9855-f7b6a76f557b 200 in 5ms (compile: 1487µs, render: 3ms)
 POST /api/tasks 201 in 6ms (compile: 1832µs, render: 4ms)
 POST /api/tasks 201 in 4ms (compile: 1087µs, render: 3ms)
 GET /api/tasks 200 in 6ms (compile: 2ms, render: 4ms)
 DELETE /api/tasks/e813ddd7-6ed4-46b5-aab1-a5ed1dcf6deb 200 in 11ms (compile: 6ms, render: 5ms)
 DELETE /api/tasks/26b38e94-1ca3-4c44-9f9e-9359fdc3b03a 200 in 6ms (compile: 1736µs, render: 4ms)
 POST /api/tasks 201 in 5ms (compile: 1210µs, render: 4ms)
 POST /api/tasks 201 in 3ms (compile: 826µs, render: 2ms)
 GET /api/tasks 200 in 6ms (compile: 2ms, render: 4ms)
 DELETE /api/tasks/bd071c5a-49f6-43fd-90bf-bf3856f8dabc 200 in 11ms (compile: 6ms, render: 5ms)
 DELETE /api/tasks/ff94daf6-2697-42da-95a5-fc2f562f4be6 200 in 6ms (compile: 1677µs, render: 4ms)
 POST /api/tasks 201 in 5ms (compile: 1501µs, render: 3ms)
 POST /api/tasks 201 in 3ms (compile: 726µs, render: 2ms)
 GET /api/tasks 200 in 6ms (compile: 2ms, render: 4ms)
 DELETE /api/tasks/87108d21-dbd8-4c97-85e4-4e6ab207ddaa 200 in 10ms (compile: 6ms, render: 4ms)
 DELETE /api/tasks/6b4f27c5-e51a-4a85-8712-07d9fb58abe3 200 in 5ms (compile: 1427µs, render: 3ms)
 POST /api/tasks 201 in 5ms (compile: 1525µs, render: 4ms)
 POST /api/tasks 201 in 3ms (compile: 1116µs, render: 2ms)
 GET /api/tasks 200 in 6ms (compile: 2ms, render: 4ms)
 DELETE /api/tasks/37769511-2365-4413-8809-9de9cf206dfb 200 in 9ms (compile: 5ms, render: 4ms)
 DELETE /api/tasks/96bc47d7-ffb4-4240-a739-8d6b934c5064 200 in 6ms (compile: 1768µs, render: 4ms)
 POST /api/tasks 201 in 5ms (compile: 1730µs, render: 3ms)
 POST /api/tasks 201 in 3ms (compile: 808µs, render: 2ms)
 GET /api/tasks 200 in 6ms (compile: 2ms, render: 4ms)
 DELETE /api/tasks/d95250ba-3a5a-4c0d-a87c-3e86d05f2b27 200 in 10ms (compile: 5ms, render: 5ms)
 DELETE /api/tasks/838997a8-1d87-4354-8022-7f7e19a5662f 200 in 5ms (compile: 1456µs, render: 4ms)
 POST /api/tasks 201 in 5ms (compile: 1421µs, render: 4ms)
 POST /api/tasks 201 in 3ms (compile: 829µs, render: 1953µs)
 GET /api/tasks 200 in 5ms (compile: 1813µs, render: 3ms)
 DELETE /api/tasks/02534d67-7c8e-4d37-8ded-15832127ea43 200 in 9ms (compile: 4ms, render: 5ms)
 DELETE /api/tasks/abada3e4-e64f-445c-b628-eed8ad57b554 200 in 5ms (compile: 1502µs, render: 4ms)
 POST /api/tasks 201 in 6ms (compile: 1491µs, render: 4ms)
 POST /api/tasks 201 in 4ms (compile: 1424µs, render: 2ms)
 GET /api/tasks 200 in 6ms (compile: 2ms, render: 4ms)
 DELETE /api/tasks/87c9cbd6-081c-4787-94f1-1cc8de1162a6 200 in 11ms (compile: 5ms, render: 6ms)
 DELETE /api/tasks/8ee473e1-0f60-4e3b-ae8d-04f9eacadd47 200 in 3ms (compile: 956µs, render: 2ms)
 POST /api/tasks 201 in 1957µs (compile: 390µs, render: 1566µs)
 POST /api/tasks 201 in 3ms (compile: 748µs, render: 1950µs)
 GET /api/tasks 200 in 6ms (compile: 2ms, render: 4ms)
 DELETE /api/tasks/82887c2d-c7ab-4d52-836e-ea5aa60717ec 200 in 10ms (compile: 5ms, render: 5ms)
 DELETE /api/tasks/10571b32-c657-4b37-952a-6f73d281394b 200 in 5ms (compile: 1527µs, render: 3ms)
 POST /api/tasks 201 in 5ms (compile: 1457µs, render: 4ms)
 POST /api/tasks 201 in 4ms (compile: 1216µs, render: 3ms)
 GET /api/tasks 200 in 6ms (compile: 2ms, render: 4ms)
 DELETE /api/tasks/5ef0fa9c-b1f5-4264-85a9-ba876f642bd1 200 in 10ms (compile: 5ms, render: 5ms)
 DELETE /api/tasks/91f91fd0-ffab-414d-994a-269fd55ea221 200 in 5ms (compile: 1443µs, render: 4ms)
 POST /api/tasks 201 in 5ms (compile: 1432µs, render: 4ms)
 POST /api/tasks 201 in 3ms (compile: 933µs, render: 2ms)
 GET /api/tasks 200 in 6ms (compile: 2ms, render: 4ms)
 DELETE /api/tasks/981baf44-180d-4625-b97e-27677209ea2f 200 in 10ms (compile: 5ms, render: 5ms)
 DELETE /api/tasks/a84aac1d-1619-4ac4-af93-3be9b6cadae3 200 in 5ms (compile: 1564µs, render: 4ms)
 POST /api/tasks 201 in 6ms (compile: 1544µs, render: 4ms)
 POST /api/tasks 201 in 4ms (compile: 1003µs, render: 3ms)
 GET /api/tasks 200 in 7ms (compile: 2ms, render: 5ms)
 DELETE /api/tasks/4d8b3d53-a03d-4007-b3b4-c416acfc9751 200 in 9ms (compile: 5ms, render: 5ms)
 DELETE /api/tasks/09684d55-638f-482d-a327-1302ceec88ea 200 in 6ms (compile: 1681µs, render: 4ms)
 POST /api/tasks 201 in 5ms (compile: 1554µs, render: 4ms)
 POST /api/tasks 201 in 3ms (compile: 822µs, render: 2ms)
 GET /api/tasks 200 in 6ms (compile: 2ms, render: 4ms)
 DELETE /api/tasks/9276c4e5-8c59-49bf-b63e-ffd7e27bcbda 200 in 9ms (compile: 4ms, render: 5ms)
 DELETE /api/tasks/33c69091-0e6d-4fa5-98b6-43eee6657ede 200 in 5ms (compile: 1572µs, render: 4ms)
 POST /api/tasks 201 in 6ms (compile: 1618µs, render: 5ms)
 POST /api/tasks 201 in 4ms (compile: 1168µs, render: 3ms)
 GET /api/tasks 200 in 6ms (compile: 2ms, render: 4ms)
 DELETE /api/tasks/a3eb5912-29bb-4266-9810-50d612f343de 200 in 10ms (compile: 5ms, render: 4ms)
 DELETE /api/tasks/b605aa36-8e58-43ae-a827-8d1047f08e89 200 in 5ms (compile: 1498µs, render: 4ms)
 POST /api/tasks 201 in 6ms (compile: 1827µs, render: 4ms)
 POST /api/tasks 201 in 4ms (compile: 1080µs, render: 3ms)
 GET /api/tasks 200 in 6ms (compile: 2ms, render: 4ms)
 DELETE /api/tasks/cd5aca68-71b8-42b5-867c-f35a66c4c990 200 in 11ms (compile: 5ms, render: 6ms)
 DELETE /api/tasks/eec361bb-916a-4b52-825a-3f8d29925a9a 200 in 5ms (compile: 1544µs, render: 4ms)
 POST /api/tasks 201 in 6ms (compile: 1311µs, render: 4ms)
 POST /api/tasks 201 in 4ms (compile: 1193µs, render: 3ms)
 GET /api/tasks 200 in 6ms (compile: 2ms, render: 4ms)
 DELETE /api/tasks/7bdba4c5-e502-49ab-aafa-c2f4286830e3 200 in 9ms (compile: 4ms, render: 5ms)
 DELETE /api/tasks/5e9f6dc9-4742-4b91-bf14-e87497dec8ce 200 in 5ms (compile: 1440µs, render: 4ms)
 POST /api/tasks 201 in 5ms (compile: 1409µs, render: 4ms)
 POST /api/tasks 201 in 4ms (compile: 1121µs, render: 3ms)
 GET /api/tasks 200 in 6ms (compile: 2ms, render: 4ms)
 DELETE /api/tasks/85e9c85e-2f86-4aa2-85ca-a9e384eeebc4 200 in 9ms (compile: 5ms, render: 5ms)
 DELETE /api/tasks/82aa6fc1-f8e5-484f-9a12-c1b0e8e6c16b 200 in 5ms (compile: 1446µs, render: 4ms)
 POST /api/tasks 201 in 5ms (compile: 1334µs, render: 4ms)
 POST /api/tasks 201 in 4ms (compile: 1094µs, render: 3ms)
 GET /api/tasks 200 in 4ms (compile: 1080µs, render: 2ms)
 DELETE /api/tasks/da5afbe2-bc3d-415f-8e05-304ad667b9a9 200 in 5ms (compile: 3ms, render: 3ms)
 DELETE /api/tasks/8c792bbb-0105-442a-a44d-a139996eb5f0 200 in 4ms (compile: 1103µs, render: 3ms)
 POST /api/tasks 201 in 4ms (compile: 1337µs, render: 3ms)
 POST /api/tasks 201 in 3ms (compile: 835µs, render: 2ms)
 GET /api/tasks 200 in 6ms (compile: 2ms, render: 4ms)
 DELETE /api/tasks/7e493fb8-2884-405f-802b-6a458fa367d8 200 in 10ms (compile: 6ms, render: 4ms)
 DELETE /api/tasks/6b9d0700-0515-4c29-9935-bb377fb2c897 200 in 6ms (compile: 1672µs, render: 4ms)
 POST /api/tasks 201 in 5ms (compile: 1329µs, render: 4ms)
 POST /api/tasks 201 in 5ms (compile: 1327µs, render: 3ms)
 GET /api/tasks 200 in 6ms (compile: 2ms, render: 4ms)
 DELETE /api/tasks/bdb74a34-5faa-47c1-8c79-a8f0676d48b5 200 in 9ms (compile: 5ms, render: 5ms)
 DELETE /api/tasks/8f2eed80-fccb-487d-849f-796a55356f96 200 in 5ms (compile: 1527µs, render: 4ms)
 POST /api/tasks 201 in 6ms (compile: 1682µs, render: 4ms)
 POST /api/tasks 201 in 5ms (compile: 1368µs, render: 3ms)
 GET /api/tasks 200 in 4ms (compile: 1629µs, render: 3ms)
 DELETE /api/tasks/f351b939-6db4-41f1-b8b3-33fc744b5110 200 in 10ms (compile: 5ms, render: 5ms)
 DELETE /api/tasks/f9b821ff-fa94-48cd-9191-4ef8f3a2abbd 200 in 3ms (compile: 969µs, render: 1850µs)
 POST /api/tasks 201 in 3ms (compile: 647µs, render: 1866µs)
 POST /api/tasks 201 in 2ms (compile: 459µs, render: 1790µs)
 GET /api/tasks 200 in 6ms (compile: 2ms, render: 4ms)
 DELETE /api/tasks/f6dbd8bf-c650-499b-a6ec-2a04f9420d3d 200 in 9ms (compile: 5ms, render: 4ms)
 DELETE /api/tasks/3209388d-fc6b-420c-a03e-a426bf4485e7 200 in 5ms (compile: 1614µs, render: 4ms)
 POST /api/tasks 201 in 4ms (compile: 1091µs, render: 3ms)
 POST /api/tasks 201 in 3ms (compile: 1018µs, render: 2ms)
 GET /api/tasks 200 in 6ms (compile: 2ms, render: 4ms)
 DELETE /api/tasks/f5e13e84-ac34-44c2-a19a-49c7c7dbd4b1 200 in 9ms (compile: 5ms, render: 4ms)
 DELETE /api/tasks/8c439777-f946-4b48-9254-542cd8d31cdd 200 in 5ms (compile: 1580µs, render: 4ms)
 POST /api/tasks 201 in 4ms (compile: 1241µs, render: 3ms)
 POST /api/tasks 201 in 1528µs (compile: 333µs, render: 1195µs)
 GET /api/tasks 200 in 6ms (compile: 2ms, render: 4ms)
 DELETE /api/tasks/487e13e4-b534-4feb-8c3e-c9338077f4f5 200 in 9ms (compile: 4ms, render: 5ms)
 DELETE /api/tasks/84b8fa92-2062-404a-b7ab-5d3f202c1daa 200 in 6ms (compile: 1847µs, render: 4ms)
 POST /api/tasks 201 in 4ms (compile: 1181µs, render: 3ms)
 POST /api/tasks 201 in 2ms (compile: 667µs, render: 1560µs)
 GET /api/tasks 200 in 6ms (compile: 2ms, render: 4ms)
 DELETE /api/tasks/5883b808-0c08-490d-a62e-c290b85a9092 200 in 9ms (compile: 5ms, render: 5ms)
 DELETE /api/tasks/a2a409a0-fbe4-46a3-89f2-313eb983632e 200 in 5ms (compile: 1450µs, render: 4ms)
 POST /api/tasks 201 in 6ms (compile: 1361µs, render: 4ms)
 POST /api/tasks 201 in 3ms (compile: 992µs, render: 1831µs)
 GET /api/tasks 200 in 5ms (compile: 2ms, render: 3ms)
 DELETE /api/tasks/efd587fa-b7b1-4a79-b246-162f6f8a62ca 200 in 9ms (compile: 5ms, render: 5ms)
 DELETE /api/tasks/134141b2-49d1-4b2a-aa9a-63a23ae85787 200 in 6ms (compile: 1742µs, render: 4ms)
 POST /api/tasks 201 in 6ms (compile: 1522µs, render: 4ms)
 POST /api/tasks 201 in 4ms (compile: 1385µs, render: 3ms)
 GET /api/tasks 200 in 6ms (compile: 2ms, render: 4ms)
 DELETE /api/tasks/576d7a16-dc6b-4dce-bac3-e1524f036dca 200 in 10ms (compile: 5ms, render: 5ms)
 DELETE /api/tasks/9321c9d5-55ef-4f9c-8994-216e3f8c6b0a 200 in 5ms (compile: 1563µs, render: 4ms)
 POST /api/tasks 201 in 6ms (compile: 1580µs, render: 4ms)
 POST /api/tasks 201 in 4ms (compile: 1111µs, render: 3ms)
 GET /api/tasks 200 in 6ms (compile: 2ms, render: 4ms)
 DELETE /api/tasks/c9fb8a74-695f-4833-ad37-fe6e03e1bd3a 200 in 10ms (compile: 5ms, render: 5ms)
 DELETE /api/tasks/eceb3d3f-d991-4d4e-9efd-9a018f175022 200 in 5ms (compile: 1395µs, render: 4ms)
 POST /api/tasks 201 in 5ms (compile: 1263µs, render: 4ms)
 POST /api/tasks 201 in 4ms (compile: 1216µs, render: 3ms)
 GET /api/tasks 200 in 6ms (compile: 2ms, render: 4ms)
 DELETE /api/tasks/4687ddbc-9d73-49d5-85c2-3f0de82de853 200 in 9ms (compile: 5ms, render: 4ms)
 DELETE /api/tasks/196ab3eb-2558-4479-a5ef-e22f675e9dca 200 in 5ms (compile: 1393µs, render: 3ms)
 POST /api/tasks 201 in 5ms (compile: 1307µs, render: 4ms)
 POST /api/tasks 201 in 3ms (compile: 844µs, render: 2ms)
 GET /api/tasks 200 in 6ms (compile: 2ms, render: 4ms)
 DELETE /api/tasks/69b0a4e9-cd47-4a21-aef8-02988d21efa1 200 in 9ms (compile: 4ms, render: 4ms)
 DELETE /api/tasks/f37594f8-dc23-4196-84b9-5f808c78f73c 200 in 5ms (compile: 1428µs, render: 3ms)
 POST /api/tasks 201 in 5ms (compile: 1292µs, render: 4ms)
 POST /api/tasks 201 in 4ms (compile: 1255µs, render: 2ms)
 GET /api/tasks 200 in 6ms (compile: 1819µs, render: 4ms)
 DELETE /api/tasks/81ceb578-52e4-461a-a772-57781d32d8a0 200 in 10ms (compile: 5ms, render: 5ms)
 DELETE /api/tasks/3e9284cf-9515-47ff-bcd4-671054a12487 200 in 6ms (compile: 1688µs, render: 4ms)
 POST /api/tasks 201 in 4ms (compile: 973µs, render: 3ms)
 POST /api/tasks 201 in 3ms (compile: 549µs, render: 2ms)
 GET /api/tasks 200 in 6ms (compile: 2ms, render: 4ms)
 DELETE /api/tasks/75f2ca72-7fd8-40b0-95d0-15bd17643ceb 200 in 10ms (compile: 5ms, render: 5ms)
 DELETE /api/tasks/52d81ab9-5975-41d2-a342-b5af3fcf5711 200 in 6ms (compile: 1838µs, render: 4ms)
 POST /api/tasks 201 in 5ms (compile: 1472µs, render: 3ms)
 POST /api/tasks 201 in 2ms (compile: 655µs, render: 1832µs)
 GET /api/tasks 200 in 6ms (compile: 2ms, render: 4ms)
 DELETE /api/tasks/87fc478f-bc90-4141-a7e3-34e21934c013 200 in 10ms (compile: 5ms, render: 5ms)
 DELETE /api/tasks/e5b90d79-c7db-4b1f-a676-d4d3cc1a6c93 200 in 7ms (compile: 1543µs, render: 5ms)
 POST /api/tasks 201 in 4ms (compile: 1356µs, render: 3ms)
 POST /api/tasks 201 in 3ms (compile: 664µs, render: 1971µs)
 GET /api/tasks 200 in 6ms (compile: 2ms, render: 4ms)
 DELETE /api/tasks/bfe9ad17-d2a2-4968-9d02-c72619ac9aa3 200 in 11ms (compile: 5ms, render: 6ms)
 DELETE /api/tasks/2766f708-7da6-4d67-b339-9a74bbaa0709 200 in 10ms (compile: 8ms, render: 1929µs)
 POST /api/tasks 201 in 3ms (compile: 450µs, render: 2ms)
 POST /api/tasks 201 in 2ms (compile: 606µs, render: 1618µs)
 GET /api/tasks 200 in 6ms (compile: 2ms, render: 4ms)
 DELETE /api/tasks/4c94dc22-8e45-4697-8bf1-1a8c1bb34c2f 200 in 11ms (compile: 5ms, render: 5ms)
 DELETE /api/tasks/fe46771d-eaa9-465c-b1a4-fd197e297bd8 200 in 6ms (compile: 1771µs, render: 4ms)
 POST /api/tasks 201 in 4ms (compile: 995µs, render: 3ms)
 POST /api/tasks 201 in 2ms (compile: 745µs, render: 1263µs)
 GET /api/tasks 200 in 6ms (compile: 2ms, render: 4ms)
 DELETE /api/tasks/2e21c141-e5b0-498d-8034-60fb4faa0fc9 200 in 10ms (compile: 6ms, render: 5ms)
 DELETE /api/tasks/0b90cfc3-bafe-44d8-a35a-cf01e5de86de 200 in 7ms (compile: 2ms, render: 4ms)
 POST /api/tasks 201 in 4ms (compile: 1380µs, render: 3ms)
 POST /api/tasks 201 in 2ms (compile: 685µs, render: 1805µs)
 GET /api/tasks 200 in 6ms (compile: 2ms, render: 4ms)
 DELETE /api/tasks/d59bcac6-a489-465b-b46e-eccb501e72a0 200 in 9ms (compile: 4ms, render: 4ms)
 DELETE /api/tasks/e63e73a9-43e1-4c82-b801-587e1fefbd61 200 in 5ms (compile: 1478µs, render: 4ms)
 POST /api/tasks 201 in 5ms (compile: 1626µs, render: 3ms)
 POST /api/tasks 201 in 3ms (compile: 1024µs, render: 2ms)
 GET /api/tasks 200 in 6ms (compile: 2ms, render: 4ms)
 DELETE /api/tasks/fa2e3a08-895f-41c1-ac97-ebc8e0bf002d 200 in 9ms (compile: 4ms, render: 5ms)
 DELETE /api/tasks/49e1ac54-d0a5-4bc5-bf60-b9dd7074f8bf 200 in 5ms (compile: 1442µs, render: 4ms)
 POST /api/tasks 201 in 5ms (compile: 1330µs, render: 4ms)
 POST /api/tasks 201 in 4ms (compile: 1159µs, render: 3ms)
 GET /api/tasks 200 in 6ms (compile: 2ms, render: 4ms)
 DELETE /api/tasks/dbdbf5f4-506e-4b12-bc25-d184cf1b7990 200 in 8ms (compile: 4ms, render: 4ms)
 DELETE /api/tasks/d82d84d8-0081-4d12-9d62-f36c7c470c28 200 in 5ms (compile: 1608µs, render: 4ms)
 POST /api/tasks 201 in 6ms (compile: 1433µs, render: 4ms)
 POST /api/tasks 201 in 4ms (compile: 1139µs, render: 3ms)
 GET /api/tasks 200 in 6ms (compile: 2ms, render: 4ms)
 DELETE /api/tasks/6ec4e986-5d7c-44b9-81fd-dbdf55bfa0fc 200 in 9ms (compile: 4ms, render: 5ms)
 DELETE /api/tasks/750a0af1-efb9-440d-af34-221d7c180cd5 200 in 5ms (compile: 1451µs, render: 3ms)
 POST /api/tasks 201 in 6ms (compile: 2ms, render: 4ms)
 POST /api/tasks 201 in 4ms (compile: 1022µs, render: 3ms)
 GET /api/tasks 200 in 6ms (compile: 2ms, render: 4ms)
 DELETE /api/tasks/a6882fa2-d3f6-4395-b4ed-2a12a0b6fd11 200 in 9ms (compile: 4ms, render: 5ms)
 DELETE /api/tasks/7fb69dab-4152-4bd6-bd44-a1af0f4c5d95 200 in 5ms (compile: 1419µs, render: 3ms)
 POST /api/tasks 201 in 5ms (compile: 1508µs, render: 4ms)
 POST /api/tasks 201 in 3ms (compile: 929µs, render: 2ms)
 GET /api/tasks 200 in 6ms (compile: 2ms, render: 4ms)
 DELETE /api/tasks/b6c849a0-2f26-4da3-b137-b7fdcb77ef08 200 in 9ms (compile: 5ms, render: 5ms)
 DELETE /api/tasks/7948c9b6-08cc-43ad-881b-9d7f96c12fd8 200 in 5ms (compile: 1521µs, render: 4ms)
 POST /api/tasks 201 in 5ms (compile: 1438µs, render: 4ms)
 POST /api/tasks 201 in 3ms (compile: 835µs, render: 3ms)
 GET /api/tasks 200 in 6ms (compile: 2ms, render: 4ms)
 DELETE /api/tasks/3a69daee-a4ce-4233-8b5f-7a382dfa4c52 200 in 9ms (compile: 4ms, render: 5ms)
 DELETE /api/tasks/ae4c7772-40f7-4e02-a4bb-278b12983c39 200 in 5ms (compile: 1395µs, render: 3ms)
 POST /api/tasks 201 in 5ms (compile: 1488µs, render: 4ms)
 POST /api/tasks 201 in 4ms (compile: 1005µs, render: 3ms)
 GET /api/tasks 200 in 6ms (compile: 2ms, render: 4ms)
 DELETE /api/tasks/a6e90db5-a730-4f25-b248-71731ec1c05f 200 in 10ms (compile: 5ms, render: 5ms)
 DELETE /api/tasks/cbe842e2-5c68-4750-ac6f-38588e4443c4 200 in 5ms (compile: 1503µs, render: 3ms)
 POST /api/tasks 201 in 5ms (compile: 1340µs, render: 4ms)
 POST /api/tasks 201 in 3ms (compile: 764µs, render: 2ms)
 GET /api/tasks 200 in 6ms (compile: 2ms, render: 4ms)
 DELETE /api/tasks/c77ebe89-c235-4286-a760-9110de1f0e0d 200 in 10ms (compile: 5ms, render: 5ms)
 DELETE /api/tasks/e9f2910d-86a0-4d0e-97ad-87044d7e1280 200 in 5ms (compile: 1528µs, render: 4ms)
 POST /api/tasks 201 in 5ms (compile: 1489µs, render: 4ms)
 POST /api/tasks 201 in 4ms (compile: 1063µs, render: 3ms)
 GET /api/tasks 200 in 6ms (compile: 2ms, render: 4ms)
 DELETE /api/tasks/dcf1fe33-5115-4cf8-8789-acda4ca65339 200 in 9ms (compile: 4ms, render: 5ms)
 DELETE /api/tasks/8e0688a3-e777-46bb-acc7-cc1a851059a5 200 in 5ms (compile: 1526µs, render: 4ms)
 POST /api/tasks 201 in 5ms (compile: 1554µs, render: 4ms)
 POST /api/tasks 201 in 4ms (compile: 1097µs, render: 3ms)
 GET /api/tasks 200 in 6ms (compile: 2ms, render: 4ms)
 DELETE /api/tasks/b8a27c52-2368-449f-96bf-68ee0b6224dc 200 in 12ms (compile: 5ms, render: 7ms)
 DELETE /api/tasks/dc5baf96-e793-4360-bbf4-909eed50cc9e 200 in 4ms (compile: 1058µs, render: 2ms)
 POST /api/tasks 201 in 3ms (compile: 697µs, render: 2ms)
 POST /api/tasks 201 in 3ms (compile: 593µs, render: 1928µs)
 GET /api/tasks 200 in 6ms (compile: 2ms, render: 4ms)
 DELETE /api/tasks/03d5d45d-d3f6-40f3-847f-04986758228b 200 in 9ms (compile: 5ms, render: 4ms)
 DELETE /api/tasks/cf5c73a4-234a-4d4b-9074-d89506f0e63c 200 in 5ms (compile: 1384µs, render: 3ms)
 POST /api/tasks 201 in 5ms (compile: 1281µs, render: 4ms)
 POST /api/tasks 201 in 3ms (compile: 975µs, render: 2ms)
 GET /api/tasks 200 in 6ms (compile: 2ms, render: 4ms)
 DELETE /api/tasks/e1109a43-945e-47dd-a27f-1752a0e14f90 200 in 10ms (compile: 5ms, render: 5ms)
 DELETE /api/tasks/6e673422-2dc8-4e58-9f5e-fa4fffff3626 200 in 5ms (compile: 1508µs, render: 4ms)
 POST /api/tasks 201 in 6ms (compile: 1869µs, render: 4ms)
 POST /api/tasks 201 in 4ms (compile: 1134µs, render: 3ms)
 GET /api/tasks 200 in 5ms (compile: 1726µs, render: 4ms)
 DELETE /api/tasks/348c6ff3-f523-4689-a672-9dee28960385 200 in 9ms (compile: 5ms, render: 4ms)
 DELETE /api/tasks/c3a18d3a-9a2e-4528-aa94-fa4a4faec887 200 in 5ms (compile: 1696µs, render: 4ms)
 POST /api/tasks 201 in 5ms (compile: 1482µs, render: 3ms)
 POST /api/tasks 201 in 3ms (compile: 545µs, render: 2ms)
 GET /api/tasks 200 in 6ms (compile: 2ms, render: 4ms)
 DELETE /api/tasks/5132e774-fddc-46fe-9741-d990ed0c30e1 200 in 9ms (compile: 5ms, render: 5ms)
 DELETE /api/tasks/5252f63a-8975-48d3-b60a-ec803dfd3c2d 200 in 5ms (compile: 1462µs, render: 4ms)
 POST /api/tasks 201 in 5ms (compile: 1253µs, render: 4ms)
 POST /api/tasks 201 in 4ms (compile: 962µs, render: 3ms)
 GET /api/tasks 200 in 6ms (compile: 2ms, render: 4ms)
 DELETE /api/tasks/1822148b-f393-4605-b3f7-368f71d3058a 200 in 9ms (compile: 5ms, render: 5ms)
 DELETE /api/tasks/fcbf680a-e7ff-49df-9522-83edf6fe5a1a 200 in 5ms (compile: 1534µs, render: 4ms)
 POST /api/tasks 201 in 4ms (compile: 995µs, render: 3ms)
 POST /api/tasks 201 in 2ms (compile: 535µs, render: 1622µs)
 GET /api/tasks 200 in 6ms (compile: 2ms, render: 4ms)
 DELETE /api/tasks/130bc3d0-c4b0-472c-b0e2-44404826a726 200 in 9ms (compile: 5ms, render: 5ms)
 DELETE /api/tasks/888a70bd-6e40-4e8d-a559-64530ed054b2 200 in 6ms (compile: 1687µs, render: 4ms)
 POST /api/tasks 201 in 5ms (compile: 1785µs, render: 3ms)
 POST /api/tasks 201 in 4ms (compile: 997µs, render: 3ms)
 GET /api/tasks 200 in 6ms (compile: 2ms, render: 4ms)
 DELETE /api/tasks/9db39950-d724-4d8d-9814-7e697e34a4b5 200 in 10ms (compile: 6ms, render: 5ms)
 DELETE /api/tasks/4c33a18e-faae-48da-83fa-5f81cc88487f 200 in 5ms (compile: 1427µs, render: 4ms)
 POST /api/tasks 201 in 5ms (compile: 1497µs, render: 4ms)
 POST /api/tasks 201 in 4ms (compile: 1071µs, render: 2ms)
 GET /api/tasks 200 in 5ms (compile: 1918µs, render: 3ms)
 DELETE /api/tasks/59ab2239-d0ac-4471-a8d4-39cbf603be5a 200 in 10ms (compile: 5ms, render: 5ms)
 DELETE /api/tasks/0f70f7e6-3018-4cfb-a876-ee59bfa2e3fc 200 in 5ms (compile: 1436µs, render: 3ms)
 POST /api/tasks 201 in 5ms (compile: 1534µs, render: 3ms)
 POST /api/tasks 201 in 3ms (compile: 978µs, render: 2ms)
 GET /api/tasks 200 in 6ms (compile: 2ms, render: 4ms)
 DELETE /api/tasks/92aa4e49-9bff-4237-8ac2-7c643c2f78f6 200 in 10ms (compile: 6ms, render: 5ms)
 DELETE /api/tasks/ae6cfb83-dfde-4a5c-8795-1c1bab49ff5e 200 in 5ms (compile: 1574µs, render: 4ms)
 POST /api/tasks 201 in 5ms (compile: 1230µs, render: 4ms)
 POST /api/tasks 201 in 3ms (compile: 1057µs, render: 2ms)
 GET /api/tasks 200 in 6ms (compile: 2ms, render: 4ms)
 DELETE /api/tasks/8bcf743f-cc8e-4397-ae33-8466eaced16c 200 in 10ms (compile: 5ms, render: 5ms)
 DELETE /api/tasks/07976525-9c55-48bd-9b53-4664cde2d500 200 in 6ms (compile: 1653µs, render: 4ms)
 POST /api/tasks 201 in 5ms (compile: 1394µs, render: 4ms)
 POST /api/tasks 201 in 3ms (compile: 817µs, render: 2ms)
 GET /api/tasks 200 in 6ms (compile: 2ms, render: 4ms)
 DELETE /api/tasks/1263dee7-a43a-4636-af3c-67c20388352a 200 in 9ms (compile: 4ms, render: 5ms)
 DELETE /api/tasks/dd041696-7987-4388-8831-282bdc56fe77 200 in 5ms (compile: 1463µs, render: 4ms)
 POST /api/tasks 201 in 6ms (compile: 1667µs, render: 4ms)
 POST /api/tasks 201 in 4ms (compile: 1080µs, render: 3ms)
 GET /api/tasks 200 in 6ms (compile: 2ms, render: 4ms)
 DELETE /api/tasks/8bb10503-c686-4cb6-bd56-dd370932ea1a 200 in 9ms (compile: 4ms, render: 5ms)
 DELETE /api/tasks/d70592bc-fea0-4a8b-9372-71939a0beeaa 200 in 5ms (compile: 1542µs, render: 4ms)
 POST /api/tasks 201 in 5ms (compile: 1623µs, render: 4ms)
 POST /api/tasks 201 in 3ms (compile: 859µs, render: 2ms)
 GET /api/tasks 200 in 6ms (compile: 2ms, render: 4ms)
 DELETE /api/tasks/97f080e4-2b90-4d99-af22-0fa9543d2c4f 200 in 12ms (compile: 6ms, render: 6ms)
 DELETE /api/tasks/165ddeef-1487-4ce2-a29e-c64de8c6f6e7 200 in 3ms (compile: 987µs, render: 2ms)
 POST /api/tasks 201 in 1705µs (compile: 383µs, render: 1322µs)
 POST /api/tasks 201 in 2ms (compile: 505µs, render: 1787µs)
 GET /api/tasks 200 in 6ms (compile: 2ms, render: 4ms)
 DELETE /api/tasks/62ad8846-0280-417a-b5e1-78a0c782a0dd 200 in 10ms (compile: 5ms, render: 5ms)
 DELETE /api/tasks/d57dc830-86e0-48f9-aab6-cf9ff15a67a7 200 in 5ms (compile: 1473µs, render: 4ms)
 POST /api/tasks 201 in 4ms (compile: 1207µs, render: 3ms)
 POST /api/tasks 201 in 3ms (compile: 481µs, render: 2ms)
 GET /api/tasks 200 in 5ms (compile: 1740µs, render: 3ms)
 DELETE /api/tasks/fda66ed9-a3df-4c2f-96fb-c5414e54152c 200 in 10ms (compile: 5ms, render: 5ms)
 DELETE /api/tasks/9474a035-bb25-4a89-ad8a-5ab366874cc8 200 in 5ms (compile: 1537µs, render: 4ms)
 POST /api/tasks 201 in 4ms (compile: 1456µs, render: 2ms)
 POST /api/tasks 201 in 3ms (compile: 699µs, render: 1906µs)
 GET /api/tasks 200 in 6ms (compile: 2ms, render: 4ms)
 DELETE /api/tasks/731a5124-a365-47ff-99dd-c5a064a836a5 200 in 11ms (compile: 5ms, render: 5ms)
 DELETE /api/tasks/8e30f4c2-e5ad-4fac-ad1a-e1d0ba366004 200 in 6ms (compile: 1554µs, render: 4ms)
 POST /api/tasks 201 in 4ms (compile: 1207µs, render: 3ms)
 POST /api/tasks 201 in 2ms (compile: 519µs, render: 1579µs)
 GET /api/tasks 200 in 6ms (compile: 2ms, render: 4ms)
 DELETE /api/tasks/871ffe42-5bae-48a9-841b-f4b519335041 200 in 10ms (compile: 5ms, render: 5ms)
 DELETE /api/tasks/e26fc92c-8fe5-4dbb-a8a7-0802aa382fe3 200 in 5ms (compile: 1499µs, render: 4ms)
 POST /api/tasks 201 in 5ms (compile: 1648µs, render: 4ms)
 POST /api/tasks 201 in 3ms (compile: 937µs, render: 2ms)
 GET /api/tasks 200 in 6ms (compile: 2ms, render: 4ms)
 DELETE /api/tasks/6893031b-0da2-4d27-8299-697394b7f885 200 in 10ms (compile: 5ms, render: 5ms)
 DELETE /api/tasks/84455c9a-17d4-463b-80a7-538b126f239a 200 in 5ms (compile: 1544µs, render: 3ms)
 POST /api/tasks 201 in 5ms (compile: 1347µs, render: 3ms)
 POST /api/tasks 201 in 3ms (compile: 543µs, render: 2ms)
 GET /api/tasks 200 in 6ms (compile: 2ms, render: 4ms)
 DELETE /api/tasks/cd3b2a9c-579f-4853-9be5-3320d2977240 200 in 9ms (compile: 5ms, render: 4ms)
 DELETE /api/tasks/4c985ef5-f04d-49e6-bedd-17de26d52b89 200 in 5ms (compile: 1502µs, render: 3ms)
 POST /api/tasks 201 in 5ms (compile: 1807µs, render: 4ms)
 POST /api/tasks 201 in 4ms (compile: 991µs, render: 3ms)
 GET /api/tasks 200 in 6ms (compile: 2ms, render: 4ms)
 DELETE /api/tasks/ca9f6a61-5e62-45c0-a82a-f3e24020d4a0 200 in 10ms (compile: 5ms, render: 5ms)
 DELETE /api/tasks/1c737191-88d9-45fc-a2b6-ff01f5866084 200 in 5ms (compile: 1504µs, render: 4ms)
 POST /api/tasks 201 in 5ms (compile: 1367µs, render: 4ms)
 POST /api/tasks 201 in 5ms (compile: 1385µs, render: 3ms)
 GET /api/tasks 200 in 6ms (compile: 2ms, render: 4ms)
 DELETE /api/tasks/cc0cce94-6fa3-431b-88fb-4416c92597a5 200 in 10ms (compile: 5ms, render: 5ms)
 DELETE /api/tasks/25d83f1e-c114-4bfc-bdc4-e7c4298e21aa 200 in 5ms (compile: 1448µs, render: 4ms)
 POST /api/tasks 201 in 5ms (compile: 1469µs, render: 4ms)
 POST /api/tasks 201 in 4ms (compile: 1124µs, render: 3ms)
 GET /api/tasks 200 in 6ms (compile: 2ms, render: 4ms)
 DELETE /api/tasks/b5b859e1-8150-44aa-98f2-5f7ae531bfa0 200 in 10ms (compile: 5ms, render: 5ms)
 DELETE /api/tasks/7c08d46e-0e93-4699-b95a-5c784653b0d8 200 in 5ms (compile: 1481µs, render: 3ms)
 POST /api/tasks 201 in 5ms (compile: 1425µs, render: 4ms)
 POST /api/tasks 201 in 3ms (compile: 899µs, render: 3ms)
 GET /api/tasks 200 in 6ms (compile: 2ms, render: 4ms)
 DELETE /api/tasks/bacfd811-b0d0-4079-a37c-8503a8371e18 200 in 10ms (compile: 5ms, render: 5ms)
 DELETE /api/tasks/a2c815c0-3b60-459d-9143-a231d7010b63 200 in 5ms (compile: 1487µs, render: 4ms)
 POST /api/tasks 201 in 5ms (compile: 1404µs, render: 4ms)
 POST /api/tasks 201 in 5ms (compile: 1424µs, render: 3ms)
 GET /api/tasks 200 in 6ms (compile: 2ms, render: 4ms)
 DELETE /api/tasks/076bd62d-b4c3-4378-b215-c4a3ebf03717 200 in 9ms (compile: 4ms, render: 5ms)
 DELETE /api/tasks/6cb39b98-39ad-46f6-81ce-020ce37a8b73 200 in 5ms (compile: 1482µs, render: 4ms)
 POST /api/tasks 201 in 5ms (compile: 1581µs, render: 4ms)
 POST /api/tasks 201 in 4ms (compile: 965µs, render: 3ms)
 GET /api/tasks 200 in 6ms (compile: 2ms, render: 4ms)
 DELETE /api/tasks/517caef9-5bb0-48c2-b7d0-56088c97c1f2 200 in 10ms (compile: 6ms, render: 4ms)
 DELETE /api/tasks/5b247968-bfba-4f1e-851c-9599af45c7c2 200 in 5ms (compile: 1535µs, render: 4ms)
 POST /api/tasks 201 in 6ms (compile: 1610µs, render: 4ms)
 POST /api/tasks 201 in 4ms (compile: 1170µs, render: 3ms)
 GET /api/tasks 200 in 6ms (compile: 2ms, render: 4ms)
 DELETE /api/tasks/f68d7389-640a-43d1-a915-076b3964af80 200 in 11ms (compile: 5ms, render: 6ms)
 DELETE /api/tasks/21d723b3-c9be-4439-86eb-1ea0b544070b 200 in 3ms (compile: 998µs, render: 2ms)
 POST /api/tasks 201 in 3ms (compile: 716µs, render: 2ms)
 POST /api/tasks 201 in 2ms (compile: 606µs, render: 1825µs)
 GET /api/tasks 200 in 6ms (compile: 2ms, render: 4ms)
 DELETE /api/tasks/a5efa9a8-4685-4855-8d2b-b973ac03efb5 200 in 9ms (compile: 4ms, render: 4ms)
 DELETE /api/tasks/330a3ebf-fa4e-45cf-ac2a-b98cb0cedac3 200 in 5ms (compile: 1406µs, render: 4ms)
 POST /api/tasks 201 in 5ms (compile: 1346µs, render: 4ms)
 POST /api/tasks 201 in 4ms (compile: 1248µs, render: 3ms)
 GET /api/tasks 200 in 6ms (compile: 2ms, render: 4ms)
 DELETE /api/tasks/968c5935-97c7-4625-bad7-2d5ab38abbd0 200 in 9ms (compile: 4ms, render: 5ms)
 DELETE /api/tasks/5f70eb05-f8a9-49d2-bd50-1226c718b3da 200 in 5ms (compile: 1425µs, render: 4ms)
 POST /api/tasks 201 in 6ms (compile: 1415µs, render: 4ms)
 POST /api/tasks 201 in 4ms (compile: 1110µs, render: 3ms)
 GET /api/tasks 200 in 6ms (compile: 2ms, render: 4ms)
 DELETE /api/tasks/f6d216b0-6317-4898-88aa-c858e4f94cd3 200 in 9ms (compile: 4ms, render: 4ms)
 DELETE /api/tasks/5d9bd839-a422-4301-a7ce-0e9879330649 200 in 6ms (compile: 1700µs, render: 4ms)
 POST /api/tasks 201 in 3ms (compile: 931µs, render: 2ms)
 POST /api/tasks 201 in 2ms (compile: 618µs, render: 1804µs)
 GET /api/tasks 200 in 6ms (compile: 2ms, render: 3ms)
 DELETE /api/tasks/68865c1e-2959-4b6a-ac12-20c7abc2209f 200 in 9ms (compile: 4ms, render: 5ms)
 DELETE /api/tasks/3e69177f-3fc5-49c0-a1d0-5eddb8ffd6d8 200 in 5ms (compile: 1516µs, render: 4ms)
 POST /api/tasks 201 in 6ms (compile: 1618µs, render: 4ms)
 POST /api/tasks 201 in 4ms (compile: 1115µs, render: 3ms)
 GET /api/tasks 200 in 5ms (compile: 1761µs, render: 3ms)
 DELETE /api/tasks/f9e95c8b-12bd-43e5-82a0-991931b2d682 200 in 9ms (compile: 5ms, render: 4ms)
 DELETE /api/tasks/61bfcfe9-05fa-46bf-aedd-271681f35fa6 200 in 6ms (compile: 1465µs, render: 4ms)
 POST /api/tasks 201 in 4ms (compile: 1474µs, render: 2ms)
 POST /api/tasks 201 in 3ms (compile: 766µs, render: 1783µs)
 GET /api/tasks 200 in 5ms (compile: 1846µs, render: 3ms)
 DELETE /api/tasks/7d9730f6-236a-4916-a07a-48869eab5bed 200 in 10ms (compile: 5ms, render: 5ms)
 DELETE /api/tasks/e3367f07-1002-4c40-9abf-573164be1a67 200 in 5ms (compile: 1513µs, render: 4ms)
 POST /api/tasks 201 in 6ms (compile: 1812µs, render: 4ms)
 POST /api/tasks 201 in 4ms (compile: 825µs, render: 3ms)
 GET /api/tasks 200 in 6ms (compile: 2ms, render: 4ms)
 DELETE /api/tasks/28bbdad1-4b1a-4346-8fcf-8e7dde1742cd 200 in 9ms (compile: 5ms, render: 4ms)
 DELETE /api/tasks/a7d731c7-7833-4faa-a22e-6a827fdb409d 200 in 5ms (compile: 1400µs, render: 4ms)
 POST /api/tasks 201 in 4ms (compile: 1357µs, render: 3ms)
 POST /api/tasks 201 in 2ms (compile: 504µs, render: 1591µs)
 GET /api/tasks 200 in 5ms (compile: 2ms, render: 3ms)
 DELETE /api/tasks/a13ea6c8-cdac-454c-94a9-df0d3ae18959 200 in 10ms (compile: 5ms, render: 5ms)
 DELETE /api/tasks/316078eb-8ef1-4ade-b273-650b355e50de 200 in 5ms (compile: 1515µs, render: 4ms)
 POST /api/tasks 201 in 5ms (compile: 1541µs, render: 3ms)
 POST /api/tasks 201 in 2ms (compile: 629µs, render: 1714µs)
 GET /api/tasks 200 in 6ms (compile: 2ms, render: 4ms)
 DELETE /api/tasks/9ddc938e-cd2e-4cd9-961d-89498811c9e7 200 in 10ms (compile: 5ms, render: 5ms)
 DELETE /api/tasks/6d2163ab-cfb5-4142-bc62-a9409753be2c 200 in 5ms (compile: 1536µs, render: 4ms)
 POST /api/tasks 201 in 4ms (compile: 1292µs, render: 3ms)
 POST /api/tasks 201 in 2ms (compile: 694µs, render: 1598µs)
 GET /api/tasks 200 in 6ms (compile: 2ms, render: 4ms)
 DELETE /api/tasks/a33f6aaf-edf8-43eb-a487-28cae43b398e 200 in 10ms (compile: 5ms, render: 4ms)
 DELETE /api/tasks/48e7ee71-468e-4935-9935-ff278d5c73c2 200 in 5ms (compile: 1595µs, render: 4ms)
 POST /api/tasks 201 in 5ms (compile: 1585µs, render: 4ms)
 POST /api/tasks 201 in 2ms (compile: 788µs, render: 1703µs)
 GET /api/tasks 200 in 6ms (compile: 2ms, render: 4ms)
 DELETE /api/tasks/ccddf63f-9a85-459e-bb85-48d838f50670 200 in 10ms (compile: 5ms, render: 5ms)
 DELETE /api/tasks/6cfb35ae-9de9-4898-ba40-132b6d19e7e7 200 in 6ms (compile: 2ms, render: 4ms)
 POST /api/tasks 201 in 4ms (compile: 1213µs, render: 3ms)
 POST /api/tasks 201 in 2ms (compile: 405µs, render: 2ms)
 GET /api/tasks 200 in 6ms (compile: 3ms, render: 4ms)
 DELETE /api/tasks/bce14515-5957-49b4-9bff-d7468d319620 200 in 8ms (compile: 5ms, render: 4ms)
 DELETE /api/tasks/e7bb961a-e356-49bf-9ccb-7e2f18fa4393 200 in 5ms (compile: 1517µs, render: 3ms)
 POST /api/tasks 201 in 5ms (compile: 1391µs, render: 4ms)
 POST /api/tasks 201 in 3ms (compile: 927µs, render: 2ms)
 GET /api/tasks 200 in 6ms (compile: 2ms, render: 4ms)
 DELETE /api/tasks/b47ed67d-1dd6-4def-a719-f7c75ed6d70c 200 in 14ms (compile: 6ms, render: 8ms)
 DELETE /api/tasks/8a0810f5-fb6b-4fdf-8a4b-63257623510f 200 in 4ms (compile: 996µs, render: 3ms)
 POST /api/tasks 201 in 3ms (compile: 646µs, render: 2ms)
 POST /api/tasks 201 in 2ms (compile: 557µs, render: 1832µs)
 GET /api/tasks 200 in 6ms (compile: 2ms, render: 4ms)
 DELETE /api/tasks/bfb9d336-337c-40ef-8adb-8528bdb90f81 200 in 10ms (compile: 5ms, render: 5ms)
 DELETE /api/tasks/959334a5-a445-4ec2-80d5-58c6efe5615a 200 in 5ms (compile: 1369µs, render: 3ms)
 POST /api/tasks 201 in 6ms (compile: 1661µs, render: 4ms)
 POST /api/tasks 201 in 4ms (compile: 1151µs, render: 2ms)
 GET /api/tasks 200 in 6ms (compile: 2ms, render: 4ms)
 DELETE /api/tasks/03b8cc51-141c-4478-8e48-7ba68fd6c588 200 in 10ms (compile: 5ms, render: 5ms)
 DELETE /api/tasks/c74556fa-bbc8-4807-880e-d6680bcaab86 200 in 5ms (compile: 1487µs, render: 4ms)
 POST /api/tasks 201 in 5ms (compile: 1323µs, render: 4ms)
 POST /api/tasks 201 in 2ms (compile: 578µs, render: 1619µs)
 GET /api/tasks 200 in 7ms (compile: 3ms, render: 4ms)
 DELETE /api/tasks/7a94af06-ec8d-43a7-9da8-2654d40140f1 200 in 9ms (compile: 4ms, render: 5ms)
 DELETE /api/tasks/4ece9a00-fb26-4908-a508-ba90d94fe5f9 200 in 5ms (compile: 1487µs, render: 4ms)
 POST /api/tasks 201 in 4ms (compile: 1171µs, render: 3ms)
 POST /api/tasks 201 in 2ms (compile: 748µs, render: 1652µs)
 GET /api/tasks 200 in 5ms (compile: 2ms, render: 3ms)
 DELETE /api/tasks/10d2be51-d660-4b12-83a2-355d141b2381 200 in 10ms (compile: 5ms, render: 5ms)
 DELETE /api/tasks/4c2f18e1-a13a-45ad-8fe9-2c48b0f05d71 200 in 5ms (compile: 1455µs, render: 4ms)
 POST /api/tasks 201 in 6ms (compile: 1480µs, render: 4ms)
 POST /api/tasks 201 in 3ms (compile: 918µs, render: 1826µs)
 GET /api/tasks 200 in 6ms (compile: 1980µs, render: 4ms)
 DELETE /api/tasks/5c7e1170-b2d6-464d-97c2-7078a3cf9699 200 in 10ms (compile: 5ms, render: 5ms)
 DELETE /api/tasks/a12d8f4b-aca6-4531-9b3b-65f54aae5232 200 in 5ms (compile: 1553µs, render: 4ms)
 POST /api/tasks 201 in 4ms (compile: 1518µs, render: 3ms)
 POST /api/tasks 201 in 3ms (compile: 624µs, render: 2ms)
 GET /api/tasks 200 in 6ms (compile: 2ms, render: 4ms)
 DELETE /api/tasks/c96dbb71-6b53-4d71-90e3-41cfacb42303 200 in 9ms (compile: 4ms, render: 5ms)
 DELETE /api/tasks/820845d9-0265-4980-98ca-ecb6595c2f99 200 in 5ms (compile: 1465µs, render: 4ms)
 POST /api/tasks 201 in 6ms (compile: 3ms, render: 4ms)
 POST /api/tasks 201 in 3ms (compile: 943µs, render: 3ms)
 GET /api/tasks 200 in 6ms (compile: 2ms, render: 3ms)
 DELETE /api/tasks/1ffa6f37-1377-4f32-b9cd-aa50b14cf885 200 in 10ms (compile: 6ms, render: 5ms)
 DELETE /api/tasks/509428c5-254f-4e40-8bb4-c7e2036e6d73 200 in 5ms (compile: 1415µs, render: 3ms)
 POST /api/tasks 201 in 5ms (compile: 1536µs, render: 3ms)
 POST /api/tasks 201 in 3ms (compile: 1092µs, render: 2ms)
 GET /api/tasks 200 in 6ms (compile: 2ms, render: 4ms)
 DELETE /api/tasks/5376deda-b74f-4af3-96bf-adb2f2c26559 200 in 9ms (compile: 4ms, render: 5ms)
 DELETE /api/tasks/4f3bc24f-7bb4-43cb-b549-b82b11e8b179 200 in 6ms (compile: 1765µs, render: 4ms)
 POST /api/tasks 201 in 5ms (compile: 1382µs, render: 4ms)
 POST /api/tasks 201 in 4ms (compile: 1104µs, render: 3ms)
 GET /api/tasks 200 in 7ms (compile: 2ms, render: 5ms)
 DELETE /api/tasks/4124e84f-8ec7-4f69-9540-74c6bbd08141 200 in 9ms (compile: 4ms, render: 5ms)
 DELETE /api/tasks/aa36090d-1643-42cb-8276-cd84cdd69744 200 in 4ms (compile: 1231µs, render: 3ms)
 POST /api/tasks 201 in 4ms (compile: 889µs, render: 3ms)
 POST /api/tasks 201 in 4ms (compile: 836µs, render: 3ms)
 GET /api/tasks 200 in 6ms (compile: 2ms, render: 4ms)
 DELETE /api/tasks/0bef602a-7b0b-4de6-b777-b1145acbe265 200 in 9ms (compile: 5ms, render: 4ms)
 DELETE /api/tasks/d174e837-8c86-4eee-98ec-8a56990c1ced 200 in 5ms (compile: 1486µs, render: 3ms)
 POST /api/tasks 201 in 5ms (compile: 1372µs, render: 4ms)
 POST /api/tasks 201 in 3ms (compile: 804µs, render: 3ms)
 GET /api/tasks 200 in 6ms (compile: 2ms, render: 4ms)
 DELETE /api/tasks/95771c4c-185c-4cbd-a1fd-d56a99c61c5f 200 in 9ms (compile: 4ms, render: 5ms)
 DELETE /api/tasks/00ffac84-d525-40d9-8ea4-62605f30ffab 200 in 5ms (compile: 1506µs, render: 4ms)
 POST /api/tasks 201 in 5ms (compile: 1345µs, render: 4ms)
 POST /api/tasks 201 in 4ms (compile: 1171µs, render: 3ms)
 GET /api/tasks 200 in 6ms (compile: 2ms, render: 4ms)
 DELETE /api/tasks/0bce73da-45ea-422b-b986-1f9b7e20751d 200 in 9ms (compile: 5ms, render: 5ms)
 DELETE /api/tasks/a4a4688c-5b71-45b8-bafd-6448818adcec 200 in 5ms (compile: 1554µs, render: 4ms)
 POST /api/tasks 201 in 5ms (compile: 1372µs, render: 4ms)
 POST /api/tasks 201 in 5ms (compile: 1372µs, render: 3ms)
 GET /api/tasks 200 in 6ms (compile: 2ms, render: 4ms)
 DELETE /api/tasks/f255f5ea-aebc-4d39-81e4-0b07c4a5e0fc 200 in 13ms (compile: 5ms, render: 8ms)
 DELETE /api/tasks/44bb74b9-6fd3-4c0f-8443-919e6c70ae89 200 in 4ms (compile: 1040µs, render: 3ms)
 POST /api/tasks 201 in 3ms (compile: 728µs, render: 2ms)
 POST /api/tasks 201 in 3ms (compile: 693µs, render: 1902µs)
 GET /api/tasks 200 in 6ms (compile: 2ms, render: 4ms)
 DELETE /api/tasks/2acafa22-995b-40b6-8b06-9ae7e897889d 200 in 10ms (compile: 6ms, render: 5ms)
 DELETE /api/tasks/e395762e-d052-49e0-bbff-11f36e806d86 200 in 5ms (compile: 1499µs, render: 4ms)
 POST /api/tasks 201 in 5ms (compile: 1576µs, render: 4ms)
 POST /api/tasks 201 in 4ms (compile: 1200µs, render: 3ms)
 GET /api/tasks 200 in 6ms (compile: 2ms, render: 4ms)
 DELETE /api/tasks/88fd520d-ce89-44b5-bf9c-9181475efe75 200 in 10ms (compile: 5ms, render: 5ms)
 DELETE /api/tasks/d1b5920c-f212-4680-ab4e-74667e768eff 200 in 5ms (compile: 1509µs, render: 3ms)
 POST /api/tasks 201 in 5ms (compile: 1391µs, render: 4ms)
 POST /api/tasks 201 in 3ms (compile: 826µs, render: 2ms)
 GET /api/tasks 200 in 6ms (compile: 2ms, render: 4ms)
 DELETE /api/tasks/c4f72411-1266-4bf1-b536-1955e8fba677 200 in 9ms (compile: 5ms, render: 4ms)
 DELETE /api/tasks/04219b5e-7012-436e-a049-f150395c8a5d 200 in 5ms (compile: 1524µs, render: 4ms)
 POST /api/tasks 201 in 5ms (compile: 1536µs, render: 4ms)
 POST /api/tasks 201 in 4ms (compile: 878µs, render: 3ms)
 GET /api/tasks 200 in 6ms (compile: 2ms, render: 4ms)
 DELETE /api/tasks/abb8ba3f-f5f9-474d-8e36-be32aec07dcd 200 in 9ms (compile: 5ms, render: 5ms)
 DELETE /api/tasks/d4281b14-deca-4093-9837-9a8462d2fbda 200 in 5ms (compile: 1529µs, render: 4ms)
 POST /api/tasks 201 in 5ms (compile: 1384µs, render: 4ms)
 POST /api/tasks 201 in 5ms (compile: 1343µs, render: 3ms)
 GET /api/tasks 200 in 6ms (compile: 2ms, render: 4ms)
 DELETE /api/tasks/73b751bb-9007-4927-bdc9-0f85260c2bbf 200 in 10ms (compile: 5ms, render: 5ms)
 DELETE /api/tasks/277e066a-eb40-4b16-9935-0c9349f3889b 200 in 5ms (compile: 1539µs, render: 4ms)
 POST /api/tasks 201 in 6ms (compile: 1417µs, render: 4ms)
 POST /api/tasks 201 in 4ms (compile: 1126µs, render: 3ms)
 GET /api/tasks 200 in 6ms (compile: 2ms, render: 4ms)
 DELETE /api/tasks/dd1cca97-d65d-4545-a755-4ee4b2b474be 200 in 10ms (compile: 5ms, render: 5ms)
 DELETE /api/tasks/8874b0a0-7fa8-4efe-8e00-e9d86f81eb1f 200 in 5ms (compile: 1583µs, render: 4ms)
 POST /api/tasks 201 in 6ms (compile: 2ms, render: 4ms)
 POST /api/tasks 201 in 4ms (compile: 1094µs, render: 3ms)
 GET /api/tasks 200 in 6ms (compile: 2ms, render: 4ms)
 DELETE /api/tasks/5617b51a-c91f-4de9-a8c2-5a6cd4e1adfb 200 in 9ms (compile: 5ms, render: 4ms)
 DELETE /api/tasks/99f89da9-4f9e-4736-8f1d-be9c3dca99f2 200 in 5ms (compile: 1357µs, render: 3ms)
 POST /api/tasks 201 in 5ms (compile: 1215µs, render: 4ms)
 POST /api/tasks 201 in 4ms (compile: 1140µs, render: 3ms)
 GET /api/tasks 200 in 6ms (compile: 2ms, render: 4ms)
 DELETE /api/tasks/b7261564-c922-4faf-9f35-30aebca7ccf1 200 in 10ms (compile: 5ms, render: 5ms)
 DELETE /api/tasks/df990723-d5d1-45e3-b174-ccf7dfa70f5b 200 in 5ms (compile: 1483µs, render: 4ms)
 POST /api/tasks 201 in 6ms (compile: 1672µs, render: 4ms)
 POST /api/tasks 201 in 3ms (compile: 816µs, render: 2ms)
 GET /api/tasks 200 in 6ms (compile: 2ms, render: 4ms)
 DELETE /api/tasks/699a5b0c-21b0-468f-8643-8417494fbce1 200 in 11ms (compile: 6ms, render: 5ms)
 DELETE /api/tasks/6c3b3028-e7f3-4644-bdd8-95fc583c4683 200 in 5ms (compile: 1095µs, render: 4ms)
 POST /api/tasks 201 in 5ms (compile: 1687µs, render: 4ms)
 POST /api/tasks 201 in 3ms (compile: 903µs, render: 2ms)
 GET /api/tasks 200 in 6ms (compile: 2ms, render: 4ms)
 DELETE /api/tasks/56a4c7e2-6a88-44f6-b269-b66d9b7dcae2 200 in 10ms (compile: 5ms, render: 5ms)
 DELETE /api/tasks/734c5928-f7d0-4fe2-9464-9dd9d318f88b 200 in 6ms (compile: 1685µs, render: 4ms)
 POST /api/tasks 201 in 4ms (compile: 1401µs, render: 3ms)
 POST /api/tasks 201 in 3ms (compile: 775µs, render: 2ms)
 GET /api/tasks 200 in 6ms (compile: 2ms, render: 3ms)
 DELETE /api/tasks/6bb57b4a-2919-4627-b86e-e91b58949d4c 200 in 9ms (compile: 4ms, render: 5ms)
 DELETE /api/tasks/a392ab2b-d00f-4217-a8e7-eda8b6ab5841 200 in 5ms (compile: 1434µs, render: 4ms)
 POST /api/tasks 201 in 4ms (compile: 1374µs, render: 3ms)
 POST /api/tasks 201 in 3ms (compile: 887µs, render: 1977µs)
 GET /api/tasks 200 in 6ms (compile: 2ms, render: 4ms)
 DELETE /api/tasks/b237dad5-a49f-43dc-95e2-08628bad5e77 200 in 9ms (compile: 5ms, render: 4ms)
 DELETE /api/tasks/f6beab6d-3b75-4286-a1d8-60ca1d1bc8c5 200 in 5ms (compile: 1511µs, render: 4ms)
 POST /api/tasks 201 in 4ms (compile: 1359µs, render: 3ms)
 POST /api/tasks 201 in 2ms (compile: 587µs, render: 1439µs)
 GET /api/tasks 200 in 6ms (compile: 2ms, render: 4ms)
 DELETE /api/tasks/1291b0bb-edbc-4457-9242-b3a57f795b82 200 in 12ms (compile: 6ms, render: 6ms)
 DELETE /api/tasks/abebb6ab-2a26-4f44-9c2f-c7664b06266e 200 in 3ms (compile: 769µs, render: 1750µs)
 POST /api/tasks 201 in 2ms (compile: 435µs, render: 1722µs)
 POST /api/tasks 201 in 2ms (compile: 706µs, render: 1482µs)
 GET /api/tasks 200 in 6ms (compile: 2ms, render: 4ms)
 DELETE /api/tasks/bb4421a1-6549-455b-8219-114a25b22b24 200 in 11ms (compile: 5ms, render: 6ms)
 DELETE /api/tasks/bcca4bcb-4ccf-4cd6-873d-a04e8ead03c8 200 in 5ms (compile: 1530µs, render: 4ms)
 POST /api/tasks 201 in 6ms (compile: 1356µs, render: 4ms)
 POST /api/tasks 201 in 4ms (compile: 1118µs, render: 3ms)
 GET /api/tasks 200 in 6ms (compile: 2ms, render: 4ms)
 DELETE /api/tasks/2241fb7e-e85e-4ceb-a430-60e6c1d6eaf6 200 in 10ms (compile: 5ms, render: 5ms)
 DELETE /api/tasks/3ae92f1c-d633-4bf6-9edf-427fad5dc6a1 200 in 5ms (compile: 1372µs, render: 3ms)
 POST /api/tasks 201 in 5ms (compile: 1412µs, render: 4ms)
 POST /api/tasks 201 in 3ms (compile: 936µs, render: 1724µs)
 GET /api/tasks 200 in 5ms (compile: 2ms, render: 3ms)
 DELETE /api/tasks/70a3bd9c-5278-4ddc-aef6-8edab86aa28b 200 in 10ms (compile: 5ms, render: 5ms)
 DELETE /api/tasks/9b06d67a-3850-4ad0-83a6-8be15584d09f 200 in 5ms (compile: 1484µs, render: 4ms)
 POST /api/tasks 201 in 5ms (compile: 1673µs, render: 3ms)
 POST /api/tasks 201 in 3ms (compile: 699µs, render: 2ms)
 GET /api/tasks 200 in 6ms (compile: 2ms, render: 4ms)
 DELETE /api/tasks/e41f8e5b-df1a-4439-9d7e-91cd877de545 200 in 10ms (compile: 5ms, render: 5ms)
 DELETE /api/tasks/eb087fa6-acde-46ef-87db-8c81c982c365 200 in 5ms (compile: 1497µs, render: 4ms)
 POST /api/tasks 201 in 5ms (compile: 1505µs, render: 4ms)
 POST /api/tasks 201 in 4ms (compile: 1029µs, render: 3ms)
 GET /api/tasks 200 in 6ms (compile: 2ms, render: 4ms)
 DELETE /api/tasks/1d49eb76-a152-4a2a-8c04-88e18e31a50d 200 in 10ms (compile: 5ms, render: 5ms)
 DELETE /api/tasks/cc6e1563-3441-46f9-94d0-392d5650d474 200 in 5ms (compile: 1519µs, render: 3ms)
 POST /api/tasks 201 in 5ms (compile: 1362µs, render: 4ms)
 POST /api/tasks 201 in 4ms (compile: 889µs, render: 3ms)
 GET /api/tasks 200 in 6ms (compile: 2ms, render: 4ms)
 DELETE /api/tasks/5436b743-2320-4aeb-907e-4b9e15221da8 200 in 9ms (compile: 4ms, render: 5ms)
 DELETE /api/tasks/1e851fcd-d02f-4c1a-a2f3-4c6a09ff162b 200 in 5ms (compile: 1554µs, render: 4ms)
 POST /api/tasks 201 in 6ms (compile: 2ms, render: 4ms)
 POST /api/tasks 201 in 4ms (compile: 964µs, render: 3ms)
 GET /api/tasks 200 in 6ms (compile: 2ms, render: 4ms)
 DELETE /api/tasks/6b182f09-6d14-41de-bd5d-e57e1913b0eb 200 in 10ms (compile: 5ms, render: 4ms)
 DELETE /api/tasks/d6ac4f91-9ae5-4ad9-8f34-721022c0da8f 200 in 5ms (compile: 1645µs, render: 4ms)
 POST /api/tasks 201 in 5ms (compile: 1934µs, render: 3ms)
 POST /api/tasks 201 in 3ms (compile: 785µs, render: 2ms)
 GET /api/tasks 200 in 6ms (compile: 2ms, render: 3ms)
 DELETE /api/tasks/8c601bba-a981-4d9a-8165-43bdf02703e3 200 in 12ms (compile: 5ms, render: 7ms)
 DELETE /api/tasks/1b423256-24a8-4e71-8c18-db8a95d0b1c4 200 in 6ms (compile: 1788µs, render: 4ms)
 POST /api/tasks 201 in 4ms (compile: 1219µs, render: 3ms)
 POST /api/tasks 201 in 2ms (compile: 441µs, render: 1947µs)
 GET /api/tasks 200 in 6ms (compile: 2ms, render: 4ms)
 DELETE /api/tasks/a9f9fcb4-6b30-45ef-9e63-55d3ae9b9695 200 in 9ms (compile: 5ms, render: 5ms)
 DELETE /api/tasks/964e4212-29ae-4b9b-98b2-34604d88ee81 200 in 6ms (compile: 1624µs, render: 4ms)
 POST /api/tasks 201 in 4ms (compile: 1172µs, render: 3ms)
 POST /api/tasks 201 in 2ms (compile: 634µs, render: 1489µs)
 GET /api/tasks 200 in 6ms (compile: 2ms, render: 4ms)
 DELETE /api/tasks/26ac97e6-42ed-4443-947c-55c86b73a5bd 200 in 9ms (compile: 5ms, render: 4ms)
 DELETE /api/tasks/141df237-ccf9-48e6-8afc-f302b6cdc9ac 200 in 5ms (compile: 1460µs, render: 4ms)
 POST /api/tasks 201 in 5ms (compile: 1501µs, render: 3ms)
 POST /api/tasks 201 in 2ms (compile: 757µs, render: 1565µs)
 GET /api/tasks 200 in 6ms (compile: 2ms, render: 4ms)
 DELETE /api/tasks/e8e0d9f0-a73f-44b5-97c2-30e39ced1fee 200 in 9ms (compile: 5ms, render: 5ms)
 DELETE /api/tasks/28ad580d-717c-47e2-812c-883175bf1509 200 in 5ms (compile: 1528µs, render: 4ms)
 POST /api/tasks 201 in 4ms (compile: 1172µs, render: 3ms)
 POST /api/tasks 201 in 3ms (compile: 495µs, render: 2ms)
 GET /api/tasks 200 in 3ms (compile: 1234µs, render: 2ms)
 DELETE /api/tasks/11f8cf68-7865-4372-b1b3-9b42a29a99a6 200 in 6ms (compile: 3ms, render: 3ms)
 DELETE /api/tasks/ccf3abb5-690a-4e50-ad90-d55e05a69470 200 in 4ms (compile: 1083µs, render: 3ms)
 POST /api/tasks 201 in 3ms (compile: 734µs, render: 2ms)
 POST /api/tasks 201 in 4ms (compile: 917µs, render: 3ms)
 GET /api/tasks 200 in 6ms (compile: 2ms, render: 4ms)
 DELETE /api/tasks/4301c973-c130-4cf0-b87e-2445b53104ef 200 in 12ms (compile: 6ms, render: 6ms)
 DELETE /api/tasks/ee59a8be-5a9a-421d-9034-9e02f3eae468 200 in 3ms (compile: 603µs, render: 2ms)
 POST /api/tasks 201 in 3ms (compile: 783µs, render: 1908µs)
 POST /api/tasks 201 in 2ms (compile: 592µs, render: 1895µs)
 GET /api/tasks 200 in 6ms (compile: 2ms, render: 4ms)
 DELETE /api/tasks/ed2f349e-d8f9-4ff4-87d2-06027e2ea28d 200 in 10ms (compile: 5ms, render: 5ms)
 DELETE /api/tasks/eeb23822-579d-42be-9363-442816ff59ab 200 in 5ms (compile: 1537µs, render: 4ms)
 POST /api/tasks 201 in 6ms (compile: 1611µs, render: 4ms)
 POST /api/tasks 201 in 4ms (compile: 1257µs, render: 3ms)
 GET /api/tasks 200 in 6ms (compile: 2ms, render: 4ms)
 DELETE /api/tasks/f35329cf-8fbe-4124-81f6-f9284403f63b 200 in 9ms (compile: 5ms, render: 4ms)
 DELETE /api/tasks/90b0b0da-5ae2-47e1-817f-f030fddfb125 200 in 6ms (compile: 1589µs, render: 4ms)
 POST /api/tasks 201 in 5ms (compile: 1499µs, render: 4ms)
 POST /api/tasks 201 in 4ms (compile: 1140µs, render: 3ms)
 GET /api/tasks 200 in 6ms (compile: 2ms, render: 4ms)
 DELETE /api/tasks/522bd382-b9e8-4f3f-ba48-80cc1c9703b5 200 in 10ms (compile: 5ms, render: 5ms)
 DELETE /api/tasks/47b7ba69-acfb-4f59-8238-1bbb87c06a56 200 in 5ms (compile: 1551µs, render: 3ms)
 POST /api/tasks 201 in 5ms (compile: 1291µs, render: 4ms)
 POST /api/tasks 201 in 4ms (compile: 1145µs, render: 3ms)
 GET /api/tasks 200 in 6ms (compile: 2ms, render: 4ms)
 DELETE /api/tasks/6887df3f-0d5c-4fd2-bc21-38b3881201cf 200 in 9ms (compile: 5ms, render: 4ms)
 DELETE /api/tasks/324d898e-23a6-4ff4-845b-849885a842bf 200 in 5ms (compile: 1464µs, render: 3ms)
 POST /api/tasks 201 in 5ms (compile: 1334µs, render: 4ms)
 POST /api/tasks 201 in 3ms (compile: 795µs, render: 2ms)
 GET /api/tasks 200 in 6ms (compile: 2ms, render: 4ms)
 DELETE /api/tasks/3e704c12-f9ff-4fa5-a505-9618e3cf1c1a 200 in 10ms (compile: 6ms, render: 5ms)
 DELETE /api/tasks/8dce9da6-b7c3-4534-af95-14252742c77c 200 in 5ms (compile: 1531µs, render: 4ms)
 POST /api/tasks 201 in 5ms (compile: 1350µs, render: 4ms)
 POST /api/tasks 201 in 4ms (compile: 1147µs, render: 3ms)
 GET /api/tasks 200 in 7ms (compile: 3ms, render: 5ms)
 DELETE /api/tasks/355c03bc-4563-42d0-8fdf-73b4bf425c9b 200 in 11ms (compile: 5ms, render: 5ms)
 DELETE /api/tasks/7b1612ef-8d95-4573-8249-5f2225a8315c 200 in 6ms (compile: 1849µs, render: 4ms)
 POST /api/tasks 201 in 4ms (compile: 1365µs, render: 3ms)
 POST /api/tasks 201 in 4ms (compile: 1153µs, render: 3ms)
 GET /api/tasks 200 in 6ms (compile: 2ms, render: 4ms)
 DELETE /api/tasks/d7856fd2-45b5-470f-8e1f-9147f8674079 200 in 10ms (compile: 5ms, render: 5ms)
 DELETE /api/tasks/4703323f-3828-490d-bed2-8a754d6b3754 200 in 5ms (compile: 1455µs, render: 3ms)
 POST /api/tasks 201 in 5ms (compile: 1217µs, render: 4ms)
 POST /api/tasks 201 in 4ms (compile: 1102µs, render: 3ms)
 GET /api/tasks 200 in 6ms (compile: 2ms, render: 4ms)
 DELETE /api/tasks/bbb1450c-8d93-4228-af20-852494f4d13a 200 in 10ms (compile: 5ms, render: 5ms)
 DELETE /api/tasks/7c9f948a-3f56-4932-aa60-359437829d66 200 in 4ms (compile: 970µs, render: 3ms)
 POST /api/tasks 201 in 3ms (compile: 802µs, render: 3ms)
 POST /api/tasks 201 in 3ms (compile: 875µs, render: 3ms)
 GET /api/tasks 200 in 6ms (compile: 2ms, render: 4ms)
 DELETE /api/tasks/6e7b25b6-31a1-40d4-a87a-6a000bcd566f 200 in 10ms (compile: 5ms, render: 5ms)
 DELETE /api/tasks/ddcac5f0-2119-47bd-946c-58dab2e0b913 200 in 5ms (compile: 1468µs, render: 4ms)
 POST /api/tasks 201 in 6ms (compile: 1470µs, render: 4ms)
 POST /api/tasks 201 in 5ms (compile: 1313µs, render: 3ms)
 GET /api/tasks 200 in 6ms (compile: 2ms, render: 4ms)
 DELETE /api/tasks/84650454-d4dd-4bee-9967-10d91fc25f74 200 in 10ms (compile: 5ms, render: 5ms)
 DELETE /api/tasks/35332729-9d70-455b-9743-2cbd12cb62fa 200 in 5ms (compile: 1441µs, render: 3ms)
 POST /api/tasks 201 in 5ms (compile: 1510µs, render: 4ms)
 POST /api/tasks 201 in 4ms (compile: 1106µs, render: 3ms)
 GET /api/tasks 200 in 6ms (compile: 2ms, render: 3ms)
 DELETE /api/tasks/0313d4da-0f9d-4b2c-9420-70c9f51f7cb4 200 in 9ms (compile: 4ms, render: 4ms)
 DELETE /api/tasks/f6f49700-0475-4106-a08d-6ba25db87aed 200 in 5ms (compile: 1645µs, render: 4ms)
 POST /api/tasks 201 in 6ms (compile: 1426µs, render: 4ms)
 POST /api/tasks 201 in 4ms (compile: 1181µs, render: 3ms)
 GET /api/tasks 200 in 6ms (compile: 2ms, render: 4ms)
 DELETE /api/tasks/a295e9b8-b539-4c1f-9b99-431175a06728 200 in 9ms (compile: 5ms, render: 4ms)
 DELETE /api/tasks/c2d7297b-da49-4baf-8562-7e409266c025 200 in 5ms (compile: 1493µs, render: 3ms)
 POST /api/tasks 201 in 5ms (compile: 1199µs, render: 3ms)
 POST /api/tasks 201 in 3ms (compile: 885µs, render: 3ms)
 GET /api/tasks 200 in 6ms (compile: 2ms, render: 4ms)
 DELETE /api/tasks/99cafb85-2741-47d6-89f7-1194ce5947dc 200 in 12ms (compile: 5ms, render: 7ms)
 DELETE /api/tasks/6f59f67d-4482-425d-a97b-3cf6e7cf8210 200 in 12ms (compile: 10ms, render: 2ms)
 POST /api/tasks 201 in 2ms (compile: 585µs, render: 1585µs)
 POST /api/tasks 201 in 1987µs (compile: 587µs, render: 1400µs)
 GET /api/tasks 200 in 6ms (compile: 2ms, render: 4ms)
 DELETE /api/tasks/a3130d77-76d5-464a-b861-e3a30dc46544 200 in 11ms (compile: 6ms, render: 5ms)
 DELETE /api/tasks/00dc2e51-dc74-4e48-99d7-ba746fb332e2 200 in 5ms (compile: 1438µs, render: 3ms)
 POST /api/tasks 201 in 4ms (compile: 1495µs, render: 3ms)
 POST /api/tasks 201 in 3ms (compile: 649µs, render: 2ms)
 GET /api/tasks 200 in 8ms (compile: 3ms, render: 5ms)
 DELETE /api/tasks/17539c1b-00c5-42be-8cda-8f07c291e78b 200 in 6ms (compile: 1601µs, render: 4ms)
 DELETE /api/tasks/75112d48-d70c-4f9f-8c04-ed74192091ba 200 in 4ms (compile: 665µs, render: 4ms)
 POST /api/tasks 201 in 6ms (compile: 1376µs, render: 5ms)
 POST /api/tasks 201 in 6ms (compile: 1751µs, render: 4ms)
 GET /api/tasks 200 in 6ms (compile: 2ms, render: 4ms)
 DELETE /api/tasks/89f8976f-6a67-406b-9b49-00f1f1ff655f 200 in 9ms (compile: 4ms, render: 4ms)
 DELETE /api/tasks/35651dad-477e-4e09-986b-5428708766b7 200 in 5ms (compile: 1567µs, render: 4ms)
 POST /api/tasks 201 in 5ms (compile: 1492µs, render: 4ms)
 POST /api/tasks 201 in 4ms (compile: 973µs, render: 3ms)
 GET /api/tasks 200 in 6ms (compile: 2ms, render: 4ms)
 DELETE /api/tasks/8eb7b6be-459c-4b8d-a5cc-ef9ac3a875f0 200 in 10ms (compile: 5ms, render: 5ms)
 DELETE /api/tasks/3ebd8a78-81fe-4be6-8856-87c1ab3c891f 200 in 5ms (compile: 1552µs, render: 4ms)
 POST /api/tasks 201 in 5ms (compile: 1513µs, render: 4ms)
 POST /api/tasks 201 in 3ms (compile: 1003µs, render: 2ms)
 GET /api/tasks 200 in 4ms (compile: 1375µs, render: 2ms)
 DELETE /api/tasks/c39fb0ed-567b-4759-aafe-6e7e8b8745c1 200 in 8ms (compile: 3ms, render: 5ms)
 DELETE /api/tasks/13cd0cec-bcea-43db-8621-cc3518b1455d 200 in 4ms (compile: 1508µs, render: 3ms)
 POST /api/tasks 201 in 4ms (compile: 960µs, render: 3ms)
 POST /api/tasks 201 in 2ms (compile: 752µs, render: 1414µs)
 GET /api/tasks 200 in 6ms (compile: 2ms, render: 4ms)
 DELETE /api/tasks/bfa00b49-5d7d-4c4a-a57b-c0bfc005f96a 200 in 10ms (compile: 5ms, render: 5ms)
 DELETE /api/tasks/d690e6a6-aabf-4430-88d4-0fddb6c62062 200 in 5ms (compile: 1501µs, render: 3ms)
 POST /api/tasks 201 in 6ms (compile: 1718µs, render: 4ms)
 POST /api/tasks 201 in 4ms (compile: 1061µs, render: 3ms)
 GET /api/tasks 200 in 6ms (compile: 2ms, render: 4ms)
 DELETE /api/tasks/a4c4a891-7671-464c-892b-0b58585af8f7 200 in 8ms (compile: 4ms, render: 4ms)
 DELETE /api/tasks/c2571426-806a-40e4-a324-c1cd742bd40c 200 in 5ms (compile: 1370µs, render: 3ms)
 POST /api/tasks 201 in 5ms (compile: 1031µs, render: 4ms)
 POST /api/tasks 201 in 5ms (compile: 1460µs, render: 4ms)
 GET /api/tasks 200 in 6ms (compile: 2ms, render: 4ms)
 DELETE /api/tasks/ca8f1e52-70d2-417f-998d-3aa16f5d7ee3 200 in 11ms (compile: 5ms, render: 6ms)
 DELETE /api/tasks/be29a3b7-cb2e-451b-8730-a3f91265775f 200 in 5ms (compile: 1542µs, render: 4ms)
 POST /api/tasks 201 in 6ms (compile: 1584µs, render: 4ms)
 POST /api/tasks 201 in 4ms (compile: 1125µs, render: 3ms)
 GET /api/tasks 200 in 6ms (compile: 2ms, render: 4ms)
 DELETE /api/tasks/e4f1ecae-733e-421a-8b63-f79c4fa80ac1 200 in 9ms (compile: 5ms, render: 5ms)
 DELETE /api/tasks/c2e98d45-d928-4bc5-8516-97174fb120be 200 in 5ms (compile: 1493µs, render: 4ms)
 POST /api/tasks 201 in 5ms (compile: 1446µs, render: 4ms)
 POST /api/tasks 201 in 4ms (compile: 1053µs, render: 3ms)
 GET /api/tasks 200 in 6ms (compile: 2ms, render: 4ms)
 DELETE /api/tasks/e4d67006-9ef4-404f-a070-2770a6b4d4be 200 in 10ms (compile: 5ms, render: 5ms)
 DELETE /api/tasks/13766da2-9a3a-492d-ad26-3a4d21b7c37f 200 in 5ms (compile: 1542µs, render: 4ms)
 POST /api/tasks 201 in 5ms (compile: 1329µs, render: 4ms)
 POST /api/tasks 201 in 3ms (compile: 883µs, render: 3ms)
 GET /api/tasks 200 in 6ms (compile: 2ms, render: 4ms)
 DELETE /api/tasks/d4fdb58d-454a-456a-bc26-fcfe76ca3232 200 in 10ms (compile: 5ms, render: 4ms)
 DELETE /api/tasks/f28540fc-397b-4a09-ba79-e8d2823a0907 200 in 5ms (compile: 1499µs, render: 3ms)
 POST /api/tasks 201 in 5ms (compile: 1260µs, render: 4ms)
 POST /api/tasks 201 in 5ms (compile: 1318µs, render: 3ms)
 GET /api/tasks 200 in 6ms (compile: 2ms, render: 4ms)
 DELETE /api/tasks/23a122c6-8cbe-406c-b2de-7533dac5465a 200 in 10ms (compile: 5ms, render: 4ms)
 DELETE /api/tasks/b6a2921e-7ed2-497f-9b5c-843b45e5a763 200 in 5ms (compile: 1436µs, render: 3ms)
 POST /api/tasks 201 in 5ms (compile: 1293µs, render: 4ms)
 POST /api/tasks 201 in 4ms (compile: 1141µs, render: 3ms)
 GET /api/tasks 200 in 6ms (compile: 2ms, render: 4ms)
 DELETE /api/tasks/79492787-8c95-467a-bce4-ff7dba394b33 200 in 11ms (compile: 6ms, render: 6ms)
 DELETE /api/tasks/a1ff2c2c-25d5-4aaa-97e8-d245ddeae84c 200 in 4ms (compile: 1106µs, render: 2ms)
 POST /api/tasks 201 in 3ms (compile: 642µs, render: 2ms)
 POST /api/tasks 201 in 2ms (compile: 505µs, render: 1949µs)
 GET /api/tasks 200 in 6ms (compile: 2ms, render: 4ms)
 DELETE /api/tasks/f7ca5c0c-fc8d-48fd-9005-b334d9272b57 200 in 9ms (compile: 5ms, render: 4ms)
 DELETE /api/tasks/7dd16da6-8ee3-45fe-9d63-c2831cea8f02 200 in 5ms (compile: 1312µs, render: 3ms)
 POST /api/tasks 201 in 5ms (compile: 1119µs, render: 4ms)
 POST /api/tasks 201 in 4ms (compile: 1433µs, render: 3ms)
 GET /api/tasks 200 in 4ms (compile: 1293µs, render: 2ms)
 DELETE /api/tasks/6205ba91-da2c-4360-aea7-a1ec58f73646 200 in 7ms (compile: 4ms, render: 3ms)
 DELETE /api/tasks/240eef41-d583-4e6a-a8b6-64b7476c8649 200 in 4ms (compile: 1020µs, render: 3ms)
 POST /api/tasks 201 in 4ms (compile: 1004µs, render: 3ms)
 POST /api/tasks 201 in 3ms (compile: 1004µs, render: 1730µs)
 GET /api/tasks 200 in 6ms (compile: 2ms, render: 4ms)
 DELETE /api/tasks/d4769609-96a6-4017-a489-debc3e01394a 200 in 8ms (compile: 4ms, render: 4ms)
 DELETE /api/tasks/db78477c-5557-459f-986d-cf081afe9956 200 in 5ms (compile: 1400µs, render: 4ms)
 POST /api/tasks 201 in 5ms (compile: 1282µs, render: 4ms)
 POST /api/tasks 201 in 5ms (compile: 1631µs, render: 3ms)
 GET /api/tasks 200 in 6ms (compile: 2ms, render: 4ms)
 DELETE /api/tasks/490c2d74-a237-4a33-93a8-09335e3e22bb 200 in 9ms (compile: 5ms, render: 4ms)
 DELETE /api/tasks/8e1fd6b1-5a67-4fbf-9f60-f43d5fcf3c70 200 in 4ms (compile: 1331µs, render: 3ms)
 POST /api/tasks 201 in 5ms (compile: 1003µs, render: 4ms)
 POST /api/tasks 201 in 4ms (compile: 1120µs, render: 3ms)
 GET /api/tasks 200 in 6ms (compile: 2ms, render: 4ms)
 DELETE /api/tasks/b52e3620-42a1-4f12-b3c3-13822e123b2d 200 in 9ms (compile: 5ms, render: 4ms)
 DELETE /api/tasks/6f661abb-5321-4490-8727-a473be53e820 200 in 5ms (compile: 1406µs, render: 3ms)
 POST /api/tasks 201 in 5ms (compile: 1377µs, render: 4ms)
 POST /api/tasks 201 in 4ms (compile: 1024µs, render: 3ms)
 GET /api/tasks 200 in 6ms (compile: 2ms, render: 4ms)
 DELETE /api/tasks/49b96748-d2ec-4acb-ae0d-563d7fb314a0 200 in 10ms (compile: 5ms, render: 5ms)
 DELETE /api/tasks/a9b635cc-5e1b-4e22-80ae-e9d3471b2069 200 in 5ms (compile: 1464µs, render: 3ms)
 POST /api/tasks 201 in 6ms (compile: 1800µs, render: 4ms)
 POST /api/tasks 201 in 4ms (compile: 1056µs, render: 3ms)
 GET /api/tasks 200 in 5ms (compile: 1908µs, render: 3ms)
 DELETE /api/tasks/577304f7-9179-428d-9305-8ee3fdffdb25 200 in 7ms (compile: 3ms, render: 4ms)
 DELETE /api/tasks/6854f16d-46e7-416f-be9c-fe442f29a7d7 200 in 5ms (compile: 1395µs, render: 4ms)
 POST /api/tasks 201 in 5ms (compile: 1298µs, render: 4ms)
 POST /api/tasks 201 in 4ms (compile: 1157µs, render: 3ms)
 GET /api/tasks 200 in 6ms (compile: 2ms, render: 3ms)
 DELETE /api/tasks/33a3a597-87d7-421f-8a78-e76368f4486d 200 in 9ms (compile: 4ms, render: 5ms)
 DELETE /api/tasks/19bfd020-6fe3-44d5-abf9-ea29d838b7be 200 in 5ms (compile: 1367µs, render: 3ms)
 POST /api/tasks 201 in 5ms (compile: 1240µs, render: 4ms)
 POST /api/tasks 201 in 4ms (compile: 1050µs, render: 3ms)
 GET /api/tasks 200 in 6ms (compile: 2ms, render: 4ms)
 DELETE /api/tasks/4b880d30-c18a-44ab-ab89-5d95e139b193 200 in 9ms (compile: 4ms, render: 5ms)
 DELETE /api/tasks/fea0759a-b097-4d95-a1ce-eec7801f5412 200 in 5ms (compile: 1442µs, render: 3ms)
 POST /api/tasks 201 in 5ms (compile: 1143µs, render: 4ms)
 POST /api/tasks 201 in 4ms (compile: 1047µs, render: 3ms)
 GET /api/tasks 200 in 6ms (compile: 2ms, render: 4ms)
 DELETE /api/tasks/30fa4d53-4422-46bd-81cd-99c45b38f974 200 in 9ms (compile: 5ms, render: 4ms)
 DELETE /api/tasks/70104006-be7a-4699-a6c7-801d62848175 200 in 5ms (compile: 1500µs, render: 4ms)
 POST /api/tasks 201 in 6ms (compile: 1567µs, render: 4ms)
 POST /api/tasks 201 in 3ms (compile: 1010µs, render: 2ms)
 GET /api/tasks 200 in 6ms (compile: 2ms, render: 4ms)
 DELETE /api/tasks/65c3fb36-126f-4078-9222-b335126da27b 200 in 10ms (compile: 6ms, render: 4ms)
 DELETE /api/tasks/6b40461f-dce0-4137-8263-d4b219c589fd 200 in 5ms (compile: 1515µs, render: 4ms)
 POST /api/tasks 201 in 5ms (compile: 1292µs, render: 4ms)
 POST /api/tasks 201 in 3ms (compile: 917µs, render: 2ms)
 GET /api/tasks 200 in 6ms (compile: 2ms, render: 4ms)
 DELETE /api/tasks/07c7167b-1fc9-4b53-a691-2d23887c1be1 200 in 9ms (compile: 5ms, render: 5ms)
 DELETE /api/tasks/392894a9-1f32-46a6-850b-0cffa5e68e70 200 in 6ms (compile: 1510µs, render: 4ms)
 POST /api/tasks 201 in 6ms (compile: 1560µs, render: 4ms)
 POST /api/tasks 201 in 4ms (compile: 1253µs, render: 3ms)
 GET /api/tasks 200 in 4ms (compile: 1287µs, render: 2ms)
 DELETE /api/tasks/339ad6d5-16de-45ea-95d5-290d7e36203d 200 in 9ms (compile: 5ms, render: 4ms)
 DELETE /api/tasks/652daeb0-458a-4395-a564-6b62a8483b5a 200 in 1935µs (compile: 595µs, render: 1340µs)
 POST /api/tasks 201 in 2ms (compile: 716µs, render: 1617µs)
 POST /api/tasks 201 in 1738µs (compile: 645µs, render: 1093µs)
 GET /api/tasks 200 in 6ms (compile: 2ms, render: 4ms)
 DELETE /api/tasks/71d65c35-7b74-4a41-8b5e-b576af0336db 200 in 10ms (compile: 5ms, render: 4ms)
 DELETE /api/tasks/d3ff903f-eb17-48e1-9837-22d90b01d331 200 in 4ms (compile: 1313µs, render: 3ms)
 POST /api/tasks 201 in 5ms (compile: 1066µs, render: 4ms)
 POST /api/tasks 201 in 4ms (compile: 1233µs, render: 3ms)
 GET /api/tasks 200 in 5ms (compile: 1986µs, render: 3ms)
 DELETE /api/tasks/4f899bff-9f9e-4c75-bc7c-501c8267e8fd 200 in 8ms (compile: 4ms, render: 4ms)
 DELETE /api/tasks/b725f95d-054e-4938-a0c4-c30d0203a604 200 in 4ms (compile: 1223µs, render: 3ms)
 POST /api/tasks 201 in 5ms (compile: 1104µs, render: 4ms)
 POST /api/tasks 201 in 5ms (compile: 1349µs, render: 3ms)
 GET /api/tasks 200 in 6ms (compile: 2ms, render: 4ms)
 DELETE /api/tasks/42f1cb3d-3a56-4bbf-a91f-48544c1a7bc9 200 in 10ms (compile: 6ms, render: 4ms)
 DELETE /api/tasks/c8056f20-d62b-4b89-b965-9f967840a0af 200 in 5ms (compile: 1412µs, render: 3ms)
 POST /api/tasks 201 in 5ms (compile: 1138µs, render: 4ms)
 POST /api/tasks 201 in 4ms (compile: 1067µs, render: 3ms)
 GET /api/tasks 200 in 6ms (compile: 2ms, render: 4ms)
 DELETE /api/tasks/40f014d5-8e3d-4070-b0d5-09b588af5a2f 200 in 9ms (compile: 4ms, render: 4ms)
 DELETE /api/tasks/511c3c1c-3cb7-4dca-b927-3bc8b876a8fd 200 in 5ms (compile: 1382µs, render: 3ms)
 POST /api/tasks 201 in 5ms (compile: 1259µs, render: 4ms)
 POST /api/tasks 201 in 4ms (compile: 1113µs, render: 3ms)
 GET /api/tasks 200 in 6ms (compile: 2ms, render: 4ms)
 DELETE /api/tasks/0ef23f33-bd90-4fd1-8815-66cf360a9216 200 in 9ms (compile: 4ms, render: 5ms)
 DELETE /api/tasks/4c7320ec-a8c9-4f2c-854f-6a53fbacf980 200 in 6ms (compile: 1799µs, render: 4ms)
 POST /api/tasks 201 in 6ms (compile: 1566µs, render: 4ms)
 POST /api/tasks 201 in 3ms (compile: 1006µs, render: 2ms)
 GET /api/tasks 200 in 6ms (compile: 2ms, render: 4ms)
 DELETE /api/tasks/92ece94a-e5b2-40d6-aa91-2510511107fa 200 in 9ms (compile: 4ms, render: 4ms)
 DELETE /api/tasks/a64880d5-9c88-4f10-973c-e814b08a8fe6 200 in 5ms (compile: 1381µs, render: 3ms)
 POST /api/tasks 201 in 6ms (compile: 1917µs, render: 4ms)
 POST /api/tasks 201 in 4ms (compile: 900µs, render: 3ms)
 GET /api/tasks 200 in 6ms (compile: 2ms, render: 4ms)
 DELETE /api/tasks/4b1128c2-42a6-4741-afa5-f1d9cc4d82e4 200 in 11ms (compile: 6ms, render: 5ms)
 DELETE /api/tasks/e5e2366c-d49d-4233-a827-24906cf95704 200 in 5ms (compile: 1575µs, render: 4ms)
 POST /api/tasks 201 in 5ms (compile: 1299µs, render: 4ms)
 POST /api/tasks 201 in 4ms (compile: 1087µs, render: 3ms)
 GET /api/tasks 200 in 6ms (compile: 2ms, render: 3ms)
 DELETE /api/tasks/ee6fa3f5-0c14-45e8-a3ab-74386840e919 200 in 10ms (compile: 5ms, render: 4ms)
 DELETE /api/tasks/3c71c441-620b-470b-b1ad-8b665b17d83e 200 in 5ms (compile: 1426µs, render: 3ms)
 POST /api/tasks 201 in 5ms (compile: 1255µs, render: 4ms)
 POST /api/tasks 201 in 4ms (compile: 1106µs, render: 3ms)
 GET /api/tasks 200 in 6ms (compile: 2ms, render: 4ms)
 DELETE /api/tasks/0e0c5a21-c46c-47a3-9ffe-65126dea209a 200 in 9ms (compile: 5ms, render: 4ms)
 DELETE /api/tasks/eba16c8f-810b-4214-bc87-769bf339f831 200 in 6ms (compile: 1611µs, render: 4ms)
 POST /api/tasks 201 in 6ms (compile: 1796µs, render: 4ms)
 POST /api/tasks 201 in 3ms (compile: 889µs, render: 3ms)
 GET /api/tasks 200 in 6ms (compile: 2ms, render: 4ms)
 DELETE /api/tasks/225d3a4d-d54c-4e29-ac3f-2210eae12880 200 in 9ms (compile: 5ms, render: 5ms)
 DELETE /api/tasks/52321e22-c645-4984-a1e7-eb56a3fde695 200 in 5ms (compile: 1439µs, render: 3ms)
 POST /api/tasks 201 in 5ms (compile: 1164µs, render: 4ms)
 POST /api/tasks 201 in 5ms (compile: 1334µs, render: 3ms)
 GET /api/tasks 200 in 6ms (compile: 2ms, render: 4ms)
 DELETE /api/tasks/e67de4fd-c8fa-42d2-b7f3-b325fec7135a 200 in 9ms (compile: 5ms, render: 5ms)
 DELETE /api/tasks/12858993-6a90-47a4-8511-afe2752e31c9 200 in 5ms (compile: 1469µs, render: 3ms)
 POST /api/tasks 201 in 5ms (compile: 1254µs, render: 4ms)
 POST /api/tasks 201 in 4ms (compile: 1230µs, render: 3ms)
 GET /api/tasks 200 in 6ms (compile: 2ms, render: 4ms)
 DELETE /api/tasks/1b02f88c-5ec0-4aa0-bfc0-dab132eddabf 200 in 10ms (compile: 5ms, render: 5ms)
 DELETE /api/tasks/0f8d4c3b-e122-48ec-bf13-1a5d94e09fa1 200 in 5ms (compile: 1488µs, render: 3ms)
 POST /api/tasks 201 in 5ms (compile: 1369µs, render: 4ms)
 POST /api/tasks 201 in 4ms (compile: 1274µs, render: 3ms)
 GET /api/tasks 200 in 6ms (compile: 2ms, render: 4ms)
 DELETE /api/tasks/0bc3ec91-972d-47db-9593-9a5555b0f1e8 200 in 10ms (compile: 5ms, render: 5ms)
 DELETE /api/tasks/42775211-5860-4730-9736-71c44fd42be5 200 in 3ms (compile: 920µs, render: 2ms)
 POST /api/tasks 201 in 3ms (compile: 560µs, render: 1970µs)
 POST /api/tasks 201 in 2ms (compile: 559µs, render: 1683µs)
 GET /api/tasks 200 in 6ms (compile: 2ms, render: 3ms)
 DELETE /api/tasks/ff2668e2-41a5-4fb7-97c0-d573a9847453 200 in 9ms (compile: 4ms, render: 5ms)
 DELETE /api/tasks/725ef2b1-0380-41ed-9d87-045c13b15fd8 200 in 5ms (compile: 1416µs, render: 3ms)
 POST /api/tasks 201 in 5ms (compile: 1148µs, render: 4ms)
 POST /api/tasks 201 in 5ms (compile: 1547µs, render: 4ms)
 GET /api/tasks 200 in 5ms (compile: 2ms, render: 3ms)
 DELETE /api/tasks/d4a93a9d-00ef-42fc-a59b-c8a1c543d873 200 in 9ms (compile: 5ms, render: 5ms)
 DELETE /api/tasks/8ddaa28f-f483-48e5-83f9-cf8333ef6881 200 in 5ms (compile: 1516µs, render: 4ms)
 POST /api/tasks 201 in 5ms (compile: 1273µs, render: 4ms)
 POST /api/tasks 201 in 4ms (compile: 1159µs, render: 3ms)
 GET /api/tasks 200 in 6ms (compile: 2ms, render: 4ms)
 DELETE /api/tasks/1a2ea146-90aa-4519-a5eb-5087d5c04ece 200 in 10ms (compile: 5ms, render: 5ms)
 DELETE /api/tasks/4e71d865-3369-4249-b048-f8871874e3aa 200 in 5ms (compile: 1410µs, render: 3ms)
 POST /api/tasks 201 in 5ms (compile: 1459µs, render: 4ms)
 POST /api/tasks 201 in 4ms (compile: 1078µs, render: 3ms)
 GET /api/tasks 200 in 6ms (compile: 2ms, render: 3ms)
 DELETE /api/tasks/ac03074e-d103-49db-bf54-3a80b387b581 200 in 9ms (compile: 5ms, render: 4ms)
 DELETE /api/tasks/e59ca361-2eda-42ab-a671-df5766d54759 200 in 5ms (compile: 1463µs, render: 3ms)
 POST /api/tasks 201 in 5ms (compile: 1208µs, render: 4ms)
 POST /api/tasks 201 in 5ms (compile: 1522µs, render: 4ms)
 GET /api/tasks 200 in 6ms (compile: 2ms, render: 3ms)
 DELETE /api/tasks/a3003940-b81c-4fe9-8b2e-e87379a4ec58 200 in 10ms (compile: 5ms, render: 4ms)
 DELETE /api/tasks/69c599c4-2721-42f5-970b-6ffe850d8553 200 in 5ms (compile: 1489µs, render: 3ms)
 POST /api/tasks 201 in 5ms (compile: 1479µs, render: 3ms)
 POST /api/tasks 201 in 3ms (compile: 843µs, render: 2ms)
 GET /api/tasks 200 in 6ms (compile: 2ms, render: 4ms)
 DELETE /api/tasks/18fc720b-0459-4a0b-b397-40f7746d0e24 200 in 10ms (compile: 6ms, render: 5ms)
 DELETE /api/tasks/07bb2f02-95c5-4dac-b167-5c91eeff1457 200 in 5ms (compile: 1661µs, render: 4ms)
 POST /api/tasks 201 in 5ms (compile: 1831µs, render: 4ms)
 POST /api/tasks 201 in 4ms (compile: 886µs, render: 3ms)
 GET /api/tasks 200 in 6ms (compile: 2ms, render: 4ms)
 DELETE /api/tasks/55a36be4-5bea-49fd-9a25-f4f3fe499867 200 in 10ms (compile: 6ms, render: 4ms)
 DELETE /api/tasks/bbf26965-a271-4280-a6c0-a7aa8c6d7e75 200 in 5ms (compile: 1475µs, render: 3ms)
 POST /api/tasks 201 in 5ms (compile: 1135µs, render: 4ms)
 POST /api/tasks 201 in 4ms (compile: 1047µs, render: 3ms)
 GET /api/tasks 200 in 5ms (compile: 2ms, render: 3ms)
 DELETE /api/tasks/ffdbf3de-54ab-41e9-a369-f8ea56b2166d 200 in 10ms (compile: 5ms, render: 5ms)
 DELETE /api/tasks/5ef655eb-5ce7-43a1-8f68-f32722f1c8b0 200 in 5ms (compile: 1916µs, render: 3ms)
 POST /api/tasks 201 in 5ms (compile: 1207µs, render: 4ms)
 POST /api/tasks 201 in 3ms (compile: 968µs, render: 2ms)
 GET /api/tasks 200 in 6ms (compile: 2ms, render: 4ms)
 DELETE /api/tasks/451020c5-5d66-47bd-b153-27991d9a24bd 200 in 10ms (compile: 5ms, render: 5ms)
 DELETE /api/tasks/a98f14f4-c890-4a7a-bc3a-6feb13c77f20 200 in 5ms (compile: 1421µs, render: 3ms)
 POST /api/tasks 201 in 5ms (compile: 1295µs, render: 4ms)
 POST /api/tasks 201 in 4ms (compile: 1151µs, render: 3ms)
 GET /api/tasks 200 in 6ms (compile: 2ms, render: 4ms)
 DELETE /api/tasks/f24cc300-c68e-4921-ad71-f58a40d0faf0 200 in 10ms (compile: 5ms, render: 5ms)
 DELETE /api/tasks/a87e73a3-80f5-42c6-97c7-8a6622dd8725 200 in 5ms (compile: 1559µs, render: 3ms)
 POST /api/tasks 201 in 5ms (compile: 1280µs, render: 4ms)
 POST /api/tasks 201 in 4ms (compile: 1072µs, render: 3ms)
 GET /api/tasks 200 in 6ms (compile: 2ms, render: 4ms)
 DELETE /api/tasks/e44d3eed-fb7e-413b-9868-5494991e1741 200 in 10ms (compile: 5ms, render: 4ms)
 DELETE /api/tasks/51971e4a-fd05-412b-8050-6def7a842652 200 in 5ms (compile: 1390µs, render: 3ms)
 POST /api/tasks 201 in 5ms (compile: 1234µs, render: 4ms)
 POST /api/tasks 201 in 4ms (compile: 1084µs, render: 3ms)
 GET /api/tasks 200 in 6ms (compile: 2ms, render: 4ms)
 DELETE /api/tasks/da088a9d-abc0-4c18-b55c-2631243b93b2 200 in 9ms (compile: 5ms, render: 4ms)
 DELETE /api/tasks/25a56af6-cf08-4cbf-bcce-ed4d91669570 200 in 5ms (compile: 1433µs, render: 3ms)
 POST /api/tasks 201 in 5ms (compile: 1081µs, render: 4ms)
 POST /api/tasks 201 in 4ms (compile: 1241µs, render: 3ms)
 GET /api/tasks 200 in 7ms (compile: 3ms, render: 4ms)
 DELETE /api/tasks/c618b7e7-2c09-4f73-b000-afd2ef9d0e1e 200 in 12ms (compile: 5ms, render: 7ms)
 DELETE /api/tasks/a2e0ec4d-1bd7-4153-89a0-ab380cf9f7c9 200 in 5ms (compile: 2ms, render: 3ms)
 POST /api/tasks 201 in 3ms (compile: 757µs, render: 2ms)
 POST /api/tasks 201 in 2ms (compile: 545µs, render: 1748µs)
 GET /api/tasks 200 in 6ms (compile: 2ms, render: 4ms)
 DELETE /api/tasks/6009035f-8c12-4c1d-9427-9e0899a0e48b 200 in 9ms (compile: 4ms, render: 5ms)
 DELETE /api/tasks/6fd95afd-26ad-4f05-acec-2055d3e73ff3 200 in 5ms (compile: 1383µs, render: 4ms)
 POST /api/tasks 201 in 5ms (compile: 1426µs, render: 3ms)
 POST /api/tasks 201 in 4ms (compile: 1115µs, render: 3ms)
 GET /api/tasks 200 in 6ms (compile: 2ms, render: 3ms)
 DELETE /api/tasks/9e752fc5-4d4b-4aba-aff5-05d48500e9a8 200 in 10ms (compile: 5ms, render: 5ms)
 DELETE /api/tasks/ca23f274-5b71-471a-91b6-d57a68e12672 200 in 5ms (compile: 1374µs, render: 3ms)
 POST /api/tasks 201 in 5ms (compile: 1389µs, render: 4ms)
 POST /api/tasks 201 in 4ms (compile: 1304µs, render: 3ms)
 GET /api/tasks 200 in 6ms (compile: 2ms, render: 4ms)
 DELETE /api/tasks/54d9cc96-1d8e-49d1-ad3d-1ad884b10623 200 in 10ms (compile: 5ms, render: 5ms)
 DELETE /api/tasks/e59661d3-e885-4574-b017-147e3ba6e2f6 200 in 5ms (compile: 1441µs, render: 3ms)
 POST /api/tasks 201 in 6ms (compile: 1495µs, render: 4ms)
 POST /api/tasks 201 in 4ms (compile: 1211µs, render: 3ms)
 GET /api/tasks 200 in 6ms (compile: 2ms, render: 4ms)
 DELETE /api/tasks/638336b2-c767-4994-94ce-8fd4262d3c32 200 in 10ms (compile: 5ms, render: 5ms)
 DELETE /api/tasks/72622054-fe42-42ba-a320-a5f9f7a9132a 200 in 6ms (compile: 1596µs, render: 4ms)
 POST /api/tasks 201 in 5ms (compile: 1347µs, render: 4ms)
 POST /api/tasks 201 in 4ms (compile: 937µs, render: 3ms)
 GET /api/tasks 200 in 6ms (compile: 2ms, render: 4ms)
 DELETE /api/tasks/dcba073c-60b5-4582-9731-0b01f4abe05a 200 in 9ms (compile: 4ms, render: 4ms)
 DELETE /api/tasks/fa5a38ff-c162-4c85-af90-5511264236f6 200 in 5ms (compile: 1619µs, render: 4ms)
 POST /api/tasks 201 in 5ms (compile: 1343µs, render: 4ms)
 POST /api/tasks 201 in 4ms (compile: 1267µs, render: 3ms)
 GET /api/tasks 200 in 6ms (compile: 2ms, render: 4ms)
 DELETE /api/tasks/bdcc25a6-398e-47f1-80de-652407e46010 200 in 10ms (compile: 6ms, render: 4ms)
 DELETE /api/tasks/4405ea26-be79-423b-a939-aae6e85f20a8 200 in 5ms (compile: 1491µs, render: 3ms)
 POST /api/tasks 201 in 5ms (compile: 1295µs, render: 4ms)
 POST /api/tasks 201 in 4ms (compile: 1179µs, render: 3ms)
 GET /api/tasks 200 in 6ms (compile: 2ms, render: 4ms)
 DELETE /api/tasks/70113314-a431-490c-b12d-0b2ab5de6dc0 200 in 10ms (compile: 6ms, render: 5ms)
 DELETE /api/tasks/06393007-5b25-41c9-93c7-6b96a4b32070 200 in 5ms (compile: 1388µs, render: 3ms)
 POST /api/tasks 201 in 5ms (compile: 1229µs, render: 4ms)
 POST /api/tasks 201 in 4ms (compile: 1032µs, render: 3ms)
 GET /api/tasks 200 in 6ms (compile: 2ms, render: 4ms)
 DELETE /api/tasks/d0c1b4a7-ab13-4f92-bcdd-0fe7243b68e1 200 in 9ms (compile: 5ms, render: 4ms)
 DELETE /api/tasks/d2546c47-c211-4df6-a7ea-ec26d285bf59 200 in 5ms (compile: 1412µs, render: 3ms)
 POST /api/tasks 201 in 5ms (compile: 1402µs, render: 4ms)
 POST /api/tasks 201 in 4ms (compile: 1048µs, render: 3ms)
 GET /api/tasks 200 in 6ms (compile: 2ms, render: 4ms)
 DELETE /api/tasks/0127b59f-d67e-40e7-889e-48109ec6589c 200 in 9ms (compile: 4ms, render: 4ms)
 DELETE /api/tasks/6c25bb0e-d607-4411-9a4f-a3396d43318c 200 in 7ms (compile: 1920µs, render: 5ms)
 POST /api/tasks 201 in 5ms (compile: 1592µs, render: 4ms)
 POST /api/tasks 201 in 4ms (compile: 918µs, render: 3ms)
 GET /api/tasks 200 in 6ms (compile: 2ms, render: 3ms)
 DELETE /api/tasks/1e41064d-ae16-4c99-a707-81a7a2f15dcb 200 in 10ms (compile: 5ms, render: 5ms)
 DELETE /api/tasks/20fa9be0-fba7-469b-960b-16c772788fa2 200 in 5ms (compile: 1428µs, render: 3ms)
 POST /api/tasks 201 in 5ms (compile: 1255µs, render: 4ms)
 POST /api/tasks 201 in 5ms (compile: 1362µs, render: 3ms)
 GET /api/tasks 200 in 6ms (compile: 2ms, render: 4ms)
 DELETE /api/tasks/8e0f69dd-18e0-4cf2-86a4-4de5360ed8c6 200 in 10ms (compile: 5ms, render: 5ms)
 DELETE /api/tasks/285da1e5-382c-4387-b98d-3ba760f51944 200 in 5ms (compile: 1473µs, render: 3ms)
 POST /api/tasks 201 in 5ms (compile: 1339µs, render: 4ms)
 POST /api/tasks 201 in 4ms (compile: 1200µs, render: 3ms)
 GET /api/tasks 200 in 6ms (compile: 2ms, render: 4ms)
 DELETE /api/tasks/4c2f5370-befc-4317-839c-1837a3fcbf85 200 in 9ms (compile: 4ms, render: 5ms)
 DELETE /api/tasks/992bf113-379a-4635-b0a3-142add77d57f 200 in 5ms (compile: 1464µs, render: 3ms)
 POST /api/tasks 201 in 5ms (compile: 1283µs, render: 4ms)
 POST /api/tasks 201 in 4ms (compile: 1029µs, render: 3ms)
 GET /api/tasks 200 in 6ms (compile: 2ms, render: 4ms)
 DELETE /api/tasks/94f841b2-d2c6-49ae-a1e1-8fd996619d21 200 in 9ms (compile: 5ms, render: 4ms)
 DELETE /api/tasks/9874dd16-e4e0-4e3b-9594-254acd78ab03 200 in 5ms (compile: 1392µs, render: 3ms)
 POST /api/tasks 201 in 5ms (compile: 1057µs, render: 4ms)
 POST /api/tasks 201 in 5ms (compile: 1309µs, render: 3ms)
 GET /api/tasks 200 in 6ms (compile: 2ms, render: 4ms)
 DELETE /api/tasks/d319cd68-e318-4502-b01a-30d00156f23b 200 in 9ms (compile: 5ms, render: 4ms)
 DELETE /api/tasks/c81f1ce6-056f-414a-a22c-2b545a2ae9f0 200 in 5ms (compile: 1479µs, render: 3ms)
 POST /api/tasks 201 in 5ms (compile: 1327µs, render: 4ms)
 POST /api/tasks 201 in 4ms (compile: 1117µs, render: 3ms)
 GET /api/tasks 200 in 6ms (compile: 2ms, render: 4ms)
 DELETE /api/tasks/3f46cef1-3162-4db9-b2c3-1a9209239d94 200 in 9ms (compile: 5ms, render: 4ms)
 DELETE /api/tasks/1047f9c2-57e7-4dee-9ea2-cd0352017bc5 200 in 5ms (compile: 1373µs, render: 3ms)
 POST /api/tasks 201 in 5ms (compile: 1266µs, render: 3ms)
 POST /api/tasks 201 in 3ms (compile: 881µs, render: 2ms)
 GET /api/tasks 200 in 6ms (compile: 2ms, render: 4ms)
 DELETE /api/tasks/9f58e0c1-f020-482e-b718-04d2fbaa4d90 200 in 9ms (compile: 5ms, render: 4ms)
 DELETE /api/tasks/6b96779d-4545-4ce7-8772-901c83800068 200 in 5ms (compile: 1397µs, render: 3ms)
 POST /api/tasks 201 in 5ms (compile: 1345µs, render: 4ms)
 POST /api/tasks 201 in 4ms (compile: 1140µs, render: 3ms)
 GET /api/tasks 200 in 6ms (compile: 2ms, render: 4ms)
 DELETE /api/tasks/fd2252f3-b3c9-45d3-9d49-d639af1a13b5 200 in 10ms (compile: 5ms, render: 5ms)
 DELETE /api/tasks/de94110d-50f6-43a8-b3c8-bfe3bfabe86d 200 in 5ms (compile: 1430µs, render: 3ms)
 POST /api/tasks 201 in 5ms (compile: 1293µs, render: 3ms)
 POST /api/tasks 201 in 3ms (compile: 814µs, render: 2ms)
 GET /api/tasks 200 in 6ms (compile: 2ms, render: 4ms)
 DELETE /api/tasks/478010aa-a5ee-4eec-a812-dcef431077d4 200 in 9ms (compile: 5ms, render: 5ms)
 DELETE /api/tasks/b3c087ed-4e23-48d0-b340-6124107dcff4 200 in 5ms (compile: 1401µs, render: 3ms)
 POST /api/tasks 201 in 5ms (compile: 1343µs, render: 4ms)
 POST /api/tasks 201 in 4ms (compile: 1221µs, render: 3ms)
 GET /api/tasks 200 in 6ms (compile: 2ms, render: 4ms)
 DELETE /api/tasks/e6989b50-5880-43d9-b3ee-ed3780e21331 200 in 10ms (compile: 5ms, render: 5ms)
 DELETE /api/tasks/41e04cac-ef65-4323-936c-acf603938d46 200 in 4ms (compile: 1321µs, render: 3ms)
 POST /api/tasks 201 in 4ms (compile: 1202µs, render: 3ms)
 POST /api/tasks 201 in 3ms (compile: 686µs, render: 2ms)
 GET /api/tasks 200 in 6ms (compile: 2ms, render: 3ms)
 DELETE /api/tasks/4bc840be-b245-47e1-ac16-7d2a9f6bae14 200 in 9ms (compile: 4ms, render: 5ms)
 DELETE /api/tasks/073d7f40-802f-427b-997a-c9f24fb6212f 200 in 5ms (compile: 1567µs, render: 4ms)
 POST /api/tasks 201 in 6ms (compile: 1778µs, render: 4ms)
 POST /api/tasks 201 in 4ms (compile: 1215µs, render: 3ms)
 GET /api/tasks 200 in 6ms (compile: 2ms, render: 3ms)
 DELETE /api/tasks/672706bc-f845-4a86-a907-1917e5f03e86 200 in 9ms (compile: 4ms, render: 4ms)
 DELETE /api/tasks/79485232-9145-4447-82f5-3380dc46ee4a 200 in 5ms (compile: 1363µs, render: 3ms)
 POST /api/tasks 201 in 4ms (compile: 1000µs, render: 3ms)
 POST /api/tasks 201 in 3ms (compile: 730µs, render: 2ms)
 GET /api/tasks 200 in 6ms (compile: 2ms, render: 4ms)
 DELETE /api/tasks/ae778ccd-2b31-4b9d-900f-9ec46979e15a 200 in 10ms (compile: 5ms, render: 5ms)
 DELETE /api/tasks/0309a44c-f3ee-4e08-abab-3eb1e7f41f3c 200 in 5ms (compile: 1438µs, render: 3ms)
 POST /api/tasks 201 in 5ms (compile: 1290µs, render: 4ms)
 POST /api/tasks 201 in 4ms (compile: 1074µs, render: 3ms)
 GET /api/tasks 200 in 6ms (compile: 2ms, render: 4ms)
 DELETE /api/tasks/27b509d4-2a51-4431-be26-61c7ea303997 200 in 8ms (compile: 4ms, render: 4ms)
 DELETE /api/tasks/24cfafe5-f73d-4282-8a88-bf243bff0b7e 200 in 5ms (compile: 1430µs, render: 3ms)
 POST /api/tasks 201 in 5ms (compile: 1226µs, render: 4ms)
 POST /api/tasks 201 in 4ms (compile: 1285µs, render: 3ms)
 GET /api/tasks 200 in 6ms (compile: 2ms, render: 4ms)
 DELETE /api/tasks/07b287b0-3cac-4b69-81ce-0d44aa575ab4 200 in 10ms (compile: 5ms, render: 5ms)
 DELETE /api/tasks/cf960a6e-0622-4e69-be0a-1cda8daf4443 200 in 5ms (compile: 1468µs, render: 4ms)
 POST /api/tasks 201 in 5ms (compile: 1603µs, render: 3ms)
 POST /api/tasks 201 in 3ms (compile: 764µs, render: 2ms)
 GET /api/tasks 200 in 8ms (compile: 3ms, render: 5ms)
 DELETE /api/tasks/65203829-5a7e-4099-8f68-3dabc90782ee 200 in 8ms (compile: 4ms, render: 4ms)
 DELETE /api/tasks/fab59791-3c71-4e63-943a-b82fdd9d1132 200 in 4ms (compile: 1370µs, render: 3ms)
 POST /api/tasks 201 in 3ms (compile: 927µs, render: 2ms)
 POST /api/tasks 201 in 1874µs (compile: 352µs, render: 1522µs)
 GET /api/tasks 200 in 5ms (compile: 1973µs, render: 3ms)
 DELETE /api/tasks/7ad0cb1d-7cb9-4236-9fd9-9d974be61c70 200 in 10ms (compile: 5ms, render: 4ms)
 DELETE /api/tasks/0e4f0be9-7110-4a82-9b81-ea2469072bb5 200 in 5ms (compile: 1432µs, render: 4ms)
 POST /api/tasks 201 in 5ms (compile: 1626µs, render: 3ms)
 POST /api/tasks 201 in 3ms (compile: 802µs, render: 1844µs)
 GET /api/tasks 200 in 5ms (compile: 1678µs, render: 4ms)
 DELETE /api/tasks/d5e7464b-138f-40b0-b241-bc53f7dc11f2 200 in 10ms (compile: 6ms, render: 4ms)
 DELETE /api/tasks/03dab3a1-27eb-4b48-a0c2-5884b42328eb 200 in 5ms (compile: 1731µs, render: 3ms)
 POST /api/tasks 201 in 5ms (compile: 1409µs, render: 4ms)
 POST /api/tasks 201 in 4ms (compile: 946µs, render: 3ms)
 GET /api/tasks 200 in 5ms (compile: 1933µs, render: 3ms)
 DELETE /api/tasks/56d8ba38-7023-44eb-a321-01de3e3f28ac 200 in 9ms (compile: 5ms, render: 5ms)
 DELETE /api/tasks/3479565f-ebcd-4c0f-b902-88c9e043bb40 200 in 5ms (compile: 1448µs, render: 4ms)
 POST /api/tasks 201 in 4ms (compile: 1114µs, render: 3ms)
 POST /api/tasks 201 in 5ms (compile: 1209µs, render: 3ms)
 GET /api/tasks 200 in 5ms (compile: 1631µs, render: 3ms)
 DELETE /api/tasks/7777b635-e702-4a2d-80ca-4549a75f00f8 200 in 9ms (compile: 5ms, render: 4ms)
 DELETE /api/tasks/245fac31-5ca5-4184-95fa-1f7731d6a8bd 200 in 5ms (compile: 1594µs, render: 4ms)
 POST /api/tasks 201 in 5ms (compile: 1350µs, render: 3ms)
 POST /api/tasks 201 in 3ms (compile: 895µs, render: 2ms)
 GET /api/tasks 200 in 5ms (compile: 2ms, render: 3ms)
 DELETE /api/tasks/8711b827-5493-4bb0-b8d3-a79a56b7c2b5 200 in 8ms (compile: 4ms, render: 4ms)
 DELETE /api/tasks/cca546b9-4028-4143-a6af-6f42242c7fd3 200 in 5ms (compile: 1562µs, render: 3ms)
 POST /api/tasks 201 in 6ms (compile: 1757µs, render: 5ms)
 POST /api/tasks 201 in 3ms (compile: 946µs, render: 1926µs)
 GET /api/tasks 200 in 6ms (compile: 2ms, render: 4ms)
 DELETE /api/tasks/31176c53-583e-4ecc-a5c9-f2b2d7eec082 200 in 9ms (compile: 5ms, render: 5ms)
 DELETE /api/tasks/b9860560-45b6-42a5-a590-ea02a024147c 200 in 5ms (compile: 1344µs, render: 3ms)
 POST /api/tasks 201 in 6ms (compile: 1334µs, render: 4ms)
 POST /api/tasks 201 in 4ms (compile: 1126µs, render: 3ms)
 GET /api/tasks 200 in 6ms (compile: 2ms, render: 4ms)
 DELETE /api/tasks/72bc2202-f05b-4f0e-b909-367b155ab373 200 in 9ms (compile: 4ms, render: 5ms)
 DELETE /api/tasks/773d439e-c372-45f4-be22-da012cf5bb8d 200 in 5ms (compile: 1368µs, render: 3ms)
 POST /api/tasks 201 in 7ms (compile: 2ms, render: 4ms)
 POST /api/tasks 201 in 3ms (compile: 962µs, render: 2ms)
 GET /api/tasks 200 in 6ms (compile: 2ms, render: 4ms)
 DELETE /api/tasks/e4360203-8bae-4791-a3cb-f5d59c273617 200 in 9ms (compile: 5ms, render: 5ms)
 DELETE /api/tasks/2e8d64cc-ac03-4658-bc0d-2be80855efb1 200 in 5ms (compile: 1405µs, render: 3ms)
 POST /api/tasks 201 in 5ms (compile: 1240µs, render: 4ms)
 POST /api/tasks 201 in 4ms (compile: 1149µs, render: 3ms)
 GET /api/tasks 200 in 6ms (compile: 2ms, render: 4ms)
 DELETE /api/tasks/4d01e06b-63f2-4853-87d8-370413a0ea13 200 in 10ms (compile: 5ms, render: 5ms)
 DELETE /api/tasks/98a5ca46-85df-4346-94b4-87d777c9801c 200 in 6ms (compile: 1859µs, render: 4ms)
 POST /api/tasks 201 in 5ms (compile: 1280µs, render: 4ms)
 POST /api/tasks 201 in 4ms (compile: 1039µs, render: 3ms)
 GET /api/tasks 200 in 6ms (compile: 2ms, render: 4ms)
 DELETE /api/tasks/7e03ab38-7f6f-426a-9ff0-fa1364a2bfa1 200 in 9ms (compile: 4ms, render: 4ms)
 DELETE /api/tasks/fa18221c-b396-4c77-b489-04dac8dd07c5 200 in 5ms (compile: 1593µs, render: 4ms)
 POST /api/tasks 201 in 5ms (compile: 1431µs, render: 4ms)
 POST /api/tasks 201 in 3ms (compile: 1057µs, render: 2ms)
 GET /api/tasks 200 in 6ms (compile: 2ms, render: 4ms)
 DELETE /api/tasks/3e4cc911-b4be-41d1-ab45-2ab42a957748 200 in 9ms (compile: 4ms, render: 5ms)
 DELETE /api/tasks/350836c0-6ebe-4ca3-8021-9d264c1c7d0f 200 in 6ms (compile: 1750µs, render: 4ms)
 POST /api/tasks 201 in 5ms (compile: 1541µs, render: 4ms)
 POST /api/tasks 201 in 4ms (compile: 1299µs, render: 2ms)
 GET /api/tasks 200 in 6ms (compile: 2ms, render: 4ms)
 DELETE /api/tasks/33e6dfa3-b325-4c64-9ac7-e4e5074e50d4 200 in 10ms (compile: 5ms, render: 5ms)
 DELETE /api/tasks/4e65d8da-e9ae-4480-a0f9-222e0909b081 200 in 6ms (compile: 1645µs, render: 4ms)
 POST /api/tasks 201 in 4ms (compile: 1388µs, render: 2ms)
 POST /api/tasks 201 in 3ms (compile: 544µs, render: 2ms)
 GET /api/tasks 200 in 5ms (compile: 1795µs, render: 3ms)
 DELETE /api/tasks/1567ddba-b29d-4e24-a630-83d59db4c19b 200 in 9ms (compile: 4ms, render: 4ms)
 DELETE /api/tasks/157d30e0-4de7-4ecb-a1fa-b9e642f2cbf8 200 in 5ms (compile: 1319µs, render: 3ms)
 POST /api/tasks 201 in 5ms (compile: 1877µs, render: 3ms)
 POST /api/tasks 201 in 2ms (compile: 764µs, render: 1584µs)
 GET /api/tasks 200 in 6ms (compile: 2ms, render: 4ms)
 DELETE /api/tasks/3895ab73-01af-4f0c-bad1-6fc76b37661a 200 in 9ms (compile: 4ms, render: 5ms)
 DELETE /api/tasks/2a3466de-e9e2-44e0-b2cc-60429a50cb30 200 in 5ms (compile: 1472µs, render: 4ms)
 POST /api/tasks 201 in 5ms (compile: 1327µs, render: 4ms)
 POST /api/tasks 201 in 3ms (compile: 799µs, render: 1788µs)
 GET /api/tasks 200 in 6ms (compile: 2ms, render: 4ms)
 DELETE /api/tasks/dc1ea093-eeb4-445b-8392-a51f4e54355f 200 in 10ms (compile: 5ms, render: 4ms)
 DELETE /api/tasks/5265a368-8817-475e-851d-f7751f86cbf7 200 in 5ms (compile: 1530µs, render: 4ms)
 POST /api/tasks 201 in 6ms (compile: 1400µs, render: 4ms)
 POST /api/tasks 201 in 4ms (compile: 1128µs, render: 3ms)
 GET /api/tasks 200 in 6ms (compile: 2ms, render: 4ms)
 DELETE /api/tasks/e636d569-7e3c-480f-9cff-fbc97ec11860 200 in 9ms (compile: 5ms, render: 5ms)
 DELETE /api/tasks/40af662f-85f2-4287-84b4-ea2d8bae5942 200 in 5ms (compile: 1481µs, render: 3ms)
 POST /api/tasks 201 in 5ms (compile: 1323µs, render: 4ms)
 POST /api/tasks 201 in 4ms (compile: 1165µs, render: 3ms)
 GET /api/tasks 200 in 6ms (compile: 2ms, render: 4ms)
 DELETE /api/tasks/f52e50f0-beb9-48b1-98d7-7c938c4d5439 200 in 10ms (compile: 5ms, render: 5ms)
 DELETE /api/tasks/d9638e62-624d-4541-ae48-181afef0ea5b 200 in 5ms (compile: 1554µs, render: 4ms)
 POST /api/tasks 201 in 5ms (compile: 1373µs, render: 4ms)
 POST /api/tasks 201 in 4ms (compile: 1298µs, render: 3ms)
 GET /api/tasks 200 in 5ms (compile: 1721µs, render: 4ms)
 DELETE /api/tasks/891098f9-77dc-434d-9178-4ff9487aae3c 200 in 9ms (compile: 4ms, render: 5ms)
 DELETE /api/tasks/57a79135-1bab-4480-b14a-c494ed5b823c 200 in 5ms (compile: 1452µs, render: 3ms)
 POST /api/tasks 201 in 5ms (compile: 1344µs, render: 4ms)
 POST /api/tasks 201 in 2ms (compile: 598µs, render: 1752µs)
 GET /api/tasks 200 in 5ms (compile: 1644µs, render: 4ms)
 DELETE /api/tasks/01a4ae4c-f425-47c0-8706-254fa68a0a8d 200 in 10ms (compile: 5ms, render: 5ms)
 DELETE /api/tasks/3bccac33-ffb5-4283-805b-999371ca1be7 200 in 5ms (compile: 1510µs, render: 4ms)
 POST /api/tasks 201 in 5ms (compile: 1761µs, render: 4ms)
 POST /api/tasks 201 in 3ms (compile: 736µs, render: 1951µs)
 GET /api/tasks 200 in 6ms (compile: 2ms, render: 4ms)
 DELETE /api/tasks/4308c1af-3c39-4468-9a0d-c45dcec3ea01 200 in 9ms (compile: 4ms, render: 5ms)
 DELETE /api/tasks/c3e72c8c-6efb-44e0-ac47-3392f05bed95 200 in 5ms (compile: 1491µs, render: 4ms)
 POST /api/tasks 201 in 5ms (compile: 1306µs, render: 4ms)
 POST /api/tasks 201 in 3ms (compile: 999µs, render: 2ms)
 GET /api/tasks 200 in 6ms (compile: 2ms, render: 4ms)
 DELETE /api/tasks/9268c895-7064-4a97-b876-195e2b8ec8aa 200 in 10ms (compile: 5ms, render: 4ms)
 DELETE /api/tasks/69cec2c5-bf73-4b78-b4f8-a49cf813145e 200 in 5ms (compile: 1480µs, render: 4ms)
 POST /api/tasks 201 in 5ms (compile: 1355µs, render: 4ms)
 POST /api/tasks 201 in 3ms (compile: 950µs, render: 2ms)
 GET /api/tasks 200 in 6ms (compile: 2ms, render: 4ms)
 DELETE /api/tasks/87061b4e-5ef1-4e9e-a287-09ee7452bd99 200 in 9ms (compile: 4ms, render: 5ms)
 DELETE /api/tasks/da9f37bc-66bc-4ecb-b63a-449d86f9cb4c 200 in 5ms (compile: 1423µs, render: 4ms)
 POST /api/tasks 201 in 5ms (compile: 1335µs, render: 4ms)
 POST /api/tasks 201 in 3ms (compile: 954µs, render: 2ms)
 GET /api/tasks 200 in 6ms (compile: 2ms, render: 4ms)
 DELETE /api/tasks/ec1353ea-33b4-45b4-bb31-66d17321cc87 200 in 10ms (compile: 6ms, render: 4ms)
 DELETE /api/tasks/19f4cfb7-45f2-4b4b-b22b-503be1a3fd2f 200 in 5ms (compile: 1460µs, render: 3ms)
 POST /api/tasks 201 in 5ms (compile: 1293µs, render: 4ms)
 POST /api/tasks 201 in 3ms (compile: 816µs, render: 2ms)
 GET /api/tasks 200 in 6ms (compile: 2ms, render: 4ms)
 DELETE /api/tasks/4f895887-d9c8-45c5-98f9-e64c7c7038ac 200 in 9ms (compile: 5ms, render: 4ms)
 DELETE /api/tasks/96a72896-89d1-4991-8901-ba5a74223d88 200 in 5ms (compile: 1388µs, render: 3ms)
 POST /api/tasks 201 in 6ms (compile: 1389µs, render: 4ms)
 POST /api/tasks 201 in 4ms (compile: 995µs, render: 3ms)
 GET /api/tasks 200 in 5ms (compile: 1992µs, render: 3ms)
 DELETE /api/tasks/ac5b8d44-7ad5-4737-98d1-6addd458ded5 200 in 9ms (compile: 5ms, render: 5ms)
 DELETE /api/tasks/a2acadae-718e-4859-8364-a0d9a101c595 200 in 5ms (compile: 1474µs, render: 4ms)
 POST /api/tasks 201 in 6ms (compile: 1634µs, render: 4ms)
 POST /api/tasks 201 in 4ms (compile: 1115µs, render: 3ms)
 GET /api/tasks 200 in 6ms (compile: 2ms, render: 4ms)
 DELETE /api/tasks/9b4ca7e5-5998-42c8-bea8-1f9e9b27305f 200 in 9ms (compile: 5ms, render: 4ms)
 DELETE /api/tasks/5f4795f6-de53-40ed-8d42-9df55d6f5dbb 200 in 5ms (compile: 1420µs, render: 3ms)
 POST /api/tasks 201 in 5ms (compile: 1283µs, render: 4ms)
 POST /api/tasks 201 in 4ms (compile: 1068µs, render: 3ms)
 GET /api/tasks 200 in 6ms (compile: 2ms, render: 4ms)
 DELETE /api/tasks/3e591401-51a2-443d-94be-3f9fca661f3f 200 in 9ms (compile: 5ms, render: 4ms)
 DELETE /api/tasks/b89b53c0-b715-44ff-8c31-171e42c4aba9 200 in 5ms (compile: 1483µs, render: 3ms)
 POST /api/tasks 201 in 5ms (compile: 1254µs, render: 4ms)
 POST /api/tasks 201 in 4ms (compile: 1170µs, render: 3ms)
 GET /api/tasks 200 in 6ms (compile: 2ms, render: 4ms)
 DELETE /api/tasks/fc69bbb7-b0b8-47af-96a6-cefc66a89a34 200 in 9ms (compile: 5ms, render: 5ms)
 DELETE /api/tasks/2126aabd-b06d-4152-b2d2-2e9a2d68aee4 200 in 5ms (compile: 1572µs, render: 3ms)
 POST /api/tasks 201 in 5ms (compile: 1306µs, render: 4ms)
 POST /api/tasks 201 in 4ms (compile: 1150µs, render: 3ms)
 GET /api/tasks 200 in 6ms (compile: 2ms, render: 4ms)
 DELETE /api/tasks/9bdac2d7-82a9-4da4-9302-ce4a1a8cca1b 200 in 9ms (compile: 5ms, render: 5ms)
 DELETE /api/tasks/e7beb2fc-9552-46eb-9e26-13ea1ccd1d18 200 in 5ms (compile: 1522µs, render: 4ms)
 POST /api/tasks 201 in 6ms (compile: 1894µs, render: 5ms)
 POST /api/tasks 201 in 4ms (compile: 1245µs, render: 3ms)
 GET /api/tasks 200 in 6ms (compile: 2ms, render: 4ms)
 DELETE /api/tasks/d21bd60c-5d14-454d-a298-d7bf5652b384 200 in 12ms (compile: 5ms, render: 7ms)
 DELETE /api/tasks/8537a109-f51d-40e8-8a39-917bffe892ed 200 in 3ms (compile: 916µs, render: 2ms)
 POST /api/tasks 201 in 3ms (compile: 680µs, render: 2ms)
 POST /api/tasks 201 in 2ms (compile: 627µs, render: 1833µs)
 GET /api/tasks 200 in 6ms (compile: 2ms, render: 4ms)
 DELETE /api/tasks/6b8f1c3f-1680-4183-8c32-0b5efa5f0c78 200 in 10ms (compile: 5ms, render: 5ms)
 DELETE /api/tasks/ce6bdd9e-9ab1-41b8-aa6e-257008b02848 200 in 5ms (compile: 1468µs, render: 4ms)
 POST /api/tasks 201 in 5ms (compile: 1242µs, render: 4ms)
 POST /api/tasks 201 in 5ms (compile: 1437µs, render: 3ms)
 GET /api/tasks 200 in 6ms (compile: 2ms, render: 4ms)
 DELETE /api/tasks/65d34afd-a527-4659-8551-5b69a43cd682 200 in 9ms (compile: 4ms, render: 4ms)
 DELETE /api/tasks/f8f62218-ef8d-4f81-9436-366da485e703 200 in 5ms (compile: 1424µs, render: 3ms)
 POST /api/tasks 201 in 5ms (compile: 1334µs, render: 4ms)
 POST /api/tasks 201 in 4ms (compile: 1036µs, render: 3ms)
 GET /api/tasks 200 in 7ms (compile: 1906µs, render: 5ms)
 DELETE /api/tasks/3c7a765d-fbc8-4af7-9c51-2343a7270575 200 in 9ms (compile: 5ms, render: 4ms)
 DELETE /api/tasks/e9764d55-cb19-49d5-bae2-2957929ad654 200 in 4ms (compile: 1243µs, render: 3ms)
 POST /api/tasks 201 in 5ms (compile: 1078µs, render: 4ms)
 POST /api/tasks 201 in 4ms (compile: 1168µs, render: 3ms)
 GET /api/tasks 200 in 4ms (compile: 1679µs, render: 3ms)
 DELETE /api/tasks/507e7d86-76c0-4897-978b-5280aadf8af2 200 in 9ms (compile: 4ms, render: 4ms)
 DELETE /api/tasks/4d0df1ea-a2dd-4ef9-999b-fc348e459f7e 200 in 6ms (compile: 1292µs, render: 4ms)
 POST /api/tasks 201 in 5ms (compile: 1830µs, render: 4ms)
 POST /api/tasks 201 in 4ms (compile: 1067µs, render: 3ms)
 GET /api/tasks 200 in 6ms (compile: 2ms, render: 4ms)
 DELETE /api/tasks/628cf5d3-d01c-4517-8923-873a78d66f2e 200 in 9ms (compile: 5ms, render: 4ms)
 DELETE /api/tasks/5800595e-c17d-4643-b8b4-4b554b7337ac 200 in 6ms (compile: 1613µs, render: 4ms)
 POST /api/tasks 201 in 6ms (compile: 1799µs, render: 4ms)
 POST /api/tasks 201 in 4ms (compile: 1231µs, render: 3ms)
 GET /api/tasks 200 in 6ms (compile: 2ms, render: 4ms)
 DELETE /api/tasks/71a58899-4074-436e-8b1c-922aca932789 200 in 8ms (compile: 4ms, render: 4ms)
 DELETE /api/tasks/4901a567-817b-4ac2-80fc-ed9fcdcca0cd 200 in 5ms (compile: 1488µs, render: 4ms)
 POST /api/tasks 201 in 4ms (compile: 1442µs, render: 3ms)
 POST /api/tasks 201 in 3ms (compile: 726µs, render: 2ms)
 GET /api/tasks 200 in 6ms (compile: 2ms, render: 4ms)
 DELETE /api/tasks/fd15c5a0-57e3-40d8-af49-f01e8e3723dc 200 in 9ms (compile: 4ms, render: 5ms)
 DELETE /api/tasks/d9d9bc09-82eb-44ef-bb9a-bb7d197a1ed8 200 in 5ms (compile: 1329µs, render: 3ms)
 POST /api/tasks 201 in 5ms (compile: 1582µs, render: 3ms)
 POST /api/tasks 201 in 2ms (compile: 720µs, render: 1776µs)
 GET /api/tasks 200 in 6ms (compile: 2ms, render: 4ms)
 DELETE /api/tasks/17f97970-d8c6-43ce-ad9e-c7c28bf6ade9 200 in 9ms (compile: 4ms, render: 5ms)
 DELETE /api/tasks/3d77a039-7297-47b2-91e6-fdcb256494c4 200 in 5ms (compile: 1591µs, render: 4ms)
 POST /api/tasks 201 in 5ms (compile: 1429µs, render: 4ms)
 POST /api/tasks 201 in 3ms (compile: 822µs, render: 2ms)
 GET /api/tasks 200 in 6ms (compile: 2ms, render: 4ms)
 DELETE /api/tasks/8cbd234f-d465-420b-98ed-8361a01c4a95 200 in 10ms (compile: 5ms, render: 5ms)
 DELETE /api/tasks/4683c30c-e301-42be-8725-4121bc33176d 200 in 5ms (compile: 1587µs, render: 4ms)
 POST /api/tasks 201 in 5ms (compile: 1586µs, render: 3ms)
 POST /api/tasks 201 in 3ms (compile: 978µs, render: 1838µs)
 GET /api/tasks 200 in 6ms (compile: 2ms, render: 4ms)
 DELETE /api/tasks/f494e7a2-c174-4907-952d-0beade5eab0a 200 in 10ms (compile: 5ms, render: 5ms)
 DELETE /api/tasks/458f5929-e38c-4c29-85aa-9cb20cf6b32e 200 in 5ms (compile: 1431µs, render: 3ms)
 POST /api/tasks 201 in 5ms (compile: 1255µs, render: 4ms)
 POST /api/tasks 201 in 4ms (compile: 1528µs, render: 3ms)
 GET /api/tasks 200 in 6ms (compile: 2ms, render: 4ms)
 DELETE /api/tasks/84503f01-be11-4db5-9a0b-83a350efcc00 200 in 10ms (compile: 5ms, render: 5ms)
 DELETE /api/tasks/155e1bc2-156a-4d09-9a7d-5ac7bd6acdad 200 in 6ms (compile: 1685µs, render: 4ms)
 POST /api/tasks 201 in 6ms (compile: 1863µs, render: 4ms)
 POST /api/tasks 201 in 6ms (compile: 1172µs, render: 4ms)
 GET /api/tasks 200 in 6ms (compile: 2ms, render: 4ms)
 DELETE /api/tasks/cb851ec9-00e5-4220-9d45-90efed0b318c 200 in 8ms (compile: 4ms, render: 5ms)
 DELETE /api/tasks/06711846-367a-4b60-86fe-8fb0e9a3efc4 200 in 5ms (compile: 1587µs, render: 4ms)
 POST /api/tasks 201 in 5ms (compile: 1310µs, render: 4ms)
 POST /api/tasks 201 in 4ms (compile: 1019µs, render: 3ms)
 GET /api/tasks 200 in 6ms (compile: 2ms, render: 4ms)
 DELETE /api/tasks/2b1676f2-5214-4373-97da-dea3d47e9333 200 in 13ms (compile: 6ms, render: 7ms)
 DELETE /api/tasks/665a90bb-674d-48bc-92dc-4ac63acde71f 200 in 3ms (compile: 641µs, render: 2ms)
 POST /api/tasks 201 in 3ms (compile: 642µs, render: 2ms)
 POST /api/tasks 201 in 2ms (compile: 562µs, render: 1496µs)
 GET /api/tasks 200 in 6ms (compile: 2ms, render: 4ms)
 DELETE /api/tasks/1784267b-96b9-470d-9a72-2e426d6c4137 200 in 10ms (compile: 5ms, render: 5ms)
 DELETE /api/tasks/e9886968-a84a-4bca-8bd6-003767c7e9d6 200 in 6ms (compile: 1620µs, render: 4ms)
 POST /api/tasks 201 in 3ms (compile: 842µs, render: 3ms)
 POST /api/tasks 201 in 4ms (compile: 1120µs, render: 3ms)
 GET /api/tasks 200 in 6ms (compile: 2ms, render: 4ms)
 DELETE /api/tasks/93fba179-1306-4358-a4eb-f9ce94253cba 200 in 9ms (compile: 4ms, render: 5ms)
 DELETE /api/tasks/1dd836a0-8641-43dd-a62d-c4344d26061c 200 in 6ms (compile: 1733µs, render: 4ms)
 POST /api/tasks 201 in 6ms (compile: 1527µs, render: 4ms)
 POST /api/tasks 201 in 3ms (compile: 825µs, render: 2ms)
 GET /api/tasks 200 in 6ms (compile: 2ms, render: 4ms)
 DELETE /api/tasks/4806655e-bbfb-403b-a7cd-b40b3670c591 200 in 9ms (compile: 5ms, render: 4ms)
 DELETE /api/tasks/b57ebdf7-6d6d-4a36-a927-24bb19789849 200 in 6ms (compile: 1644µs, render: 4ms)
 POST /api/tasks 201 in 6ms (compile: 2ms, render: 3ms)
 POST /api/tasks 201 in 3ms (compile: 863µs, render: 1776µs)
 GET /api/tasks 200 in 6ms (compile: 2ms, render: 4ms)
 DELETE /api/tasks/56e352ad-8731-4fed-ba80-5c82d31a9756 200 in 10ms (compile: 6ms, render: 4ms)
 DELETE /api/tasks/69a914e5-612c-46b8-8230-2890f8311259 200 in 5ms (compile: 1442µs, render: 4ms)
 POST /api/tasks 201 in 4ms (compile: 1275µs, render: 3ms)
 POST /api/tasks 201 in 1996µs (compile: 588µs, render: 1409µs)
 GET /api/tasks 200 in 6ms (compile: 2ms, render: 4ms)
 DELETE /api/tasks/1fda4378-a3b3-4eb1-9c28-31df19fef781 200 in 9ms (compile: 5ms, render: 5ms)
 DELETE /api/tasks/0daf0235-6abf-441b-b124-cd8f6ee457bf 200 in 5ms (compile: 1554µs, render: 3ms)
 POST /api/tasks 201 in 5ms (compile: 1412µs, render: 4ms)
 POST /api/tasks 201 in 4ms (compile: 1154µs, render: 3ms)
 GET /api/tasks 200 in 6ms (compile: 2ms, render: 3ms)
 DELETE /api/tasks/73a38d81-f961-4c5e-94c6-4a6c9b27ac67 200 in 10ms (compile: 5ms, render: 5ms)
 DELETE /api/tasks/57ae933a-2f38-489f-9cb0-91006393b50f 200 in 5ms (compile: 1586µs, render: 4ms)
 POST /api/tasks 201 in 5ms (compile: 1873µs, render: 4ms)
 POST /api/tasks 201 in 4ms (compile: 948µs, render: 3ms)
 GET /api/tasks 200 in 6ms (compile: 2ms, render: 4ms)
 DELETE /api/tasks/1180e4f6-4bc5-426b-955f-4794a85c2b69 200 in 9ms (compile: 4ms, render: 5ms)
 DELETE /api/tasks/8ac4ad45-896a-41b2-a3c8-e942be2d485d 200 in 5ms (compile: 1425µs, render: 3ms)
 POST /api/tasks 201 in 5ms (compile: 1306µs, render: 4ms)
 POST /api/tasks 201 in 3ms (compile: 755µs, render: 2ms)
 GET /api/tasks 200 in 6ms (compile: 2ms, render: 4ms)
 DELETE /api/tasks/a0680af1-8aaf-4fe6-8b19-2959ab134023 200 in 11ms (compile: 5ms, render: 5ms)
 DELETE /api/tasks/10ca2008-0aec-4bd6-84aa-fff0ec8b8e2d 200 in 5ms (compile: 1465µs, render: 4ms)
 POST /api/tasks 201 in 5ms (compile: 1287µs, render: 4ms)
 POST /api/tasks 201 in 5ms (compile: 1291µs, render: 3ms)
 GET /api/tasks 200 in 6ms (compile: 2ms, render: 4ms)
 DELETE /api/tasks/afdfbdb2-db54-4b10-bc55-1a4b6d3b0910 200 in 9ms (compile: 5ms, render: 5ms)
 DELETE /api/tasks/294d58ac-4de0-49ee-914d-ffe77e8b9f13 200 in 5ms (compile: 1418µs, render: 3ms)
 POST /api/tasks 201 in 6ms (compile: 1423µs, render: 4ms)
 POST /api/tasks 201 in 4ms (compile: 1193µs, render: 3ms)
 GET /api/tasks 200 in 7ms (compile: 2ms, render: 5ms)
 DELETE /api/tasks/887d7888-a717-4619-9dce-401e256eebef 200 in 9ms (compile: 4ms, render: 4ms)
 DELETE /api/tasks/7d84c3d1-ec80-4e91-965c-b91e59fb28ef 200 in 5ms (compile: 1394µs, render: 4ms)
 POST /api/tasks 201 in 5ms (compile: 1564µs, render: 4ms)
 POST /api/tasks 201 in 3ms (compile: 952µs, render: 2ms)
 GET /api/tasks 200 in 6ms (compile: 2ms, render: 4ms)
 DELETE /api/tasks/b4368acf-1536-4e03-b8b8-d84849f1c489 200 in 9ms (compile: 5ms, render: 5ms)
 DELETE /api/tasks/8d73919a-9f17-4bb8-93a7-4c2e42218119 200 in 5ms (compile: 1381µs, render: 3ms)
 POST /api/tasks 201 in 6ms (compile: 1400µs, render: 4ms)
 POST /api/tasks 201 in 4ms (compile: 1196µs, render: 3ms)
 GET /api/tasks 200 in 6ms (compile: 2ms, render: 4ms)
 DELETE /api/tasks/d4534bd1-f54d-445d-812c-71f23bf0c49b 200 in 9ms (compile: 5ms, render: 5ms)
 DELETE /api/tasks/cbe796ea-53cb-4136-97a4-6a6f7e31233b 200 in 5ms (compile: 1569µs, render: 4ms)
 POST /api/tasks 201 in 5ms (compile: 1437µs, render: 4ms)
 POST /api/tasks 201 in 4ms (compile: 1214µs, render: 3ms)
 GET /api/tasks 200 in 6ms (compile: 2ms, render: 4ms)
 DELETE /api/tasks/fe2c70b2-f565-4ac3-8160-d5c2009b77d7 200 in 11ms (compile: 6ms, render: 6ms)
 DELETE /api/tasks/4de6820a-a963-43d9-b59e-8b6a0022c404 200 in 3ms (compile: 1032µs, render: 2ms)
 POST /api/tasks 201 in 3ms (compile: 696µs, render: 2ms)
 POST /api/tasks 201 in 2ms (compile: 517µs, render: 1564µs)
 GET /api/tasks 200 in 6ms (compile: 2ms, render: 4ms)
 DELETE /api/tasks/59d3a687-ab2f-449c-8abd-3e46d55caf14 200 in 10ms (compile: 6ms, render: 5ms)
 DELETE /api/tasks/c4c072de-7b7a-4747-abbe-64a0f754f37b 200 in 5ms (compile: 1434µs, render: 3ms)
 POST /api/tasks 201 in 5ms (compile: 1292µs, render: 4ms)
 POST /api/tasks 201 in 4ms (compile: 1164µs, render: 3ms)
 GET /api/tasks 200 in 6ms (compile: 2ms, render: 4ms)
 DELETE /api/tasks/7a5e81e5-687d-420e-99b0-76c1682663aa 200 in 9ms (compile: 5ms, render: 4ms)
 DELETE /api/tasks/01997d56-6c55-4af4-871a-b3a987ac6b88 200 in 5ms (compile: 1517µs, render: 4ms)
 POST /api/tasks 201 in 5ms (compile: 1476µs, render: 4ms)
 POST /api/tasks 201 in 3ms (compile: 1038µs, render: 2ms)
 GET /api/tasks 200 in 5ms (compile: 2ms, render: 3ms)
 DELETE /api/tasks/4cf307f0-a5cb-42c4-8851-097dcb664415 200 in 10ms (compile: 5ms, render: 5ms)
 DELETE /api/tasks/c8eab49e-be7c-4555-95d6-2e48794129a4 200 in 5ms (compile: 1533µs, render: 4ms)
 POST /api/tasks 201 in 6ms (compile: 1938µs, render: 4ms)
 POST /api/tasks 201 in 4ms (compile: 898µs, render: 3ms)
 GET /api/tasks 200 in 6ms (compile: 1989µs, render: 4ms)
 DELETE /api/tasks/92dd8a17-fd6d-47e8-a917-2a75eb2cc5f8 200 in 9ms (compile: 5ms, render: 5ms)
 DELETE /api/tasks/e9116322-8333-48b6-bc1b-f7b17c96049c 200 in 5ms (compile: 1485µs, render: 3ms)
 POST /api/tasks 201 in 5ms (compile: 1336µs, render: 4ms)
 POST /api/tasks 201 in 2ms (compile: 571µs, render: 1491µs)
 GET /api/tasks 200 in 6ms (compile: 2ms, render: 4ms)
 DELETE /api/tasks/c9b2df43-3695-4184-95a2-74d15342926e 200 in 10ms (compile: 5ms, render: 5ms)
 DELETE /api/tasks/e7649c9d-ec58-4d4e-8f78-f1dd26c1cd92 200 in 5ms (compile: 1470µs, render: 4ms)
 POST /api/tasks 201 in 5ms (compile: 1573µs, render: 3ms)
 POST /api/tasks 201 in 3ms (compile: 845µs, render: 1843µs)
 GET /api/tasks 200 in 6ms (compile: 2ms, render: 4ms)
 DELETE /api/tasks/581ba7cb-703a-404d-a550-4bdf89056692 200 in 9ms (compile: 5ms, render: 4ms)
 DELETE /api/tasks/9dcb7320-906f-4dbf-a0dc-5649eca4e08e 200 in 5ms (compile: 1584µs, render: 4ms)
 POST /api/tasks 201 in 7ms (compile: 2ms, render: 5ms)
 POST /api/tasks 201 in 4ms (compile: 879µs, render: 3ms)
 GET /api/tasks 200 in 6ms (compile: 2ms, render: 3ms)
 DELETE /api/tasks/7ec3f052-31b7-4c91-a350-ff6e0ad4786b 200 in 10ms (compile: 5ms, render: 5ms)
 DELETE /api/tasks/565f29cc-085c-44c8-9c5d-b45a5442933a 200 in 5ms (compile: 1378µs, render: 3ms)
 POST /api/tasks 201 in 5ms (compile: 1189µs, render: 4ms)
 POST /api/tasks 201 in 4ms (compile: 1183µs, render: 3ms)
 GET /api/tasks 200 in 6ms (compile: 2ms, render: 4ms)
 DELETE /api/tasks/bac1e0cf-fbd4-4c9a-aa7b-f3ad390396ea 200 in 10ms (compile: 5ms, render: 4ms)
 DELETE /api/tasks/1e8e6ad8-bde5-430f-b959-61385522a3f2 200 in 5ms (compile: 1448µs, render: 3ms)
 POST /api/tasks 201 in 6ms (compile: 1323µs, render: 4ms)
 POST /api/tasks 201 in 4ms (compile: 1173µs, render: 3ms)
 GET /api/tasks 200 in 6ms (compile: 2ms, render: 4ms)
 DELETE /api/tasks/e04d475e-16ae-4267-ade7-a3928424e144 200 in 10ms (compile: 5ms, render: 4ms)
 DELETE /api/tasks/af728c3f-5738-4882-8825-f7dc567d293a 200 in 5ms (compile: 1423µs, render: 4ms)
 POST /api/tasks 201 in 5ms (compile: 1340µs, render: 4ms)
 POST /api/tasks 201 in 4ms (compile: 1187µs, render: 3ms)
 GET /api/tasks 200 in 6ms (compile: 2ms, render: 4ms)
 DELETE /api/tasks/ff370bfb-3952-4880-aac1-9abb2faccd39 200 in 10ms (compile: 5ms, render: 5ms)
 DELETE /api/tasks/803cf837-38f8-4293-b095-c3efd77be65e 200 in 5ms (compile: 1391µs, render: 4ms)
 POST /api/tasks 201 in 4ms (compile: 1652µs, render: 2ms)
 POST /api/tasks 201 in 3ms (compile: 947µs, render: 1972µs)
 GET /api/tasks 200 in 6ms (compile: 2ms, render: 4ms)
 DELETE /api/tasks/1a53e210-0de1-4865-9f19-29fd1c6048e9 200 in 8ms (compile: 4ms, render: 4ms)
 DELETE /api/tasks/0d11d1a4-196e-43b2-8d2d-99570074fd4d 200 in 5ms (compile: 1424µs, render: 3ms)
 POST /api/tasks 201 in 5ms (compile: 1405µs, render: 3ms)
 POST /api/tasks 201 in 1966µs (compile: 599µs, render: 1368µs)
 GET /api/tasks 200 in 6ms (compile: 2ms, render: 4ms)
 DELETE /api/tasks/325a7a0f-e914-4327-8249-73054351ef97 200 in 9ms (compile: 4ms, render: 5ms)
 DELETE /api/tasks/ef036ed6-fbfb-4d54-920b-ba3481c123bf 200 in 5ms (compile: 1598µs, render: 4ms)
 POST /api/tasks 201 in 4ms (compile: 1339µs, render: 3ms)
 POST /api/tasks 201 in 3ms (compile: 728µs, render: 2ms)
 GET /api/tasks 200 in 6ms (compile: 2ms, render: 4ms)
 DELETE /api/tasks/b361b88d-f2d3-497d-ad52-b3f31f3a7805 200 in 12ms (compile: 5ms, render: 7ms)
 DELETE /api/tasks/912654fa-f40b-4a13-9d9d-36967feb3bea 200 in 3ms (compile: 699µs, render: 2ms)
 POST /api/tasks 201 in 3ms (compile: 716µs, render: 1824µs)
 POST /api/tasks 201 in 1883µs (compile: 317µs, render: 1566µs)
 GET /api/tasks 200 in 6ms (compile: 2ms, render: 4ms)
 DELETE /api/tasks/32c37102-8af8-405e-980d-b7e4621a840b 200 in 9ms (compile: 4ms, render: 5ms)
 DELETE /api/tasks/b3946f44-d43e-475e-a2d6-ea4a40d74111 200 in 6ms (compile: 1573µs, render: 4ms)
 POST /api/tasks 201 in 5ms (compile: 1577µs, render: 4ms)
 POST /api/tasks 201 in 2ms (compile: 667µs, render: 1345µs)
 GET /api/tasks 200 in 6ms (compile: 2ms, render: 4ms)
 DELETE /api/tasks/3fc599d9-d520-4afb-b29a-102cc7c3a720 200 in 9ms (compile: 5ms, render: 5ms)
 DELETE /api/tasks/2336460e-4b78-4272-ab2b-d991b9a38900 200 in 5ms (compile: 1961µs, render: 3ms)
 POST /api/tasks 201 in 6ms (compile: 1388µs, render: 4ms)
 POST /api/tasks 201 in 4ms (compile: 951µs, render: 3ms)
 GET /api/tasks 200 in 6ms (compile: 2ms, render: 4ms)
 DELETE /api/tasks/beca7e09-4cbf-4577-9782-964c9d35e5a9 200 in 9ms (compile: 5ms, render: 4ms)
 DELETE /api/tasks/677f36aa-7cef-4d58-bdfb-d5e32e4d1064 200 in 5ms (compile: 1402µs, render: 3ms)
 POST /api/tasks 201 in 6ms (compile: 1608µs, render: 4ms)
 POST /api/tasks 201 in 4ms (compile: 1167µs, render: 3ms)
 GET /api/tasks 200 in 4ms (compile: 1341µs, render: 2ms)
 DELETE /api/tasks/0009c40e-0a1b-41e3-9ced-4e4c0ecf882a 200 in 7ms (compile: 3ms, render: 4ms)
 DELETE /api/tasks/4271d97c-e9a1-4c86-b393-eb89d614f39e 200 in 4ms (compile: 1059µs, render: 3ms)
 POST /api/tasks 201 in 4ms (compile: 884µs, render: 3ms)
 POST /api/tasks 201 in 4ms (compile: 1067µs, render: 3ms)
 GET /api/tasks 200 in 6ms (compile: 2ms, render: 4ms)
 DELETE /api/tasks/5b58bc8f-ffee-464e-b442-a5ff4de5eb23 200 in 9ms (compile: 4ms, render: 4ms)
 DELETE /api/tasks/976429e2-a96f-42b7-ac78-3c66e5ffe7dd 200 in 5ms (compile: 1456µs, render: 3ms)
 POST /api/tasks 201 in 5ms (compile: 1260µs, render: 4ms)
 POST /api/tasks 201 in 4ms (compile: 1044µs, render: 3ms)
 GET /api/tasks 200 in 6ms (compile: 2ms, render: 4ms)
 DELETE /api/tasks/b7018a57-db8a-4b5d-a070-03a4dc50f7f0 200 in 9ms (compile: 5ms, render: 4ms)
 DELETE /api/tasks/b3e3576f-8990-4404-be83-a87a3657738a 200 in 5ms (compile: 1537µs, render: 3ms)
 POST /api/tasks 201 in 7ms (compile: 3ms, render: 4ms)
 POST /api/tasks 201 in 4ms (compile: 885µs, render: 3ms)
 GET /api/tasks 200 in 6ms (compile: 3ms, render: 4ms)
 DELETE /api/tasks/b6e7e15b-3919-437c-b6be-94a3a417aebf 200 in 9ms (compile: 5ms, render: 4ms)
 DELETE /api/tasks/d41ab23b-f58c-4ee3-a1eb-1716efd0a46e 200 in 5ms (compile: 1477µs, render: 4ms)
 POST /api/tasks 201 in 5ms (compile: 1229µs, render: 4ms)
 POST /api/tasks 201 in 4ms (compile: 1118µs, render: 3ms)
 GET /api/tasks 200 in 6ms (compile: 2ms, render: 4ms)
 DELETE /api/tasks/45653b99-e837-41c2-bde9-b08b28a6823a 200 in 10ms (compile: 5ms, render: 5ms)
 DELETE /api/tasks/fae1fb0f-0c01-4125-bfd4-4f7b64b4775b 200 in 5ms (compile: 1460µs, render: 4ms)
 POST /api/tasks 201 in 5ms (compile: 1259µs, render: 4ms)
 POST /api/tasks 201 in 4ms (compile: 1092µs, render: 3ms)
 GET /api/tasks 200 in 6ms (compile: 2ms, render: 4ms)
 DELETE /api/tasks/8a078495-a6b6-4dac-a536-4bb17964bdb9 200 in 10ms (compile: 5ms, render: 5ms)
 DELETE /api/tasks/adfd92ea-a266-401f-86f6-2cc5ce175ed9 200 in 5ms (compile: 1464µs, render: 4ms)
 POST /api/tasks 201 in 6ms (compile: 1450µs, render: 4ms)
 POST /api/tasks 201 in 5ms (compile: 1248µs, render: 3ms)
 GET /api/tasks 200 in 6ms (compile: 2ms, render: 4ms)
 DELETE /api/tasks/6c7d96d9-c990-4454-956e-b111ab8036f5 200 in 9ms (compile: 4ms, render: 4ms)
 DELETE /api/tasks/69480a8a-3aaf-4b0a-b1a2-fda5d6eadce9 200 in 5ms (compile: 1497µs, render: 3ms)
 POST /api/tasks 201 in 5ms (compile: 1288µs, render: 4ms)
 POST /api/tasks 201 in 4ms (compile: 1185µs, render: 3ms)
 GET /api/tasks 200 in 6ms (compile: 2ms, render: 4ms)
 DELETE /api/tasks/b6442cff-c5f9-4b7b-bbb0-7f5ada4afede 200 in 9ms (compile: 5ms, render: 4ms)
 DELETE /api/tasks/6c0e2586-3045-463f-a434-dbeefdc2f219 200 in 5ms (compile: 1449µs, render: 3ms)
 POST /api/tasks 201 in 6ms (compile: 1434µs, render: 4ms)
 POST /api/tasks 201 in 4ms (compile: 1122µs, render: 3ms)
 GET /api/tasks 200 in 6ms (compile: 2ms, render: 4ms)
 DELETE /api/tasks/8db558b1-2135-4c13-be88-94a5120a62fb 200 in 10ms (compile: 5ms, render: 5ms)
 DELETE /api/tasks/6dfcab09-5a70-4460-9289-b1384e49683c 200 in 5ms (compile: 1619µs, render: 4ms)
 POST /api/tasks 201 in 5ms (compile: 1334µs, render: 4ms)
 POST /api/tasks 201 in 3ms (compile: 898µs, render: 3ms)
 GET /api/tasks 200 in 6ms (compile: 2ms, render: 4ms)
 DELETE /api/tasks/54e254c5-007e-4e04-865f-9d04ec6cc20e 200 in 13ms (compile: 6ms, render: 7ms)
 DELETE /api/tasks/a94fb617-608c-4a13-bb84-2e7a27d74e2a 200 in 3ms (compile: 841µs, render: 2ms)
 POST /api/tasks 201 in 3ms (compile: 706µs, render: 1930µs)
 POST /api/tasks 201 in 2ms (compile: 466µs, render: 2ms)
 GET /api/tasks 200 in 5ms (compile: 2ms, render: 3ms)
 DELETE /api/tasks/eea1be5b-8743-4b68-9736-04845db60f0d 200 in 9ms (compile: 4ms, render: 5ms)
 DELETE /api/tasks/fb92f22a-1651-4b2b-a45f-d29efe9c377b 200 in 5ms (compile: 1362µs, render: 3ms)
 POST /api/tasks 201 in 5ms (compile: 1321µs, render: 4ms)
 POST /api/tasks 201 in 3ms (compile: 1256µs, render: 1982µs)
 GET /api/tasks 200 in 5ms (compile: 2ms, render: 3ms)
 DELETE /api/tasks/079d7e58-5e16-4ebc-8216-c58b7798a92b 200 in 9ms (compile: 5ms, render: 4ms)
 DELETE /api/tasks/267abc6f-75bc-4635-ae4d-31040fc58adf 200 in 5ms (compile: 1400µs, render: 3ms)
 POST /api/tasks 201 in 5ms (compile: 1295µs, render: 4ms)
 POST /api/tasks 201 in 1957µs (compile: 523µs, render: 1434µs)
 GET /api/tasks 200 in 5ms (compile: 1840µs, render: 3ms)
 DELETE /api/tasks/ebc92f65-89b0-42e0-b4b6-45778ab2892c 200 in 10ms (compile: 5ms, render: 5ms)
 DELETE /api/tasks/e8e71276-5642-4f7e-86a9-7f1250628a41 200 in 5ms (compile: 1445µs, render: 4ms)
 POST /api/tasks 201 in 6ms (compile: 1488µs, render: 4ms)
 POST /api/tasks 201 in 3ms (compile: 762µs, render: 2ms)
 GET /api/tasks 200 in 5ms (compile: 1797µs, render: 4ms)
 DELETE /api/tasks/5b27b15e-d5f0-48bb-9631-151b77e5fd2c 200 in 9ms (compile: 5ms, render: 4ms)
 DELETE /api/tasks/cd0f4a7b-de1b-4052-848f-622746106574 200 in 5ms (compile: 1431µs, render: 4ms)
 POST /api/tasks 201 in 6ms (compile: 1412µs, render: 4ms)
 POST /api/tasks 201 in 4ms (compile: 1236µs, render: 3ms)
 GET /api/tasks 200 in 6ms (compile: 2ms, render: 4ms)
 DELETE /api/tasks/48275efc-dc43-45df-9fe2-984d33abc73f 200 in 9ms (compile: 4ms, render: 5ms)
 DELETE /api/tasks/cfec2d69-c3c4-4cba-94bd-a0a90f7467f1 200 in 5ms (compile: 1529µs, render: 4ms)
 POST /api/tasks 201 in 6ms (compile: 1385µs, render: 4ms)
 POST /api/tasks 201 in 4ms (compile: 1182µs, render: 3ms)
 GET /api/tasks 200 in 6ms (compile: 2ms, render: 4ms)
 DELETE /api/tasks/32868465-b6c0-47de-9a85-8eb4b8069aa5 200 in 10ms (compile: 5ms, render: 5ms)
 DELETE /api/tasks/3bebf54a-18ce-46d2-b0aa-ca9ed7a8331f 200 in 5ms (compile: 1549µs, render: 4ms)
 POST /api/tasks 201 in 5ms (compile: 1952µs, render: 3ms)
 POST /api/tasks 201 in 4ms (compile: 917µs, render: 3ms)
 GET /api/tasks 200 in 6ms (compile: 2ms, render: 4ms)
 DELETE /api/tasks/a7c08e06-252e-4c39-8ad6-185f69f1b321 200 in 10ms (compile: 6ms, render: 4ms)
 DELETE /api/tasks/004817a8-9b5b-4ad7-bba0-7c9868ab603f 200 in 5ms (compile: 1369µs, render: 4ms)
 POST /api/tasks 201 in 6ms (compile: 1491µs, render: 4ms)
 POST /api/tasks 201 in 4ms (compile: 892µs, render: 3ms)
 GET /api/tasks 200 in 6ms (compile: 2ms, render: 3ms)
 DELETE /api/tasks/bf7179ad-fe87-4842-bc01-4d9ea035f50e 200 in 9ms (compile: 4ms, render: 5ms)
 DELETE /api/tasks/ab489cd8-1e61-47a1-9a7b-79e096d6a4b8 200 in 6ms (compile: 1771µs, render: 4ms)
 POST /api/tasks 201 in 5ms (compile: 1686µs, render: 4ms)
 POST /api/tasks 201 in 3ms (compile: 1126µs, render: 2ms)
 GET /api/tasks 200 in 5ms (compile: 1558µs, render: 3ms)
 DELETE /api/tasks/a9d47e17-8934-44ec-a4a4-3c047e48b4bd 200 in 9ms (compile: 5ms, render: 4ms)
 DELETE /api/tasks/a10e3e76-465b-431a-94e8-608ef6d3814a 200 in 5ms (compile: 1768µs, render: 4ms)
 POST /api/tasks 201 in 6ms (compile: 1122µs, render: 4ms)
 POST /api/tasks 201 in 4ms (compile: 897µs, render: 3ms)
 GET /api/tasks 200 in 6ms (compile: 2ms, render: 4ms)
 DELETE /api/tasks/5aa5216d-faf2-4227-810c-678fe815cace 200 in 9ms (compile: 4ms, render: 5ms)
 DELETE /api/tasks/fe8b21a8-248b-4bb0-b05a-07e9d2171724 200 in 5ms (compile: 1580µs, render: 4ms)
 POST /api/tasks 201 in 4ms (compile: 1391µs, render: 3ms)
 POST /api/tasks 201 in 3ms (compile: 892µs, render: 1972µs)
 GET /api/tasks 200 in 6ms (compile: 2ms, render: 4ms)
 DELETE /api/tasks/d28bd5fd-8923-47cf-adac-6f5c9f1b49e2 200 in 9ms (compile: 4ms, render: 5ms)
 DELETE /api/tasks/2c7a4c21-c784-49b1-877f-9adac59a21ce 200 in 5ms (compile: 1565µs, render: 4ms)
 POST /api/tasks 201 in 6ms (compile: 1895µs, render: 4ms)
 POST /api/tasks 201 in 3ms (compile: 939µs, render: 3ms)
 GET /api/tasks 200 in 6ms (compile: 2ms, render: 4ms)
 DELETE /api/tasks/453843d7-c4e2-4375-b268-b2e085022733 200 in 9ms (compile: 5ms, render: 4ms)
 DELETE /api/tasks/1016a4c0-5cc3-4d97-b784-bf6d35ac782b 200 in 5ms (compile: 1529µs, render: 4ms)
 POST /api/tasks 201 in 5ms (compile: 1727µs, render: 3ms)
 POST /api/tasks 201 in 3ms (compile: 909µs, render: 1970µs)
 GET /api/tasks 200 in 6ms (compile: 2ms, render: 4ms)
 DELETE /api/tasks/924b73ff-8568-4060-8f98-bf89c5793040 200 in 12ms (compile: 5ms, render: 6ms)
 DELETE /api/tasks/a34a764a-63cf-455c-a0c2-31da3c421b89 200 in 3ms (compile: 976µs, render: 2ms)
 POST /api/tasks 201 in 3ms (compile: 496µs, render: 2ms)
 POST /api/tasks 201 in 2ms (compile: 709µs, render: 1692µs)
 GET /api/tasks 200 in 6ms (compile: 2ms, render: 4ms)
 DELETE /api/tasks/5c65b238-2a45-4546-b5bb-d03cf29a82fd 200 in 9ms (compile: 5ms, render: 5ms)
 DELETE /api/tasks/cc2e9b38-f2d3-4e55-812c-9085cfef8334 200 in 5ms (compile: 1409µs, render: 3ms)
 POST /api/tasks 201 in 5ms (compile: 1330µs, render: 4ms)
 POST /api/tasks 201 in 4ms (compile: 1287µs, render: 3ms)
 GET /api/tasks 200 in 5ms (compile: 2ms, render: 3ms)
 DELETE /api/tasks/fadac389-9087-4b07-af74-42b4413b9d9a 200 in 9ms (compile: 5ms, render: 5ms)
 DELETE /api/tasks/90559b47-2d33-42e6-b872-34cf87b9c3ff 200 in 5ms (compile: 1426µs, render: 3ms)
 POST /api/tasks 201 in 5ms (compile: 1274µs, render: 4ms)
 POST /api/tasks 201 in 4ms (compile: 1129µs, render: 3ms)
 GET /api/tasks 200 in 6ms (compile: 2ms, render: 4ms)
 DELETE /api/tasks/24531e8e-36ce-4dee-aa10-752039cf25e9 200 in 10ms (compile: 5ms, render: 5ms)
 DELETE /api/tasks/f968bba0-3f96-4e20-adb5-931a4f6ed443 200 in 5ms (compile: 1467µs, render: 3ms)
 POST /api/tasks 201 in 5ms (compile: 1444µs, render: 4ms)
 POST /api/tasks 201 in 3ms (compile: 861µs, render: 3ms)
 GET /api/tasks 200 in 6ms (compile: 2ms, render: 4ms)
 DELETE /api/tasks/3b05ca80-554f-476a-b475-26283a052b69 200 in 9ms (compile: 5ms, render: 4ms)
 DELETE /api/tasks/7f3fa7dc-e2ee-4c07-b1b6-5cf86018cf4f 200 in 5ms (compile: 1492µs, render: 3ms)
 POST /api/tasks 201 in 6ms (compile: 1405µs, render: 4ms)
 POST /api/tasks 201 in 4ms (compile: 1153µs, render: 3ms)
 GET /api/tasks 200 in 6ms (compile: 2ms, render: 4ms)
 DELETE /api/tasks/6665743a-df8c-43ee-833c-8cdcbf010ef2 200 in 9ms (compile: 4ms, render: 5ms)
 DELETE /api/tasks/f60e5616-4e3b-445b-b62f-0a51f4529dfd 200 in 5ms (compile: 1434µs, render: 4ms)
 POST /api/tasks 201 in 5ms (compile: 1293µs, render: 4ms)
 POST /api/tasks 201 in 4ms (compile: 1193µs, render: 3ms)
 GET /api/tasks 200 in 9ms (compile: 2ms, render: 7ms)
 DELETE /api/tasks/059a8116-411f-49b6-a9b4-d404911f83cc 200 in 10ms (compile: 5ms, render: 4ms)
 DELETE /api/tasks/04759ecc-e2f4-4ec2-8be0-de3bb4e0b047 200 in 5ms (compile: 1487µs, render: 3ms)
 POST /api/tasks 201 in 6ms (compile: 1780µs, render: 4ms)
 POST /api/tasks 201 in 4ms (compile: 1115µs, render: 3ms)
 GET /api/tasks 200 in 4ms (compile: 1291µs, render: 2ms)
 DELETE /api/tasks/09f2c3e5-6164-487d-ba6d-5396b59bb63a 200 in 7ms (compile: 4ms, render: 3ms)
 DELETE /api/tasks/7807b241-9411-4a13-9fc1-3fcb1da0cc36 200 in 3ms (compile: 974µs, render: 2ms)
 POST /api/tasks 201 in 3ms (compile: 765µs, render: 3ms)
 POST /api/tasks 201 in 3ms (compile: 839µs, render: 3ms)
 GET /api/tasks 200 in 6ms (compile: 2ms, render: 4ms)
 DELETE /api/tasks/07fdab7b-be7e-4b75-82d0-a0b606ee71b9 200 in 9ms (compile: 5ms, render: 5ms)
 DELETE /api/tasks/81477ff2-97c6-47ff-b7be-a09fb4a5237f 200 in 5ms (compile: 1539µs, render: 4ms)
 POST /api/tasks 201 in 5ms (compile: 1345µs, render: 4ms)
 POST /api/tasks 201 in 4ms (compile: 1170µs, render: 3ms)
 GET /api/tasks 200 in 6ms (compile: 2ms, render: 4ms)
 DELETE /api/tasks/2a58f2f0-da8c-46f6-a145-b835a1f27e65 200 in 10ms (compile: 6ms, render: 4ms)
 DELETE /api/tasks/2f79e9e8-927c-4bb0-824c-3e66a24fe0e9 200 in 5ms (compile: 1507µs, render: 4ms)
 POST /api/tasks 201 in 6ms (compile: 1464µs, render: 4ms)
 POST /api/tasks 201 in 4ms (compile: 1260µs, render: 3ms)
 GET /api/tasks 200 in 6ms (compile: 2ms, render: 3ms)
 DELETE /api/tasks/d29000c6-db8a-491c-88be-2f3de0113094 200 in 9ms (compile: 5ms, render: 4ms)
 DELETE /api/tasks/13a60676-4432-417b-aae5-510a4d668c16 200 in 5ms (compile: 1505µs, render: 3ms)
 POST /api/tasks 201 in 5ms (compile: 1235µs, render: 4ms)
 POST /api/tasks 201 in 4ms (compile: 1207µs, render: 3ms)
 GET /api/tasks 200 in 6ms (compile: 2ms, render: 4ms)
 DELETE /api/tasks/c0064f54-09b1-4047-96d6-6c556418c4a2 200 in 9ms (compile: 5ms, render: 4ms)
 DELETE /api/tasks/bd0682c2-ed51-4273-be88-97239d3bc4f5 200 in 5ms (compile: 1452µs, render: 3ms)
 POST /api/tasks 201 in 4ms (compile: 1936µs, render: 2ms)
 POST /api/tasks 201 in 2ms (compile: 751µs, render: 1710µs)
 GET /api/tasks 200 in 6ms (compile: 2ms, render: 4ms)
 DELETE /api/tasks/095c456f-f8f4-4f4d-a658-5b6b39e0df3f 200 in 10ms (compile: 5ms, render: 5ms)
 DELETE /api/tasks/94f0204c-ca4c-499e-8009-036f9bf7ad32 200 in 6ms (compile: 1519µs, render: 4ms)
 POST /api/tasks 201 in 6ms (compile: 1667µs, render: 4ms)
 POST /api/tasks 201 in 4ms (compile: 1110µs, render: 3ms)
 GET /api/tasks 200 in 6ms (compile: 2ms, render: 4ms)
 DELETE /api/tasks/1ffaab01-d56b-48fa-8431-6320e7cd6683 200 in 5ms (compile: 3ms, render: 2ms)
 DELETE /api/tasks/f51f1418-da54-459c-b2c4-1434d5fb4cad 200 in 3ms (compile: 654µs, render: 1881µs)
 POST /api/tasks 201 in 2ms (compile: 529µs, render: 1490µs)
 POST /api/tasks 201 in 2ms (compile: 449µs, render: 1615µs)
 GET /api/tasks 200 in 5ms (compile: 1566µs, render: 4ms)
 DELETE /api/tasks/3a188b91-9a21-4bbd-88e4-4f1d3df7e099 200 in 9ms (compile: 5ms, render: 5ms)
 DELETE /api/tasks/1206636f-57db-4cce-89cb-8582e40da021 200 in 5ms (compile: 1451µs, render: 4ms)
 POST /api/tasks 201 in 5ms (compile: 1427µs, render: 3ms)
 POST /api/tasks 201 in 2ms (compile: 591µs, render: 1719µs)
 GET /api/tasks 200 in 6ms (compile: 1878µs, render: 4ms)
 DELETE /api/tasks/d8fd55c5-27b1-4d27-bf99-66469faa9076 200 in 9ms (compile: 4ms, render: 4ms)
 DELETE /api/tasks/aee78180-0228-4e51-9708-ea4e3906355a 200 in 5ms (compile: 1452µs, render: 4ms)
 POST /api/tasks 201 in 6ms (compile: 1375µs, render: 4ms)
 POST /api/tasks 201 in 4ms (compile: 1019µs, render: 3ms)
 GET /api/tasks 200 in 6ms (compile: 2ms, render: 4ms)
 DELETE /api/tasks/a5eba330-9934-4618-a955-f0af840cb93c 200 in 9ms (compile: 4ms, render: 5ms)
 DELETE /api/tasks/2c39dd19-ac29-46b7-8484-2437c22d9de4 200 in 5ms (compile: 1473µs, render: 3ms)
 POST /api/tasks 201 in 5ms (compile: 1347µs, render: 4ms)
 POST /api/tasks 201 in 3ms (compile: 888µs, render: 2ms)
 GET /api/tasks 200 in 6ms (compile: 2ms, render: 4ms)
 DELETE /api/tasks/b1a18d41-22d0-423d-ac72-9720d9854dfe 200 in 10ms (compile: 6ms, render: 5ms)
 DELETE /api/tasks/1c2d80f3-9a24-44ae-906e-92f2d27b2a1d 200 in 5ms (compile: 1458µs, render: 3ms)
 POST /api/tasks 201 in 5ms (compile: 1252µs, render: 4ms)
 POST /api/tasks 201 in 4ms (compile: 1222µs, render: 3ms)
 GET /api/tasks 200 in 6ms (compile: 2ms, render: 4ms)
 DELETE /api/tasks/16319a14-04d6-4471-b54d-16f7523f6430 200 in 10ms (compile: 5ms, render: 5ms)
 DELETE /api/tasks/9a526c5f-1c58-453f-b85d-345af17ceafe 200 in 5ms (compile: 1554µs, render: 4ms)
 POST /api/tasks 201 in 6ms (compile: 1357µs, render: 4ms)
 POST /api/tasks 201 in 4ms (compile: 1096µs, render: 3ms)
 GET /api/tasks 200 in 6ms (compile: 2ms, render: 4ms)
 DELETE /api/tasks/8c2eaa5d-0bb3-4dd1-ba49-3ac8a8b978bc 200 in 10ms (compile: 5ms, render: 6ms)
 DELETE /api/tasks/12519256-db73-4fcd-8794-baf7ff7d52fa 200 in 2ms (compile: 647µs, render: 1841µs)
 POST /api/tasks 201 in 3ms (compile: 652µs, render: 2ms)
 POST /api/tasks 201 in 2ms (compile: 587µs, render: 1489µs)
 GET /api/tasks 200 in 5ms (compile: 1594µs, render: 3ms)
 DELETE /api/tasks/4fae1d77-cdc6-4110-89b8-8ea7e14cd246 200 in 9ms (compile: 5ms, render: 4ms)
 DELETE /api/tasks/bcc7fd98-9b90-4bc5-9060-b165d98fbf5a 200 in 5ms (compile: 1477µs, render: 4ms)
 POST /api/tasks 201 in 4ms (compile: 1459µs, render: 3ms)
 POST /api/tasks 201 in 3ms (compile: 764µs, render: 2ms)
 GET /api/tasks 200 in 6ms (compile: 2ms, render: 4ms)
 DELETE /api/tasks/4f425aef-7c96-409a-b1c2-571c07c2bacd 200 in 9ms (compile: 5ms, render: 5ms)
 DELETE /api/tasks/7023a20d-68d3-4d79-9032-0efd7632f571 200 in 5ms (compile: 1413µs, render: 4ms)
 POST /api/tasks 201 in 5ms (compile: 1457µs, render: 3ms)
 POST /api/tasks 201 in 3ms (compile: 1025µs, render: 2ms)
 GET /api/tasks 200 in 6ms (compile: 2ms, render: 4ms)
 DELETE /api/tasks/762a7ad5-8b0e-433a-81ca-8dfeb507096b 200 in 9ms (compile: 5ms, render: 5ms)
 DELETE /api/tasks/9f8e5f1f-1c7f-410e-a654-f164e94ba9a1 200 in 5ms (compile: 1437µs, render: 4ms)
 POST /api/tasks 201 in 5ms (compile: 1935µs, render: 4ms)
 POST /api/tasks 201 in 3ms (compile: 738µs, render: 1929µs)
 GET /api/tasks 200 in 6ms (compile: 2ms, render: 4ms)
 DELETE /api/tasks/1e438e27-3f8a-4fd4-99d8-654414f2f621 200 in 9ms (compile: 4ms, render: 5ms)
 DELETE /api/tasks/c72dd603-2b8a-4a57-82c1-07ccaefa6027 200 in 5ms (compile: 1445µs, render: 4ms)
 POST /api/tasks 201 in 6ms (compile: 1720µs, render: 4ms)
 POST /api/tasks 201 in 3ms (compile: 948µs, render: 1988µs)
 GET /api/tasks 200 in 6ms (compile: 2ms, render: 4ms)
 DELETE /api/tasks/3da1abc7-2266-4028-8736-63546219da26 200 in 10ms (compile: 5ms, render: 5ms)
 DELETE /api/tasks/4a50d2ca-9e6d-4a04-8b29-fd5b628b963a 200 in 5ms (compile: 1575µs, render: 4ms)
 POST /api/tasks 201 in 4ms (compile: 864µs, render: 3ms)
 POST /api/tasks 201 in 2ms (compile: 567µs, render: 1794µs)
 GET /api/tasks 200 in 6ms (compile: 2ms, render: 4ms)
 DELETE /api/tasks/86ec8096-6405-4545-b471-82912e92bac0 200 in 10ms (compile: 5ms, render: 5ms)
 DELETE /api/tasks/083bfda6-6455-41a1-97a9-1541a09c2679 200 in 5ms (compile: 1579µs, render: 4ms)
 POST /api/tasks 201 in 5ms (compile: 1970µs, render: 3ms)
 POST /api/tasks 201 in 3ms (compile: 704µs, render: 3ms)
 GET /api/tasks 200 in 6ms (compile: 2ms, render: 4ms)
 DELETE /api/tasks/8007c88d-f304-4403-a1e0-0ca6f7c7e107 200 in 10ms (compile: 5ms, render: 5ms)
 DELETE /api/tasks/56c4a7b5-aac5-4fcf-a572-5d17c7f62e3d 200 in 5ms (compile: 1414µs, render: 4ms)
 POST /api/tasks 201 in 5ms (compile: 1196µs, render: 4ms)
 POST /api/tasks 201 in 4ms (compile: 834µs, render: 3ms)
 GET /api/tasks 200 in 6ms (compile: 2ms, render: 4ms)
 DELETE /api/tasks/6daf6c58-b078-4189-9e85-2ad195bd4577 200 in 9ms (compile: 4ms, render: 5ms)
 DELETE /api/tasks/ca0d96e5-d791-4bb4-8b16-c337f223b3eb 200 in 5ms (compile: 1457µs, render: 3ms)
 POST /api/tasks 201 in 5ms (compile: 1299µs, render: 4ms)
 POST /api/tasks 201 in 4ms (compile: 1115µs, render: 3ms)
 GET /api/tasks 200 in 6ms (compile: 2ms, render: 4ms)
 DELETE /api/tasks/411c5afd-af82-47ca-8bfc-c473338f3279 200 in 10ms (compile: 5ms, render: 5ms)
 DELETE /api/tasks/e4898c8d-5cf3-4150-84c2-d8e9690f599c 200 in 6ms (compile: 1664µs, render: 4ms)
 POST /api/tasks 201 in 6ms (compile: 1622µs, render: 4ms)
 POST /api/tasks 201 in 4ms (compile: 1250µs, render: 3ms)
 GET /api/tasks 200 in 6ms (compile: 2ms, render: 4ms)
 DELETE /api/tasks/a5c8ef89-ebf0-406f-b70e-1a399262c716 200 in 10ms (compile: 5ms, render: 5ms)
 DELETE /api/tasks/e0dc0dd5-010a-4b3d-8d61-82f54c09e39f 200 in 5ms (compile: 1479µs, render: 4ms)
 POST /api/tasks 201 in 5ms (compile: 1303µs, render: 4ms)
 POST /api/tasks 201 in 5ms (compile: 1289µs, render: 3ms)
 GET /api/tasks 200 in 6ms (compile: 2ms, render: 4ms)
 DELETE /api/tasks/525ce6db-4f68-4197-a3d2-dbc1c2da0b6d 200 in 10ms (compile: 5ms, render: 5ms)
 DELETE /api/tasks/481b61e8-68e3-4164-845e-c000b90e7be2 200 in 5ms (compile: 1507µs, render: 4ms)
 POST /api/tasks 201 in 6ms (compile: 1449µs, render: 4ms)
 POST /api/tasks 201 in 4ms (compile: 1202µs, render: 3ms)
 GET /api/tasks 200 in 6ms (compile: 2ms, render: 4ms)
 DELETE /api/tasks/890dcbc2-6a23-47b2-b4d2-c49721e14818 200 in 9ms (compile: 5ms, render: 4ms)
 DELETE /api/tasks/ad179ef4-ea5d-4fae-8780-52f96f95464d 200 in 5ms (compile: 1450µs, render: 3ms)
 POST /api/tasks 201 in 5ms (compile: 1299µs, render: 4ms)
 POST /api/tasks 201 in 4ms (compile: 1122µs, render: 3ms)
 GET /api/tasks 200 in 6ms (compile: 2ms, render: 4ms)
 DELETE /api/tasks/206dc3b9-10ee-40de-b79e-017c8e50020c 200 in 11ms (compile: 6ms, render: 6ms)
 DELETE /api/tasks/94dab625-233d-4129-afea-810b08e945bf 200 in 15ms (compile: 13ms, render: 3ms)
 POST /api/tasks 201 in 3ms (compile: 752µs, render: 2ms)
 POST /api/tasks 201 in 2ms (compile: 605µs, render: 1757µs)
 GET /api/tasks 200 in 6ms (compile: 2ms, render: 4ms)
 DELETE /api/tasks/34899cc6-6b66-417d-8807-70cfa7be0dc1 200 in 9ms (compile: 5ms, render: 4ms)
 DELETE /api/tasks/59f7d587-33b7-43a3-9554-272c25ee5787 200 in 5ms (compile: 1317µs, render: 3ms)
 POST /api/tasks 201 in 5ms (compile: 1473µs, render: 4ms)
 POST /api/tasks 201 in 4ms (compile: 1179µs, render: 3ms)
 GET /api/tasks 200 in 6ms (compile: 2ms, render: 4ms)
 DELETE /api/tasks/f0579441-8560-445a-a0bc-9bd7a33e9acf 200 in 10ms (compile: 5ms, render: 5ms)
 DELETE /api/tasks/2deaa224-5a60-4111-9134-09d388b089c8 200 in 5ms (compile: 1469µs, render: 3ms)
 POST /api/tasks 201 in 5ms (compile: 1274µs, render: 4ms)
 POST /api/tasks 201 in 3ms (compile: 1027µs, render: 2ms)
 GET /api/tasks 200 in 5ms (compile: 1630µs, render: 4ms)
 DELETE /api/tasks/3c0f6055-b752-4b22-a2f4-9f491d229e49 200 in 10ms (compile: 5ms, render: 5ms)
 DELETE /api/tasks/5a361833-76ca-4484-a173-9c3ecf5adee9 200 in 5ms (compile: 1629µs, render: 4ms)
 POST /api/tasks 201 in 5ms (compile: 1827µs, render: 4ms)
 POST /api/tasks 201 in 3ms (compile: 798µs, render: 1789µs)
 GET /api/tasks 200 in 4ms (compile: 1300µs, render: 2ms)
 DELETE /api/tasks/f9f9a498-4bed-4cd7-8485-54afc89d444a 200 in 10ms (compile: 5ms, render: 5ms)
 DELETE /api/tasks/c5f8bf39-d6ed-4ada-bfc3-27340d5337fd 200 in 5ms (compile: 1476µs, render: 3ms)
 POST /api/tasks 201 in 4ms (compile: 1418µs, render: 3ms)
 POST /api/tasks 201 in 3ms (compile: 676µs, render: 2ms)
 GET /api/tasks 200 in 5ms (compile: 1832µs, render: 4ms)
 DELETE /api/tasks/32c571ea-247b-4478-b8ce-a48621ed31a4 200 in 10ms (compile: 5ms, render: 5ms)
 DELETE /api/tasks/7f920611-adc4-41ad-9d38-817af8463959 200 in 5ms (compile: 1475µs, render: 4ms)
 POST /api/tasks 201 in 5ms (compile: 1473µs, render: 3ms)
 POST /api/tasks 201 in 3ms (compile: 759µs, render: 1841µs)
 GET /api/tasks 200 in 6ms (compile: 2ms, render: 4ms)
 DELETE /api/tasks/dcdd4d5c-fa28-4860-a2af-c95e269f6bd2 200 in 9ms (compile: 4ms, render: 4ms)
 DELETE /api/tasks/f78004b5-6973-4340-bc64-0de9d55f2788 200 in 5ms (compile: 1491µs, render: 4ms)
 POST /api/tasks 201 in 6ms (compile: 1566µs, render: 4ms)
 POST /api/tasks 201 in 4ms (compile: 1119µs, render: 3ms)
 GET /api/tasks 200 in 6ms (compile: 2ms, render: 4ms)
 DELETE /api/tasks/f0755eb3-1e4e-427a-b76e-f15c0d2ca705 200 in 10ms (compile: 5ms, render: 5ms)
 DELETE /api/tasks/47c43ef6-a97e-42f9-b129-7e282f978565 200 in 5ms (compile: 1514µs, render: 4ms)
 POST /api/tasks 201 in 5ms (compile: 1533µs, render: 4ms)
 POST /api/tasks 201 in 3ms (compile: 805µs, render: 1884µs)
 GET /api/tasks 200 in 6ms (compile: 2ms, render: 4ms)
 DELETE /api/tasks/44dccc0f-678d-497c-aeff-a7a2af36aadf 200 in 9ms (compile: 4ms, render: 5ms)
 DELETE /api/tasks/451a37a1-a762-4ed2-9154-b98196f34062 200 in 5ms (compile: 1426µs, render: 3ms)
 POST /api/tasks 201 in 5ms (compile: 1218µs, render: 4ms)
 POST /api/tasks 201 in 3ms (compile: 950µs, render: 2ms)
 GET /api/tasks 200 in 6ms (compile: 2ms, render: 4ms)
 DELETE /api/tasks/17f1bce4-1f2e-4f65-b426-4ca561c14743 200 in 10ms (compile: 5ms, render: 4ms)
 DELETE /api/tasks/b77b5237-6d64-45d1-a03a-c14446ff6fef 200 in 5ms (compile: 1432µs, render: 3ms)
 POST /api/tasks 201 in 5ms (compile: 1274µs, render: 4ms)
 POST /api/tasks 201 in 4ms (compile: 1058µs, render: 3ms)
 GET /api/tasks 200 in 6ms (compile: 2ms, render: 4ms)
 DELETE /api/tasks/a1485635-9b31-4c9c-a67f-59385ba83ddc 200 in 9ms (compile: 4ms, render: 5ms)
 DELETE /api/tasks/899c9805-4217-48a5-a323-d223a434ad31 200 in 5ms (compile: 1471µs, render: 4ms)
 POST /api/tasks 201 in 6ms (compile: 1436µs, render: 4ms)
 POST /api/tasks 201 in 4ms (compile: 1210µs, render: 3ms)
 GET /api/tasks 200 in 6ms (compile: 2ms, render: 4ms)
 DELETE /api/tasks/1d79b58f-ad34-4ac2-97a1-de8dc743ba06 200 in 9ms (compile: 4ms, render: 5ms)
 DELETE /api/tasks/df9c0e40-bfcb-4d36-8544-8b05a31076f8 200 in 5ms (compile: 1474µs, render: 4ms)
 POST /api/tasks 201 in 5ms (compile: 1342µs, render: 4ms)
 POST /api/tasks 201 in 3ms (compile: 634µs, render: 2ms)
 GET /api/tasks 200 in 5ms (compile: 1634µs, render: 3ms)
 DELETE /api/tasks/5a0ca0f9-a3b1-42a8-98fb-2906a0d7722e 200 in 10ms (compile: 6ms, render: 4ms)
 DELETE /api/tasks/8e12496a-231c-4a68-8b2c-abe693e425bf 200 in 5ms (compile: 1507µs, render: 4ms)
 POST /api/tasks 201 in 3ms (compile: 745µs, render: 2ms)
 POST /api/tasks 201 in 3ms (compile: 713µs, render: 2ms)
 GET /api/tasks 200 in 6ms (compile: 2ms, render: 4ms)
 DELETE /api/tasks/ae1b1066-ebe2-4b3a-a92f-5a555913ca93 200 in 11ms (compile: 6ms, render: 6ms)
 DELETE /api/tasks/4ea2e735-9328-424d-9fb7-da8115c10213 200 in 3ms (compile: 857µs, render: 2ms)
 POST /api/tasks 201 in 1967µs (compile: 591µs, render: 1376µs)
 POST /api/tasks 201 in 1481µs (compile: 423µs, render: 1057µs)
 GET /api/tasks 200 in 6ms (compile: 2ms, render: 3ms)
 DELETE /api/tasks/a65a68a6-22a8-412f-ba74-58e93771e8ea 200 in 10ms (compile: 4ms, render: 5ms)
 DELETE /api/tasks/74372bcb-86f4-4aa1-917d-743392aa7cc9 200 in 7ms (compile: 1785µs, render: 5ms)
 POST /api/tasks 201 in 6ms (compile: 1547µs, render: 4ms)
 POST /api/tasks 201 in 4ms (compile: 1519µs, render: 3ms)
 GET /api/tasks 200 in 6ms (compile: 2ms, render: 3ms)
 DELETE /api/tasks/aad0288f-0b28-4ec0-afcf-fbe2d11930ea 200 in 10ms (compile: 5ms, render: 5ms)
 DELETE /api/tasks/836bb75a-2dff-4a05-925a-7e9d6b8b0f51 200 in 5ms (compile: 1461µs, render: 3ms)
 POST /api/tasks 201 in 5ms (compile: 1422µs, render: 4ms)
 POST /api/tasks 201 in 3ms (compile: 725µs, render: 2ms)
 GET /api/tasks 200 in 6ms (compile: 2ms, render: 4ms)
 DELETE /api/tasks/327f97b4-d409-44ec-96ef-d943f0ce5a0d 200 in 9ms (compile: 4ms, render: 4ms)
 DELETE /api/tasks/864d9388-eaf6-4b1f-906a-27bf325c37a3 200 in 5ms (compile: 1439µs, render: 3ms)
 POST /api/tasks 201 in 5ms (compile: 1618µs, render: 4ms)
 POST /api/tasks 201 in 3ms (compile: 574µs, render: 2ms)
 GET /api/tasks 200 in 6ms (compile: 2ms, render: 4ms)
 DELETE /api/tasks/03a4b08c-623f-4200-ab14-59b9c5b082fc 200 in 10ms (compile: 5ms, render: 5ms)
 DELETE /api/tasks/de498acd-3d7a-4696-acc0-4afbfbd536dc 200 in 5ms (compile: 1509µs, render: 3ms)
 POST /api/tasks 201 in 4ms (compile: 917µs, render: 3ms)
 POST /api/tasks 201 in 3ms (compile: 861µs, render: 2ms)
 GET /api/tasks 200 in 6ms (compile: 2ms, render: 4ms)
 DELETE /api/tasks/62e12837-9bc2-4b32-89a8-034e1bec1540 200 in 9ms (compile: 5ms, render: 4ms)
 DELETE /api/tasks/7918e14f-bce4-4fb6-8830-681b07b61c16 200 in 5ms (compile: 1446µs, render: 4ms)
 POST /api/tasks 201 in 5ms (compile: 1333µs, render: 4ms)
 POST /api/tasks 201 in 4ms (compile: 1234µs, render: 3ms)
 GET /api/tasks 200 in 6ms (compile: 2ms, render: 4ms)
 DELETE /api/tasks/8c8e53eb-d15b-46d3-bcd2-8e200a788e9b 200 in 9ms (compile: 5ms, render: 4ms)
 DELETE /api/tasks/3558ca31-cbb5-4bde-9d95-b5c859ed55bb 200 in 5ms (compile: 1483µs, render: 4ms)
 POST /api/tasks 201 in 6ms (compile: 1913µs, render: 4ms)
 POST /api/tasks 201 in 4ms (compile: 1108µs, render: 3ms)
 GET /api/tasks 200 in 6ms (compile: 2ms, render: 4ms)
 DELETE /api/tasks/cdb76add-e5db-4f3a-b0d4-84b89bb6068a 200 in 9ms (compile: 5ms, render: 4ms)
 DELETE /api/tasks/3cd0402f-2428-4203-9285-18d88b1faa7b 200 in 5ms (compile: 1373µs, render: 3ms)
 POST /api/tasks 201 in 5ms (compile: 1261µs, render: 4ms)
 POST /api/tasks 201 in 3ms (compile: 994µs, render: 2ms)
 GET /api/tasks 200 in 6ms (compile: 2ms, render: 3ms)
 DELETE /api/tasks/3f85c4ef-4ba8-43dd-ad1a-b14d7f2a6096 200 in 10ms (compile: 5ms, render: 5ms)
 DELETE /api/tasks/a1e80a9f-3c32-41c2-bcae-dc0259048a96 200 in 6ms (compile: 2ms, render: 4ms)
 POST /api/tasks 201 in 4ms (compile: 1135µs, render: 3ms)
 POST /api/tasks 201 in 4ms (compile: 918µs, render: 3ms)
 GET /api/tasks 200 in 6ms (compile: 2ms, render: 3ms)
 DELETE /api/tasks/d95883e6-8c2e-4047-9928-d149111720e5 200 in 9ms (compile: 5ms, render: 4ms)
 DELETE /api/tasks/a8b59c86-0d88-410f-b176-96c0f5bf48ce 200 in 5ms (compile: 1394µs, render: 3ms)
 POST /api/tasks 201 in 6ms (compile: 1393µs, render: 4ms)
 POST /api/tasks 201 in 4ms (compile: 1104µs, render: 3ms)
 GET /api/tasks 200 in 6ms (compile: 2ms, render: 4ms)
 DELETE /api/tasks/3ca98d6d-18d6-4dda-94e4-fd258868fe67 200 in 9ms (compile: 5ms, render: 4ms)
 DELETE /api/tasks/9adb16a2-4405-4289-838d-9ed50d72154d 200 in 5ms (compile: 1484µs, render: 4ms)
 POST /api/tasks 201 in 6ms (compile: 1522µs, render: 4ms)
 POST /api/tasks 201 in 4ms (compile: 1061µs, render: 3ms)
 GET /api/tasks 200 in 6ms (compile: 2ms, render: 4ms)
 DELETE /api/tasks/6cfb4997-37a1-45d1-9f84-8cd06d3a0f8e 200 in 9ms (compile: 5ms, render: 5ms)
 DELETE /api/tasks/4e6ce6c2-a427-4a8d-8e34-f6e34668ae70 200 in 5ms (compile: 1460µs, render: 4ms)
 POST /api/tasks 201 in 5ms (compile: 1327µs, render: 4ms)
 POST /api/tasks 201 in 4ms (compile: 1139µs, render: 3ms)
 GET /api/tasks 200 in 6ms (compile: 2ms, render: 4ms)
 DELETE /api/tasks/72e5f65b-c22f-4b28-9496-cab9cb716377 200 in 10ms (compile: 5ms, render: 5ms)
 DELETE /api/tasks/243ff81b-b5c0-4ae6-b0f9-530062a6fe4c 200 in 5ms (compile: 1568µs, render: 4ms)
 POST /api/tasks 201 in 6ms (compile: 1409µs, render: 4ms)
 POST /api/tasks 201 in 4ms (compile: 1225µs, render: 3ms)
 GET /api/tasks 200 in 6ms (compile: 2ms, render: 4ms)
 DELETE /api/tasks/cc8abc81-58ee-4d10-9ed6-07ec451e4952 200 in 13ms (compile: 6ms, render: 7ms)
 DELETE /api/tasks/9803245a-a55a-4fba-90fe-6f7d629f5b13 200 in 3ms (compile: 979µs, render: 2ms)
 POST /api/tasks 201 in 3ms (compile: 698µs, render: 1836µs)
 POST /api/tasks 201 in 2ms (compile: 666µs, render: 1636µs)
 GET /api/tasks 200 in 6ms (compile: 1777µs, render: 4ms)
 DELETE /api/tasks/6a14907c-3f67-458c-b317-50b59aadbeb8 200 in 9ms (compile: 5ms, render: 5ms)
 DELETE /api/tasks/30981b53-e4ad-4857-b10f-49fe6b8e37b0 200 in 5ms (compile: 1339µs, render: 3ms)
 POST /api/tasks 201 in 5ms (compile: 1516µs, render: 3ms)
 POST /api/tasks 201 in 3ms (compile: 909µs, render: 2ms)
 GET /api/tasks 200 in 6ms (compile: 2ms, render: 4ms)
 DELETE /api/tasks/b4a4ff86-11f7-40f1-a87c-06dc327ae2a6 200 in 9ms (compile: 5ms, render: 4ms)
 DELETE /api/tasks/e54b29ad-df22-4859-a494-1d856c422724 200 in 5ms (compile: 1463µs, render: 3ms)
 POST /api/tasks 201 in 5ms (compile: 1339µs, render: 3ms)
 POST /api/tasks 201 in 2ms (compile: 688µs, render: 1611µs)
 GET /api/tasks 200 in 5ms (compile: 1883µs, render: 4ms)
 DELETE /api/tasks/69c4636e-1caa-4201-8583-d46bed02b5cc 200 in 10ms (compile: 5ms, render: 5ms)
 DELETE /api/tasks/aff77d73-9c28-4ba0-b0c2-956e876d8718 200 in 5ms (compile: 1521µs, render: 4ms)
 POST /api/tasks 201 in 6ms (compile: 1530µs, render: 4ms)
 POST /api/tasks 201 in 5ms (compile: 1471µs, render: 3ms)
 GET /api/tasks 200 in 6ms (compile: 2ms, render: 4ms)
 DELETE /api/tasks/a9625684-0164-4de4-a37b-a21268025c5f 200 in 9ms (compile: 5ms, render: 5ms)
 DELETE /api/tasks/39e63140-3d5d-437d-b134-feda5fb67616 200 in 5ms (compile: 1406µs, render: 3ms)
 POST /api/tasks 201 in 5ms (compile: 1383µs, render: 3ms)
 POST /api/tasks 201 in 3ms (compile: 890µs, render: 1747µs)
 GET /api/tasks 200 in 6ms (compile: 2ms, render: 4ms)
 DELETE /api/tasks/da8e96e5-ceb7-4a87-b3f5-c58e476aa4a2 200 in 10ms (compile: 5ms, render: 5ms)
 DELETE /api/tasks/2b2e9b44-16cc-41e1-823d-eebed0ff7388 200 in 5ms (compile: 1485µs, render: 3ms)
 POST /api/tasks 201 in 5ms (compile: 1392µs, render: 4ms)
 POST /api/tasks 201 in 3ms (compile: 731µs, render: 3ms)
 GET /api/tasks 200 in 6ms (compile: 2ms, render: 4ms)
 DELETE /api/tasks/c0194bcf-25e5-4415-89a9-7e6bf65e8e99 200 in 10ms (compile: 6ms, render: 5ms)
 DELETE /api/tasks/0218f3f0-2b62-47de-9ec4-783749f640e3 200 in 5ms (compile: 1573µs, render: 4ms)
 POST /api/tasks 201 in 6ms (compile: 1850µs, render: 4ms)
 POST /api/tasks 201 in 4ms (compile: 1048µs, render: 3ms)
 GET /api/tasks 200 in 6ms (compile: 2ms, render: 4ms)
 DELETE /api/tasks/950541b0-ae63-4535-8dc1-4f86d38cd000 200 in 10ms (compile: 6ms, render: 5ms)
 DELETE /api/tasks/0164de4c-6e65-488e-9aa0-1673417e5254 200 in 5ms (compile: 1445µs, render: 4ms)
 POST /api/tasks 201 in 5ms (compile: 1354µs, render: 4ms)
 POST /api/tasks 201 in 3ms (compile: 954µs, render: 3ms)
 GET /api/tasks 200 in 6ms (compile: 2ms, render: 4ms)
 DELETE /api/tasks/2fba44dd-1219-491b-8071-ba1bb7558c1d 200 in 9ms (compile: 4ms, render: 5ms)
 DELETE /api/tasks/c92623cb-502c-4c81-97ed-2b72847cab66 200 in 5ms (compile: 1437µs, render: 3ms)
 POST /api/tasks 201 in 5ms (compile: 1251µs, render: 3ms)
 POST /api/tasks 201 in 3ms (compile: 719µs, render: 2ms)
 GET /api/tasks 200 in 6ms (compile: 2ms, render: 3ms)
 DELETE /api/tasks/7424038e-ae02-4b95-891d-43ef44951d1a 200 in 10ms (compile: 5ms, render: 4ms)
 DELETE /api/tasks/33198093-0c89-48e8-8d4a-671e187a1f47 200 in 6ms (compile: 1484µs, render: 4ms)
 POST /api/tasks 201 in 4ms (compile: 1646µs, render: 3ms)
 POST /api/tasks 201 in 3ms (compile: 872µs, render: 1847µs)
 GET /api/tasks 200 in 6ms (compile: 2ms, render: 4ms)
 DELETE /api/tasks/2545b813-8587-48a6-83ea-4b37bcd6d8fc 200 in 9ms (compile: 4ms, render: 5ms)
 DELETE /api/tasks/c6d59617-8564-4301-af86-058d729c933a 200 in 5ms (compile: 1430µs, render: 4ms)
 POST /api/tasks 201 in 6ms (compile: 1581µs, render: 4ms)
 POST /api/tasks 201 in 4ms (compile: 1095µs, render: 3ms)
 GET /api/tasks 200 in 6ms (compile: 2ms, render: 4ms)
 DELETE /api/tasks/79023c6e-c370-4643-8037-77c9ff3d0de8 200 in 9ms (compile: 5ms, render: 5ms)
 DELETE /api/tasks/94fdfde8-c8f7-474b-8f8c-ecf27845220d 200 in 5ms (compile: 1604µs, render: 4ms)
 POST /api/tasks 201 in 5ms (compile: 1482µs, render: 4ms)
 POST /api/tasks 201 in 3ms (compile: 785µs, render: 3ms)
 GET /api/tasks 200 in 6ms (compile: 2ms, render: 4ms)
 DELETE /api/tasks/0c28b891-3cd4-49f0-b985-e1a81d7fc861 200 in 10ms (compile: 5ms, render: 5ms)
 DELETE /api/tasks/39a2345e-f061-48e1-8384-03889aa0184d 200 in 5ms (compile: 1531µs, render: 4ms)
 POST /api/tasks 201 in 5ms (compile: 1553µs, render: 4ms)
 POST /api/tasks 201 in 3ms (compile: 872µs, render: 2ms)
 GET /api/tasks 200 in 6ms (compile: 2ms, render: 4ms)
 DELETE /api/tasks/9c2fa1ea-8284-4b6a-8cad-e1781fa14671 200 in 13ms (compile: 6ms, render: 6ms)
 DELETE /api/tasks/5fce8082-2156-4ecb-97dc-e773120fc54b 200 in 3ms (compile: 994µs, render: 1883µs)
 POST /api/tasks 201 in 3ms (compile: 637µs, render: 2ms)
 POST /api/tasks 201 in 1997µs (compile: 526µs, render: 1471µs)
 GET /api/tasks 200 in 6ms (compile: 2ms, render: 4ms)
 DELETE /api/tasks/bbec8b76-eb9a-46a0-86c2-69fac570b62b 200 in 9ms (compile: 5ms, render: 4ms)
 DELETE /api/tasks/77587b84-798b-45dd-ae73-9ffb80909523 200 in 5ms (compile: 1379µs, render: 3ms)
 POST /api/tasks 201 in 5ms (compile: 1214µs, render: 4ms)
 POST /api/tasks 201 in 3ms (compile: 907µs, render: 2ms)
 GET /api/tasks 200 in 6ms (compile: 2ms, render: 4ms)
 DELETE /api/tasks/5c49a674-5427-49cd-adf4-f2bb73100b2b 200 in 9ms (compile: 4ms, render: 5ms)
 DELETE /api/tasks/85157ea3-fd16-4105-979f-43ad3f7ad3f8 200 in 5ms (compile: 1560µs, render: 3ms)
 POST /api/tasks 201 in 5ms (compile: 1237µs, render: 4ms)
 POST /api/tasks 201 in 4ms (compile: 1077µs, render: 3ms)
 GET /api/tasks 200 in 6ms (compile: 2ms, render: 4ms)
 DELETE /api/tasks/5593c3c7-c1e2-429f-8443-03ca9d6f04dd 200 in 10ms (compile: 5ms, render: 5ms)
 DELETE /api/tasks/5bf1ce9b-55c6-44b0-859c-125ac033c23a 200 in 5ms (compile: 1537µs, render: 4ms)
 POST /api/tasks 201 in 6ms (compile: 1385µs, render: 5ms)
 POST /api/tasks 201 in 4ms (compile: 1125µs, render: 3ms)
 GET /api/tasks 200 in 6ms (compile: 2ms, render: 3ms)
 DELETE /api/tasks/b98b4a36-bad8-4ed3-9a82-317b1e606913 200 in 9ms (compile: 4ms, render: 4ms)
 DELETE /api/tasks/9a81452b-7f4b-49a5-ab1e-782fdc3c5c0d 200 in 5ms (compile: 1535µs, render: 4ms)
 POST /api/tasks 201 in 6ms (compile: 1410µs, render: 4ms)
 POST /api/tasks 201 in 4ms (compile: 1065µs, render: 3ms)
 GET /api/tasks 200 in 6ms (compile: 2ms, render: 4ms)
 DELETE /api/tasks/fc54af21-eee8-46ae-bfbe-2883a957cbed 200 in 9ms (compile: 5ms, render: 4ms)
 DELETE /api/tasks/3bb738d5-432c-4818-86c8-933bb55d8593 200 in 5ms (compile: 1487µs, render: 3ms)
 POST /api/tasks 201 in 6ms (compile: 1366µs, render: 4ms)
 POST /api/tasks 201 in 4ms (compile: 1238µs, render: 3ms)
 GET /api/tasks 200 in 6ms (compile: 2ms, render: 4ms)
 DELETE /api/tasks/8b4671bc-cc95-49c7-ac27-7539e89af0c1 200 in 9ms (compile: 5ms, render: 4ms)
 DELETE /api/tasks/683759d4-8769-4f22-9a82-7fc45aa80e34 200 in 5ms (compile: 2ms, render: 3ms)
 POST /api/tasks 201 in 5ms (compile: 1763µs, render: 4ms)
 POST /api/tasks 201 in 4ms (compile: 1067µs, render: 3ms)
 GET /api/tasks 200 in 6ms (compile: 2ms, render: 4ms)
 DELETE /api/tasks/a4a04c80-dd60-44ac-aab0-d41b75690f05 200 in 9ms (compile: 4ms, render: 4ms)
 DELETE /api/tasks/478c2ed0-aa16-4ece-8205-b5ed9f660112 200 in 5ms (compile: 1336µs, render: 3ms)
 POST /api/tasks 201 in 5ms (compile: 1210µs, render: 4ms)
 POST /api/tasks 201 in 4ms (compile: 1144µs, render: 3ms)
 GET /api/tasks 200 in 6ms (compile: 2ms, render: 4ms)
 DELETE /api/tasks/dadaaa09-435a-4f26-a7b3-8208c1009402 200 in 10ms (compile: 4ms, render: 5ms)
 DELETE /api/tasks/04d21eba-cd81-4809-9ee6-caa904c8ab4d 200 in 5ms (compile: 1404µs, render: 3ms)
 POST /api/tasks 201 in 6ms (compile: 1404µs, render: 4ms)
 POST /api/tasks 201 in 4ms (compile: 1079µs, render: 3ms)
 GET /api/tasks 200 in 6ms (compile: 2ms, render: 4ms)
 DELETE /api/tasks/c20d1fb7-8ff2-4393-9a6d-635395548252 200 in 10ms (compile: 5ms, render: 5ms)
 DELETE /api/tasks/bc248130-6601-44ab-8f0c-cfebb21cb558 200 in 6ms (compile: 1634µs, render: 4ms)
 POST /api/tasks 201 in 5ms (compile: 1300µs, render: 4ms)
 POST /api/tasks 201 in 3ms (compile: 837µs, render: 2ms)
 GET /api/tasks 200 in 7ms (compile: 2ms, render: 5ms)
 DELETE /api/tasks/aca3bff5-484a-478b-86ce-11ab9a3d77e9 200 in 9ms (compile: 5ms, render: 4ms)
 DELETE /api/tasks/3da26ef6-eca5-4f59-a5b7-def7d416956d 200 in 5ms (compile: 1397µs, render: 3ms)
 POST /api/tasks 201 in 5ms (compile: 1307µs, render: 4ms)
 POST /api/tasks 201 in 4ms (compile: 1071µs, render: 3ms)
 GET /api/tasks 200 in 6ms (compile: 3ms, render: 4ms)
 DELETE /api/tasks/09c1c2c1-0b11-4b12-8361-fd663c1c63c6 200 in 9ms (compile: 4ms, render: 4ms)
 DELETE /api/tasks/f46eb931-81a7-4da3-b969-e86457782292 200 in 5ms (compile: 1472µs, render: 4ms)
 POST /api/tasks 201 in 5ms (compile: 1728µs, render: 4ms)
 POST /api/tasks 201 in 2ms (compile: 557µs, render: 1556µs)
 GET /api/tasks 200 in 5ms (compile: 1463µs, render: 3ms)
 DELETE /api/tasks/cab45932-380a-4902-9a8f-1cba7e8243d4 200 in 9ms (compile: 5ms, render: 5ms)
 DELETE /api/tasks/66dfb370-d0d8-4800-87a4-811f03477ca0 200 in 5ms (compile: 1503µs, render: 4ms)
 POST /api/tasks 201 in 4ms (compile: 1490µs, render: 3ms)
 POST /api/tasks 201 in 3ms (compile: 831µs, render: 1688µs)
 GET /api/tasks 200 in 6ms (compile: 2ms, render: 4ms)
 DELETE /api/tasks/7f2be904-2460-4134-85ff-6867544bcead 200 in 12ms (compile: 5ms, render: 7ms)
 DELETE /api/tasks/5a76a5b5-f83f-476a-92e8-066fd381cab3 200 in 3ms (compile: 570µs, render: 2ms)
 POST /api/tasks 201 in 3ms (compile: 724µs, render: 1831µs)
 POST /api/tasks 201 in 2ms (compile: 388µs, render: 1741µs)
 GET /api/tasks 200 in 6ms (compile: 2ms, render: 4ms)
 DELETE /api/tasks/a32555e4-6f6a-4c0d-b782-420d6e2037fa 200 in 10ms (compile: 5ms, render: 5ms)
 DELETE /api/tasks/7ea573c9-b1ee-42e6-a851-4378b477979c 200 in 5ms (compile: 1586µs, render: 4ms)
 POST /api/tasks 201 in 5ms (compile: 1592µs, render: 3ms)
 POST /api/tasks 201 in 2ms (compile: 737µs, render: 1568µs)
 GET /api/tasks 200 in 6ms (compile: 2ms, render: 4ms)
 DELETE /api/tasks/c2afcf71-63e0-4565-ad5b-12df4cbb2ce8 200 in 10ms (compile: 5ms, render: 5ms)
 DELETE /api/tasks/47598546-6489-4ea9-b196-862e4b062731 200 in 5ms (compile: 1514µs, render: 4ms)
 POST /api/tasks 201 in 5ms (compile: 1399µs, render: 4ms)
 POST /api/tasks 201 in 3ms (compile: 821µs, render: 2ms)
 GET /api/tasks 200 in 6ms (compile: 2ms, render: 4ms)
 DELETE /api/tasks/e2419d93-8595-4ae7-91d7-2527fbdcfa0a 200 in 10ms (compile: 5ms, render: 4ms)
 DELETE /api/tasks/99933b50-5a66-496c-94c1-e1c93e36f7e4 200 in 5ms (compile: 1510µs, render: 4ms)
 POST /api/tasks 201 in 6ms (compile: 1417µs, render: 4ms)
 POST /api/tasks 201 in 3ms (compile: 923µs, render: 2ms)
 GET /api/tasks 200 in 6ms (compile: 2ms, render: 4ms)
 DELETE /api/tasks/d46b4927-b201-465b-887c-6a7b7e49ac31 200 in 9ms (compile: 4ms, render: 5ms)
 DELETE /api/tasks/46f81813-4d64-4165-b58d-303e3cab3e34 200 in 5ms (compile: 1660µs, render: 4ms)
 POST /api/tasks 201 in 4ms (compile: 1370µs, render: 3ms)
 POST /api/tasks 201 in 3ms (compile: 745µs, render: 2ms)
 GET /api/tasks 200 in 6ms (compile: 2ms, render: 4ms)
 DELETE /api/tasks/a5c6e717-9b79-46c1-9e5e-976275e38cb1 200 in 10ms (compile: 5ms, render: 4ms)
 DELETE /api/tasks/523cd31c-374e-46b5-b5e7-62b2361a17e8 200 in 5ms (compile: 1486µs, render: 3ms)
 POST /api/tasks 201 in 5ms (compile: 1358µs, render: 4ms)
 POST /api/tasks 201 in 4ms (compile: 1102µs, render: 3ms)
 GET /api/tasks 200 in 6ms (compile: 2ms, render: 4ms)
 DELETE /api/tasks/f5572326-b891-4000-a7a7-37e5253074be 200 in 11ms (compile: 6ms, render: 5ms)
 DELETE /api/tasks/f27af301-9f5f-4f45-aeaa-fc89bc1e318d 200 in 6ms (compile: 1715µs, render: 4ms)
 POST /api/tasks 201 in 5ms (compile: 1705µs, render: 4ms)
 POST /api/tasks 201 in 5ms (compile: 1309µs, render: 3ms)
 GET /api/tasks 200 in 5ms (compile: 1766µs, render: 3ms)
 DELETE /api/tasks/614b5933-62c7-4fa4-a9ee-3ef841b2bf48 200 in 11ms (compile: 5ms, render: 5ms)
 DELETE /api/tasks/223e0f54-f42b-4f3b-83ca-01a64790bc18 200 in 5ms (compile: 1575µs, render: 4ms)
 POST /api/tasks 201 in 6ms (compile: 1449µs, render: 4ms)
 POST /api/tasks 201 in 3ms (compile: 881µs, render: 1718µs)
 GET /api/tasks 200 in 5ms (compile: 1539µs, render: 4ms)
 DELETE /api/tasks/b21435ab-c8c6-4e60-baeb-ba6bf0ef5e18 200 in 9ms (compile: 4ms, render: 5ms)
 DELETE /api/tasks/7f4c1c57-88f5-4a9b-95a5-f0b18e8d2491 200 in 5ms (compile: 1426µs, render: 3ms)
 POST /api/tasks 201 in 5ms (compile: 1369µs, render: 3ms)
 POST /api/tasks 201 in 1673µs (compile: 386µs, render: 1288µs)
 GET /api/tasks 200 in 5ms (compile: 1911µs, render: 3ms)
 DELETE /api/tasks/fed12389-7ae3-4b66-b9b7-9d24009632b5 200 in 9ms (compile: 4ms, render: 5ms)
 DELETE /api/tasks/20cd3d68-5ebb-43fe-b541-76a96453d020 200 in 5ms (compile: 1366µs, render: 4ms)
 POST /api/tasks 201 in 5ms (compile: 1317µs, render: 4ms)
 POST /api/tasks 201 in 2ms (compile: 587µs, render: 1619µs)
 GET /api/tasks 200 in 5ms (compile: 1839µs, render: 3ms)
 DELETE /api/tasks/aad011cf-7aec-4acf-b5c9-7aa3a8af632e 200 in 9ms (compile: 4ms, render: 4ms)
 DELETE /api/tasks/cd0d092d-2f9a-4af8-a326-e194e842e8e7 200 in 5ms (compile: 1382µs, render: 3ms)
 POST /api/tasks 201 in 5ms (compile: 1470µs, render: 4ms)
 POST /api/tasks 201 in 3ms (compile: 973µs, render: 2ms)
 GET /api/tasks 200 in 5ms (compile: 1766µs, render: 4ms)
 DELETE /api/tasks/e7b18570-1317-4ff0-bf2e-fb918fcf377c 200 in 9ms (compile: 5ms, render: 4ms)
 DELETE /api/tasks/70dc1e8c-e979-43eb-8754-758a0313774a 200 in 5ms (compile: 1546µs, render: 4ms)
 POST /api/tasks 201 in 5ms (compile: 1676µs, render: 4ms)
 POST /api/tasks 201 in 3ms (compile: 887µs, render: 1939µs)
 GET /api/tasks 200 in 6ms (compile: 2ms, render: 4ms)
 DELETE /api/tasks/462456fd-29a0-4a61-909d-d90da578516b 200 in 9ms (compile: 5ms, render: 4ms)
 DELETE /api/tasks/031d91d6-d1af-455c-bdb1-2d9881b0e1fa 200 in 5ms (compile: 1411µs, render: 3ms)
 POST /api/tasks 201 in 5ms (compile: 1364µs, render: 4ms)
 POST /api/tasks 201 in 3ms (compile: 1156µs, render: 2ms)
 GET /api/tasks 200 in 6ms (compile: 2ms, render: 4ms)
 DELETE /api/tasks/bf18fdb3-1c72-4428-a58f-6538d52b3637 200 in 12ms (compile: 6ms, render: 6ms)
 DELETE /api/tasks/101fef34-737c-4b36-b9b3-ab0e654d41cb 200 in 3ms (compile: 945µs, render: 2ms)
 POST /api/tasks 201 in 3ms (compile: 707µs, render: 2ms)
 POST /api/tasks 201 in 2ms (compile: 528µs, render: 1555µs)
 GET /api/tasks 200 in 6ms (compile: 2ms, render: 4ms)
 DELETE /api/tasks/b2c460f0-9f92-4f40-8b88-1b981bf1d2e6 200 in 9ms (compile: 5ms, render: 4ms)
 DELETE /api/tasks/d4950796-b803-4219-9f6c-7a6c9c639eb5 200 in 4ms (compile: 1298µs, render: 3ms)
 POST /api/tasks 201 in 5ms (compile: 1219µs, render: 4ms)
 POST /api/tasks 201 in 4ms (compile: 1067µs, render: 3ms)
 GET /api/tasks 200 in 6ms (compile: 2ms, render: 4ms)
 DELETE /api/tasks/279af0bf-94d7-4f4d-9c9d-20e77637fda6 200 in 9ms (compile: 5ms, render: 5ms)
 DELETE /api/tasks/58b5f91a-22d8-4cd9-997c-927264f6e131 200 in 5ms (compile: 1444µs, render: 3ms)
 POST /api/tasks 201 in 6ms (compile: 1468µs, render: 4ms)
 POST /api/tasks 201 in 4ms (compile: 1036µs, render: 3ms)
 GET /api/tasks 200 in 6ms (compile: 2ms, render: 4ms)
 DELETE /api/tasks/6f405d24-7ca4-4c24-8baf-2fae2602e59f 200 in 10ms (compile: 5ms, render: 5ms)
 DELETE /api/tasks/2abd0dc5-1b7e-4548-b606-aa50b0703ac2 200 in 5ms (compile: 1486µs, render: 4ms)
 POST /api/tasks 201 in 6ms (compile: 1686µs, render: 4ms)
 POST /api/tasks 201 in 5ms (compile: 1352µs, render: 3ms)
 GET /api/tasks 200 in 6ms (compile: 2ms, render: 4ms)
 DELETE /api/tasks/b4b2b939-d5e1-4d27-8789-764d3720a21d 200 in 9ms (compile: 5ms, render: 4ms)
 DELETE /api/tasks/1dfdc3f0-4bcc-4ce5-add6-1265c5e2f367 200 in 5ms (compile: 1493µs, render: 3ms)
 POST /api/tasks 201 in 5ms (compile: 1298µs, render: 4ms)
 POST /api/tasks 201 in 4ms (compile: 1159µs, render: 3ms)
 GET /api/tasks 200 in 6ms (compile: 2ms, render: 4ms)
 DELETE /api/tasks/fed401a4-9120-4497-8955-21976d0b964e 200 in 9ms (compile: 5ms, render: 4ms)
 DELETE /api/tasks/505d2431-5ba7-4704-8084-2e8c6dc8617d 200 in 5ms (compile: 1449µs, render: 3ms)
 POST /api/tasks 201 in 5ms (compile: 1282µs, render: 4ms)
 POST /api/tasks 201 in 4ms (compile: 1033µs, render: 3ms)
 GET /api/tasks 200 in 6ms (compile: 2ms, render: 4ms)
 DELETE /api/tasks/5f2bed1c-e63c-476e-a1de-3a982e690c93 200 in 9ms (compile: 5ms, render: 5ms)
 DELETE /api/tasks/69699557-8a2e-4317-868f-45ec91b57e7f 200 in 5ms (compile: 1524µs, render: 3ms)
 POST /api/tasks 201 in 6ms (compile: 2ms, render: 4ms)
 POST /api/tasks 201 in 4ms (compile: 938µs, render: 3ms)
 GET /api/tasks 200 in 6ms (compile: 2ms, render: 4ms)
 DELETE /api/tasks/d3754f08-bf32-4d36-b3bb-1bfcd5e835ba 200 in 10ms (compile: 5ms, render: 5ms)
 DELETE /api/tasks/2a25fad0-3cdc-4346-b457-84fed2f92234 200 in 5ms (compile: 1399µs, render: 3ms)
 POST /api/tasks 201 in 6ms (compile: 1361µs, render: 4ms)
 POST /api/tasks 201 in 4ms (compile: 1129µs, render: 3ms)
 GET /api/tasks 200 in 6ms (compile: 2ms, render: 4ms)
 DELETE /api/tasks/488563cd-eec9-4b82-a296-4c8ba253ae34 200 in 10ms (compile: 5ms, render: 5ms)
 DELETE /api/tasks/1b9e571e-55d3-4eda-88c5-07160f520ae0 200 in 5ms (compile: 1406µs, render: 3ms)
 POST /api/tasks 201 in 5ms (compile: 1222µs, render: 4ms)
 POST /api/tasks 201 in 4ms (compile: 1192µs, render: 3ms)
 GET /api/tasks 200 in 6ms (compile: 2ms, render: 4ms)
 DELETE /api/tasks/9bca1ca8-755a-432f-a584-14736a8040e6 200 in 10ms (compile: 5ms, render: 5ms)
 DELETE /api/tasks/1337f1e6-6ca8-466f-a604-746b33562522 200 in 6ms (compile: 1513µs, render: 4ms)
 POST /api/tasks 201 in 5ms (compile: 1519µs, render: 4ms)
 POST /api/tasks 201 in 4ms (compile: 1211µs, render: 2ms)
 GET /api/tasks 200 in 4ms (compile: 1456µs, render: 3ms)
 DELETE /api/tasks/186d5f14-d989-43df-b63c-4c15c1824483 200 in 9ms (compile: 4ms, render: 5ms)
 DELETE /api/tasks/88cbd8bb-bbfb-4bbc-8aa5-afcdb84bb77d 200 in 6ms (compile: 1625µs, render: 4ms)
 POST /api/tasks 201 in 4ms (compile: 921µs, render: 3ms)
 POST /api/tasks 201 in 3ms (compile: 562µs, render: 2ms)
 GET /api/tasks 200 in 6ms (compile: 2ms, render: 4ms)
 DELETE /api/tasks/07e817d9-6bb9-4d25-8c7c-91f536006b00 200 in 10ms (compile: 6ms, render: 4ms)
 DELETE /api/tasks/f41d7bc9-3ea6-48db-8dc5-1a7d83ba1dca 200 in 5ms (compile: 1568µs, render: 4ms)
 POST /api/tasks 201 in 6ms (compile: 1527µs, render: 4ms)
 POST /api/tasks 201 in 3ms (compile: 674µs, render: 2ms)
 GET /api/tasks 200 in 6ms (compile: 2ms, render: 4ms)
 DELETE /api/tasks/e42f6ef8-ed21-4703-9a18-f975b414bc54 200 in 10ms (compile: 5ms, render: 5ms)
 DELETE /api/tasks/78494d6a-32fa-461e-9a8a-93b4a0fdf1fe 200 in 5ms (compile: 1566µs, render: 4ms)
 POST /api/tasks 201 in 6ms (compile: 1332µs, render: 4ms)
 POST /api/tasks 201 in 3ms (compile: 1085µs, render: 2ms)
 GET /api/tasks 200 in 6ms (compile: 2ms, render: 4ms)
 DELETE /api/tasks/856899de-819b-4ece-b855-7932b47aec44 200 in 12ms (compile: 6ms, render: 6ms)
 DELETE /api/tasks/4f1b68ca-cd56-4346-9f98-3cfc460c2dba 200 in 3ms (compile: 707µs, render: 2ms)
 POST /api/tasks 201 in 3ms (compile: 718µs, render: 1849µs)
 POST /api/tasks 201 in 1597µs (compile: 512µs, render: 1085µs)
 GET /api/tasks 200 in 6ms (compile: 1976µs, render: 4ms)
 DELETE /api/tasks/2405187d-3251-4710-a1df-fedad8542361 200 in 9ms (compile: 5ms, render: 5ms)
 DELETE /api/tasks/c2be4597-19b8-4f7a-a01f-2f717c52efdd 200 in 5ms (compile: 1449µs, render: 4ms)
 POST /api/tasks 201 in 5ms (compile: 1285µs, render: 4ms)
 POST /api/tasks 201 in 3ms (compile: 1053µs, render: 2ms)
 GET /api/tasks 200 in 5ms (compile: 1944µs, render: 3ms)
 DELETE /api/tasks/4340e5ef-7f79-489f-9747-1fd34325a557 200 in 10ms (compile: 5ms, render: 5ms)
 DELETE /api/tasks/7db51bd9-b295-4523-8519-333921aa27c3 200 in 5ms (compile: 1503µs, render: 4ms)
 POST /api/tasks 201 in 6ms (compile: 1768µs, render: 4ms)
 POST /api/tasks 201 in 4ms (compile: 1120µs, render: 3ms)
 GET /api/tasks 200 in 6ms (compile: 2ms, render: 4ms)
 DELETE /api/tasks/65ae017d-6fc3-4440-a1b0-8f5aa0be5566 200 in 7ms (compile: 3ms, render: 3ms)
 DELETE /api/tasks/d724695b-a35e-4354-a9f9-ea429a40ca1a 200 in 3ms (compile: 968µs, render: 3ms)
 POST /api/tasks 201 in 4ms (compile: 822µs, render: 3ms)
 POST /api/tasks 201 in 3ms (compile: 858µs, render: 3ms)
 GET /api/tasks 200 in 6ms (compile: 2ms, render: 4ms)
 DELETE /api/tasks/3a718c11-feac-4510-b29b-095ec06e40d9 200 in 9ms (compile: 5ms, render: 4ms)
 DELETE /api/tasks/41809e6f-36e3-4ca7-b3d7-a1ad414898ad 200 in 5ms (compile: 1512µs, render: 3ms)
 POST /api/tasks 201 in 5ms (compile: 1263µs, render: 4ms)
 POST /api/tasks 201 in 4ms (compile: 1187µs, render: 3ms)
 GET /api/tasks 200 in 6ms (compile: 2ms, render: 4ms)
 DELETE /api/tasks/9b383cf2-2104-47b9-8e0c-75ff85a30d1c 200 in 10ms (compile: 6ms, render: 5ms)
 DELETE /api/tasks/8a1a3e66-707d-4da4-904a-a3d54a96952c 200 in 6ms (compile: 1237µs, render: 5ms)
 POST /api/tasks 201 in 3ms (compile: 1023µs, render: 1988µs)
 POST /api/tasks 201 in 2ms (compile: 396µs, render: 1748µs)
 GET /api/tasks 200 in 6ms (compile: 2ms, render: 4ms)
 DELETE /api/tasks/bd1526e4-bd93-4329-b258-ea9ef649a735 200 in 9ms (compile: 5ms, render: 4ms)
 DELETE /api/tasks/479a5458-5997-478b-ab86-ac251a523eee 200 in 5ms (compile: 1471µs, render: 4ms)
 POST /api/tasks 201 in 6ms (compile: 2ms, render: 4ms)
 POST /api/tasks 201 in 4ms (compile: 950µs, render: 3ms)
 GET /api/tasks 200 in 6ms (compile: 2ms, render: 4ms)
 DELETE /api/tasks/25b251a4-a368-4f46-94f6-fd164706b151 200 in 10ms (compile: 5ms, render: 5ms)
 DELETE /api/tasks/cfc412d8-7263-43c1-84b6-08698fdf9f6b 200 in 6ms (compile: 1537µs, render: 4ms)
 POST /api/tasks 201 in 5ms (compile: 1440µs, render: 4ms)
 POST /api/tasks 201 in 2ms (compile: 777µs, render: 1686µs)
 GET /api/tasks 200 in 6ms (compile: 2ms, render: 4ms)
 DELETE /api/tasks/a3cdc24f-4a04-4d10-8216-eb42fb95560e 200 in 9ms (compile: 4ms, render: 5ms)
 DELETE /api/tasks/81e379ac-e1b3-4361-8df5-fb37aa3f9d18 200 in 5ms (compile: 1400µs, render: 3ms)
 POST /api/tasks 201 in 4ms (compile: 1293µs, render: 3ms)
 POST /api/tasks 201 in 3ms (compile: 687µs, render: 1845µs)
 GET /api/tasks 200 in 6ms (compile: 2ms, render: 4ms)
 DELETE /api/tasks/9735e7d1-1147-4653-91f6-e638eec04371 200 in 10ms (compile: 5ms, render: 5ms)
 DELETE /api/tasks/1ee94388-b9d0-4d48-8633-900e4b433dfc 200 in 5ms (compile: 1536µs, render: 4ms)
 POST /api/tasks 201 in 6ms (compile: 1421µs, render: 4ms)
 POST /api/tasks 201 in 3ms (compile: 944µs, render: 2ms)
 GET /api/tasks 200 in 6ms (compile: 2ms, render: 4ms)
 DELETE /api/tasks/b52ac623-56cd-4640-92ed-38add7de97d8 200 in 9ms (compile: 5ms, render: 4ms)
 DELETE /api/tasks/d704dea0-d03c-4274-a8c4-d30b10566496 200 in 5ms (compile: 1433µs, render: 3ms)
 POST /api/tasks 201 in 5ms (compile: 1277µs, render: 4ms)
 POST /api/tasks 201 in 3ms (compile: 895µs, render: 2ms)
 GET /api/tasks 200 in 6ms (compile: 2ms, render: 4ms)
 DELETE /api/tasks/164f2cbd-414a-42c1-8f8a-c15913b35b99 200 in 10ms (compile: 6ms, render: 5ms)
 DELETE /api/tasks/db7baf2e-6d71-4d9b-adad-0cb7389fa89a 200 in 5ms (compile: 1531µs, render: 3ms)
 POST /api/tasks 201 in 4ms (compile: 955µs, render: 3ms)
 POST /api/tasks 201 in 3ms (compile: 658µs, render: 2ms)
 GET /api/tasks 200 in 6ms (compile: 2ms, render: 4ms)
 DELETE /api/tasks/3513015b-1188-4d40-97d3-551dac42848b 200 in 9ms (compile: 5ms, render: 4ms)
 DELETE /api/tasks/042e773e-cdeb-4477-98ee-d68766e9fca6 200 in 5ms (compile: 1602µs, render: 4ms)
 POST /api/tasks 201 in 6ms (compile: 1354µs, render: 5ms)
 POST /api/tasks 201 in 4ms (compile: 1091µs, render: 3ms)
 GET /api/tasks 200 in 6ms (compile: 2ms, render: 4ms)
 DELETE /api/tasks/56cc7816-4847-44f7-ae9a-1b583f6721bd 200 in 12ms (compile: 5ms, render: 8ms)
 DELETE /api/tasks/eb4f961f-2981-4297-bb51-cc9b080c28f5 200 in 13ms (compile: 11ms, render: 2ms)
 POST /api/tasks 201 in 3ms (compile: 715µs, render: 2ms)
 POST /api/tasks 201 in 2ms (compile: 523µs, render: 1677µs)
 GET /api/tasks 200 in 5ms (compile: 2ms, render: 3ms)
 DELETE /api/tasks/edf474b2-83c2-4202-b3a5-fdb92e4237fa 200 in 9ms (compile: 5ms, render: 4ms)
 DELETE /api/tasks/e1326107-d5b2-486a-b320-c7ec967cfd6d 200 in 5ms (compile: 1307µs, render: 3ms)
 POST /api/tasks 201 in 5ms (compile: 1227µs, render: 4ms)
 POST /api/tasks 201 in 4ms (compile: 1324µs, render: 3ms)
 GET /api/tasks 200 in 6ms (compile: 2ms, render: 4ms)
 DELETE /api/tasks/19c171c8-492e-4f65-9771-184bf4d4fa9d 200 in 9ms (compile: 5ms, render: 4ms)
 DELETE /api/tasks/6373a87a-e70d-4bf0-a512-e49812298183 200 in 5ms (compile: 1458µs, render: 4ms)
 POST /api/tasks 201 in 6ms (compile: 1399µs, render: 4ms)
 POST /api/tasks 201 in 4ms (compile: 1070µs, render: 3ms)
 GET /api/tasks 200 in 6ms (compile: 2ms, render: 4ms)
 DELETE /api/tasks/5a5ecf92-b94c-46ec-8598-7e922dc8209b 200 in 9ms (compile: 5ms, render: 4ms)
 DELETE /api/tasks/f7b38283-deac-4633-97fa-9db644c0674b 200 in 5ms (compile: 1507µs, render: 4ms)
 POST /api/tasks 201 in 5ms (compile: 1286µs, render: 4ms)
 POST /api/tasks 201 in 4ms (compile: 1105µs, render: 3ms)
 GET /api/tasks 200 in 6ms (compile: 2ms, render: 4ms)
 DELETE /api/tasks/594bc54b-0057-4e9b-a949-3be86c9101b3 200 in 9ms (compile: 5ms, render: 4ms)
 DELETE /api/tasks/18c38a36-1126-4983-ab9a-39d9afc1738f 200 in 5ms (compile: 1481µs, render: 4ms)
 POST /api/tasks 201 in 6ms (compile: 1488µs, render: 5ms)
 POST /api/tasks 201 in 4ms (compile: 1218µs, render: 3ms)
 GET /api/tasks 200 in 6ms (compile: 2ms, render: 4ms)
 DELETE /api/tasks/5e7a4704-930e-4bb8-9220-7bea4025bb67 200 in 9ms (compile: 5ms, render: 4ms)
 DELETE /api/tasks/4a66c5cd-343d-4412-bc2f-03f5943f2670 200 in 5ms (compile: 1514µs, render: 3ms)
 POST /api/tasks 201 in 5ms (compile: 1360µs, render: 4ms)
 POST /api/tasks 201 in 4ms (compile: 1077µs, render: 3ms)
 GET /api/tasks 200 in 6ms (compile: 2ms, render: 4ms)
 DELETE /api/tasks/8c6056d2-535f-4bc3-b8f3-19b0b568e90e 200 in 8ms (compile: 4ms, render: 4ms)
 DELETE /api/tasks/d880f9cd-5978-484c-b1da-50301c49f0c5 200 in 5ms (compile: 1469µs, render: 3ms)
 POST /api/tasks 201 in 5ms (compile: 1338µs, render: 4ms)
 POST /api/tasks 201 in 5ms (compile: 1468µs, render: 3ms)
 GET /api/tasks 200 in 6ms (compile: 2ms, render: 4ms)
 DELETE /api/tasks/b2220c48-bfae-4f46-a7a0-1aeab3ab524c 200 in 10ms (compile: 6ms, render: 5ms)
 DELETE /api/tasks/b65b0635-780b-43fb-9356-072aa8b19b37 200 in 5ms (compile: 1377µs, render: 3ms)
 POST /api/tasks 201 in 5ms (compile: 1195µs, render: 4ms)
 POST /api/tasks 201 in 4ms (compile: 1110µs, render: 3ms)
 GET /api/tasks 200 in 6ms (compile: 2ms, render: 4ms)
 DELETE /api/tasks/cb429c1e-78d6-4126-86fa-67dce90ef8b9 200 in 10ms (compile: 5ms, render: 4ms)
 DELETE /api/tasks/97a478bd-44a0-4d8b-8441-943f69b32073 200 in 6ms (compile: 1810µs, render: 4ms)
 POST /api/tasks 201 in 6ms (compile: 1512µs, render: 4ms)
 POST /api/tasks 201 in 4ms (compile: 1080µs, render: 3ms)
 GET /api/tasks 200 in 6ms (compile: 2ms, render: 4ms)
 DELETE /api/tasks/3652f31a-60f4-4090-85d9-f80ea9b6f9be 200 in 9ms (compile: 5ms, render: 4ms)
 DELETE /api/tasks/78aad9e1-20f9-42be-8b01-443f44c42ccf 200 in 5ms (compile: 1410µs, render: 3ms)
 POST /api/tasks 201 in 5ms (compile: 1535µs, render: 4ms)
 POST /api/tasks 201 in 3ms (compile: 1044µs, render: 2ms)
 GET /api/tasks 200 in 5ms (compile: 2ms, render: 3ms)
 DELETE /api/tasks/ca16cdc6-7d8d-41b5-a8a2-f44084a87e2b 200 in 10ms (compile: 5ms, render: 5ms)
 DELETE /api/tasks/e9abeef2-6cf3-4d09-ad65-51922cb37873 200 in 5ms (compile: 1480µs, render: 4ms)
 POST /api/tasks 201 in 5ms (compile: 1659µs, render: 3ms)
 POST /api/tasks 201 in 1904µs (compile: 488µs, render: 1416µs)
 GET /api/tasks 200 in 6ms (compile: 2ms, render: 4ms)
 DELETE /api/tasks/5dcdc937-261a-4a62-a5b7-594bf2d18d88 200 in 9ms (compile: 5ms, render: 5ms)
 DELETE /api/tasks/4a1fcac4-0ca8-4be6-97df-951cb54efab1 200 in 5ms (compile: 1457µs, render: 3ms)
 POST /api/tasks 201 in 5ms (compile: 1299µs, render: 4ms)
 POST /api/tasks 201 in 2ms (compile: 803µs, render: 1452µs)
 GET /api/tasks 200 in 6ms (compile: 2ms, render: 4ms)
 DELETE /api/tasks/40a6257f-b301-458a-b2c8-11e1c19a37aa 200 in 9ms (compile: 5ms, render: 4ms)
 DELETE /api/tasks/33d03ec5-df38-4e07-b765-2d91aa993b91 200 in 5ms (compile: 1407µs, render: 4ms)
 POST /api/tasks 201 in 5ms (compile: 1568µs, render: 3ms)
 POST /api/tasks 201 in 3ms (compile: 915µs, render: 1832µs)
 GET /api/tasks 200 in 6ms (compile: 2ms, render: 4ms)
 DELETE /api/tasks/bbe434ee-3fd7-428c-a64f-7fa7af9c9b46 200 in 11ms (compile: 5ms, render: 6ms)
 DELETE /api/tasks/acb6081f-57bb-4251-b3e4-b4b4fc9cd5a8 200 in 3ms (compile: 516µs, render: 2ms)
 POST /api/tasks 201 in 2ms (compile: 693µs, render: 1506µs)
 POST /api/tasks 201 in 2ms (compile: 381µs, render: 1673µs)
 GET /api/tasks 200 in 6ms (compile: 2ms, render: 4ms)
 DELETE /api/tasks/f31eb704-2ec3-496b-86ba-3d8d6d0e14f4 200 in 10ms (compile: 5ms, render: 4ms)
 DELETE /api/tasks/7be55ff2-2dbb-4f35-a1cf-f85f692b9e24 200 in 5ms (compile: 1448µs, render: 3ms)
 POST /api/tasks 201 in 6ms (compile: 1550µs, render: 4ms)
 POST /api/tasks 201 in 4ms (compile: 1216µs, render: 3ms)
 GET /api/tasks 200 in 5ms (compile: 2ms, render: 3ms)
 DELETE /api/tasks/dfc18314-6979-4adc-bc61-513f9373f60a 200 in 10ms (compile: 5ms, render: 4ms)
 DELETE /api/tasks/6fc43211-a5b2-4595-ad2e-828992b2cb59 200 in 5ms (compile: 1422µs, render: 3ms)
 POST /api/tasks 201 in 5ms (compile: 1351µs, render: 4ms)
 POST /api/tasks 201 in 4ms (compile: 1191µs, render: 3ms)
 GET /api/tasks 200 in 6ms (compile: 2ms, render: 4ms)
 DELETE /api/tasks/981311f5-2698-4e76-abc4-f9eac67bc861 200 in 9ms (compile: 4ms, render: 4ms)
 DELETE /api/tasks/8661e9f7-b6fc-46c1-bdff-bb662c6c1990 200 in 5ms (compile: 1368µs, render: 3ms)
 POST /api/tasks 201 in 4ms (compile: 1364µs, render: 3ms)
 POST /api/tasks 201 in 3ms (compile: 842µs, render: 2ms)
 GET /api/tasks 200 in 6ms (compile: 2ms, render: 4ms)
 DELETE /api/tasks/061ae667-a819-4cd6-9416-a5bdb71d3b15 200 in 10ms (compile: 5ms, render: 5ms)
 DELETE /api/tasks/13d15910-2777-488e-a9f4-fd415a97d7c5 200 in 5ms (compile: 1573µs, render: 4ms)
 POST /api/tasks 201 in 5ms (compile: 1374µs, render: 4ms)
 POST /api/tasks 201 in 3ms (compile: 776µs, render: 1987µs)
 GET /api/tasks 200 in 6ms (compile: 2ms, render: 4ms)
 DELETE /api/tasks/7aaf6a46-ea93-4c83-b39b-9edfaacf3e57 200 in 10ms (compile: 5ms, render: 5ms)
 DELETE /api/tasks/44e083a0-e070-478b-a08e-8b7f38a47d79 200 in 5ms (compile: 1479µs, render: 4ms)
 POST /api/tasks 201 in 5ms (compile: 1419µs, render: 4ms)
 POST /api/tasks 201 in 3ms (compile: 1035µs, render: 2ms)
 GET /api/tasks 200 in 4ms (compile: 1670µs, render: 3ms)
 DELETE /api/tasks/ed6b8849-3386-447c-ac0b-d2d53809ac77 200 in 7ms (compile: 4ms, render: 3ms)
 DELETE /api/tasks/db882f2a-98b7-4b7f-9bfc-ed0594204d6e 200 in 4ms (compile: 1056µs, render: 3ms)
 POST /api/tasks 201 in 9ms (compile: 7ms, render: 1856µs)
 POST /api/tasks 201 in 3ms (compile: 902µs, render: 3ms)
 GET /api/tasks 200 in 6ms (compile: 2ms, render: 4ms)
 DELETE /api/tasks/3779603f-0aec-42bc-99d7-e6f3fe73f189 200 in 9ms (compile: 5ms, render: 4ms)
 DELETE /api/tasks/0aa1d762-6f92-4a45-9b3e-b587d1332da6 200 in 5ms (compile: 1397µs, render: 3ms)
 POST /api/tasks 201 in 5ms (compile: 1314µs, render: 4ms)
 POST /api/tasks 201 in 3ms (compile: 555µs, render: 2ms)
 GET /api/tasks 200 in 6ms (compile: 2ms, render: 4ms)
 DELETE /api/tasks/ebcd65aa-1be0-4a66-ba7b-dc3eab8826e2 200 in 9ms (compile: 5ms, render: 5ms)
 DELETE /api/tasks/ebb8291f-47d3-49a0-bb5f-a121af99f5ed 200 in 5ms (compile: 1438µs, render: 3ms)
 POST /api/tasks 201 in 5ms (compile: 1367µs, render: 4ms)
 POST /api/tasks 201 in 3ms (compile: 850µs, render: 2ms)
 GET /api/tasks 200 in 6ms (compile: 2ms, render: 4ms)
 DELETE /api/tasks/72d94f23-545c-48a4-86c7-b4a8adadd09d 200 in 10ms (compile: 5ms, render: 5ms)
 DELETE /api/tasks/d048fbd8-e639-487f-832a-076baf57aedf 200 in 6ms (compile: 1620µs, render: 4ms)
 POST /api/tasks 201 in 5ms (compile: 1571µs, render: 3ms)
 POST /api/tasks 201 in 3ms (compile: 655µs, render: 2ms)
 GET /api/tasks 200 in 7ms (compile: 2ms, render: 4ms)
 DELETE /api/tasks/8061cae3-bae5-44ed-93f7-9471bed8a739 200 in 11ms (compile: 6ms, render: 5ms)
 DELETE /api/tasks/c64d04e2-e26d-4171-a693-a52c996a5dbb 200 in 5ms (compile: 1569µs, render: 4ms)
 POST /api/tasks 201 in 6ms (compile: 1338µs, render: 4ms)
 POST /api/tasks 201 in 4ms (compile: 1171µs, render: 3ms)
 GET /api/tasks 200 in 6ms (compile: 2ms, render: 4ms)
 DELETE /api/tasks/47e0281f-9e16-4bbb-be7d-a16e4d29c1ae 200 in 10ms (compile: 5ms, render: 5ms)
 DELETE /api/tasks/47d57ea1-1f82-4663-a65f-20eec39b3054 200 in 5ms (compile: 1525µs, render: 4ms)
 POST /api/tasks 201 in 6ms (compile: 1637µs, render: 4ms)
 POST /api/tasks 201 in 4ms (compile: 1363µs, render: 3ms)
 GET /api/tasks 200 in 6ms (compile: 2ms, render: 4ms)
 DELETE /api/tasks/0e1bc9f8-11b6-41f2-8189-55a328369450 200 in 10ms (compile: 5ms, render: 4ms)
 DELETE /api/tasks/137cf715-b49a-4101-b7fc-d8c52ba6a5e6 200 in 5ms (compile: 1585µs, render: 4ms)
 POST /api/tasks 201 in 6ms (compile: 1931µs, render: 4ms)
 POST /api/tasks 201 in 4ms (compile: 1118µs, render: 3ms)
 GET /api/tasks 200 in 6ms (compile: 2ms, render: 4ms)
 DELETE /api/tasks/e299e7a4-9266-44b0-bc80-96c96fe94e68 200 in 10ms (compile: 5ms, render: 4ms)
 DELETE /api/tasks/19dfaee1-cb59-4800-a0e0-87bc88d4fc60 200 in 5ms (compile: 1433µs, render: 4ms)
 POST /api/tasks 201 in 5ms (compile: 1219µs, render: 4ms)
 POST /api/tasks 201 in 4ms (compile: 1018µs, render: 3ms)
 GET /api/tasks 200 in 6ms (compile: 2ms, render: 4ms)
 DELETE /api/tasks/0c1a8396-7fa3-4b8d-939a-ae173729537e 200 in 10ms (compile: 5ms, render: 5ms)
 DELETE /api/tasks/e45bc7d9-86cc-42bb-b805-bbe8d0e8b7d2 200 in 5ms (compile: 1415µs, render: 3ms)
 POST /api/tasks 201 in 5ms (compile: 1398µs, render: 4ms)
 POST /api/tasks 201 in 4ms (compile: 1021µs, render: 3ms)
 GET /api/tasks 200 in 6ms (compile: 2ms, render: 3ms)
 DELETE /api/tasks/71da3d7d-5628-4feb-b249-a4594d37c2ab 200 in 9ms (compile: 5ms, render: 4ms)
 DELETE /api/tasks/ee6e69d6-8079-486c-bc58-2e67d3ea5d56 200 in 5ms (compile: 1464µs, render: 4ms)
 POST /api/tasks 201 in 5ms (compile: 1403µs, render: 4ms)
 POST /api/tasks 201 in 4ms (compile: 1245µs, render: 3ms)
 GET /api/tasks 200 in 6ms (compile: 2ms, render: 4ms)
 DELETE /api/tasks/76ddb262-bb1e-4bcb-b67f-d4085b5e4bc4 200 in 10ms (compile: 5ms, render: 5ms)
 DELETE /api/tasks/9c334fb9-536f-4119-b22d-6885d6859e8f 200 in 5ms (compile: 1467µs, render: 3ms)
 POST /api/tasks 201 in 6ms (compile: 1375µs, render: 4ms)
 POST /api/tasks 201 in 4ms (compile: 1232µs, render: 3ms)
 GET /api/tasks 200 in 6ms (compile: 2ms, render: 3ms)
 DELETE /api/tasks/a1de222d-69a3-4d7a-9ecf-ed312047d95d 200 in 8ms (compile: 4ms, render: 4ms)
 DELETE /api/tasks/e2fe61ab-b35e-4533-8078-28345ee5db16 200 in 5ms (compile: 1369µs, render: 3ms)
 POST /api/tasks 201 in 5ms (compile: 1540µs, render: 4ms)
 POST /api/tasks 201 in 4ms (compile: 977µs, render: 3ms)
 GET /api/tasks 200 in 6ms (compile: 2ms, render: 4ms)
 DELETE /api/tasks/5a441fd1-fa55-4900-955e-c43c8f754250 200 in 8ms (compile: 4ms, render: 4ms)
 DELETE /api/tasks/ae5a6ceb-c28a-4b7e-a250-9532194bbc61 200 in 5ms (compile: 1587µs, render: 4ms)
 POST /api/tasks 201 in 6ms (compile: 1393µs, render: 4ms)
 POST /api/tasks 201 in 4ms (compile: 1268µs, render: 3ms)
 GET /api/tasks 200 in 6ms (compile: 2ms, render: 4ms)
 DELETE /api/tasks/3f978d67-3def-43a0-b6d0-a87624ce20c2 200 in 14ms (compile: 6ms, render: 7ms)
 DELETE /api/tasks/75d9dfc3-cd25-496f-9099-d8956ce61577 200 in 3ms (compile: 637µs, render: 2ms)
 POST /api/tasks 201 in 2ms (compile: 779µs, render: 1702µs)
 POST /api/tasks 201 in 2ms (compile: 353µs, render: 1743µs)
 GET /api/tasks 200 in 6ms (compile: 2ms, render: 4ms)
 DELETE /api/tasks/1147c940-2bff-4077-aafc-2c514fce74c1 200 in 9ms (compile: 4ms, render: 5ms)
 DELETE /api/tasks/d9ed801d-4d6f-4a0d-8a20-5ed0628dfb72 200 in 5ms (compile: 1489µs, render: 4ms)
 POST /api/tasks 201 in 4ms (compile: 1313µs, render: 3ms)
 POST /api/tasks 201 in 2ms (compile: 660µs, render: 1618µs)
 GET /api/tasks 200 in 6ms (compile: 1966µs, render: 4ms)
 DELETE /api/tasks/eaef570b-6af8-42cf-b346-f9b71185990a 200 in 9ms (compile: 4ms, render: 5ms)
 DELETE /api/tasks/b2698a96-289f-4ba1-b4aa-64ff0043b8d6 200 in 5ms (compile: 1492µs, render: 4ms)
 POST /api/tasks 201 in 6ms (compile: 1463µs, render: 4ms)
 POST /api/tasks 201 in 4ms (compile: 974µs, render: 3ms)
 GET /api/tasks 200 in 5ms (compile: 2ms, render: 3ms)
 DELETE /api/tasks/ec45fd32-a91e-4870-b1ed-0c6035147f48 200 in 9ms (compile: 4ms, render: 5ms)
 DELETE /api/tasks/3ac7971e-a8cd-40ff-b5e7-dbf1f5ee16f9 200 in 5ms (compile: 1515µs, render: 4ms)
 POST /api/tasks 201 in 6ms (compile: 1477µs, render: 4ms)
 POST /api/tasks 201 in 2ms (compile: 555µs, render: 1766µs)
 GET /api/tasks 200 in 5ms (compile: 1778µs, render: 3ms)
 DELETE /api/tasks/1deb2f71-71d8-4dee-897f-190d7b83a1a1 200 in 10ms (compile: 6ms, render: 4ms)
 DELETE /api/tasks/c473c078-6af8-44fa-8d9d-0952da302ade 200 in 5ms (compile: 1462µs, render: 4ms)
 POST /api/tasks 201 in 5ms (compile: 1400µs, render: 3ms)
 POST /api/tasks 201 in 1827µs (compile: 398µs, render: 1429µs)
 GET /api/tasks 200 in 4ms (compile: 1642µs, render: 2ms)
 DELETE /api/tasks/d581e55a-6128-49fd-94d2-2ceb41b3e9f3 200 in 7ms (compile: 3ms, render: 4ms)
 DELETE /api/tasks/e477a824-1dd3-455d-846c-4557e3961d45 200 in 4ms (compile: 1220µs, render: 3ms)
 POST /api/tasks 201 in 6ms (compile: 1576µs, render: 5ms)
 POST /api/tasks 201 in 3ms (compile: 1330µs, render: 2ms)
 GET /api/tasks 200 in 6ms (compile: 2ms, render: 4ms)
 DELETE /api/tasks/7c1c3bed-c572-4ae9-9b23-9945a4d6b6eb 200 in 10ms (compile: 5ms, render: 5ms)
 DELETE /api/tasks/32d6ae39-95d6-4514-854f-873239a373cc 200 in 5ms (compile: 1493µs, render: 4ms)
 POST /api/tasks 201 in 6ms (compile: 2ms, render: 4ms)
 POST /api/tasks 201 in 4ms (compile: 1038µs, render: 3ms)
 GET /api/tasks 200 in 6ms (compile: 2ms, render: 4ms)
 DELETE /api/tasks/ecfe28f2-bd19-41f7-8108-c52fcc681fd9 200 in 10ms (compile: 5ms, render: 5ms)
 DELETE /api/tasks/bce95aa5-dba1-4a01-9f92-aa791f9acf64 200 in 5ms (compile: 1462µs, render: 3ms)
 POST /api/tasks 201 in 5ms (compile: 1213µs, render: 4ms)
 POST /api/tasks 201 in 5ms (compile: 1270µs, render: 3ms)
 GET /api/tasks 200 in 6ms (compile: 2ms, render: 4ms)
 DELETE /api/tasks/a59b85f3-28cf-4a0f-8b6b-66706812a112 200 in 10ms (compile: 5ms, render: 5ms)
 DELETE /api/tasks/1b11ecea-bf6d-431c-be21-944a8265e88d 200 in 5ms (compile: 1442µs, render: 3ms)
 POST /api/tasks 201 in 5ms (compile: 1212µs, render: 4ms)
 POST /api/tasks 201 in 4ms (compile: 1168µs, render: 3ms)
 GET /api/tasks 200 in 6ms (compile: 2ms, render: 4ms)
 DELETE /api/tasks/815b834c-989e-4617-882c-5ae6bf5059f8 200 in 9ms (compile: 5ms, render: 4ms)
 DELETE /api/tasks/50678288-9936-4c85-be09-5a4490185604 200 in 5ms (compile: 1587µs, render: 4ms)
 POST /api/tasks 201 in 5ms (compile: 1514µs, render: 4ms)
 POST /api/tasks 201 in 3ms (compile: 903µs, render: 1787µs)
 GET /api/tasks 200 in 6ms (compile: 1864µs, render: 4ms)
 DELETE /api/tasks/a960a934-b550-4642-9e9e-87f0ded4b1c6 200 in 10ms (compile: 5ms, render: 5ms)
 DELETE /api/tasks/0dbb7063-b686-4881-8c7a-34b3453992c0 200 in 5ms (compile: 1485µs, render: 3ms)
 POST /api/tasks 201 in 3ms (compile: 953µs, render: 2ms)
 POST /api/tasks 201 in 3ms (compile: 679µs, render: 2ms)
 GET /api/tasks 200 in 6ms (compile: 2ms, render: 4ms)
 DELETE /api/tasks/77a85a2e-539b-4a3b-a0f2-cb8f446b5ffd 200 in 10ms (compile: 5ms, render: 5ms)
 DELETE /api/tasks/36db4915-eab1-49c7-9d4e-66e7e655b858 200 in 6ms (compile: 1572µs, render: 4ms)
 POST /api/tasks 201 in 6ms (compile: 1720µs, render: 4ms)
 POST /api/tasks 201 in 3ms (compile: 835µs, render: 1964µs)
 GET /api/tasks 200 in 6ms (compile: 2ms, render: 4ms)
 DELETE /api/tasks/7628edf8-e882-4a50-af63-0d9b6115cebb 200 in 10ms (compile: 5ms, render: 5ms)
 DELETE /api/tasks/7ea49751-5db9-4383-8275-f147185e0b9c 200 in 5ms (compile: 1492µs, render: 4ms)
 POST /api/tasks 201 in 5ms (compile: 1422µs, render: 4ms)
 POST /api/tasks 201 in 3ms (compile: 897µs, render: 2ms)
 GET /api/tasks 200 in 6ms (compile: 2ms, render: 4ms)
 DELETE /api/tasks/2fd6681b-99e7-44a3-8758-ccedc4656138 200 in 12ms (compile: 6ms, render: 6ms)
 DELETE /api/tasks/eceed9af-0355-4dc3-a093-c1a4e3dc8cd3 200 in 9ms (compile: 8ms, render: 1752µs)
 POST /api/tasks 201 in 2ms (compile: 592µs, render: 1502µs)
 POST /api/tasks 201 in 1667µs (compile: 343µs, render: 1324µs)
 GET /api/tasks 200 in 6ms (compile: 1938µs, render: 4ms)
 DELETE /api/tasks/bfa1000e-bb4c-4242-b9f2-b8633ed64ca3 200 in 10ms (compile: 5ms, render: 4ms)
 DELETE /api/tasks/bce0b241-330b-4d52-984e-1e8c59cba280 200 in 5ms (compile: 1405µs, render: 4ms)
 POST /api/tasks 201 in 5ms (compile: 1588µs, render: 4ms)
 POST /api/tasks 201 in 3ms (compile: 513µs, render: 3ms)
 GET /api/tasks 200 in 6ms (compile: 2ms, render: 3ms)
 DELETE /api/tasks/d31bcaa0-25e6-4013-a22f-f2be9ec35a01 200 in 9ms (compile: 5ms, render: 5ms)
 DELETE /api/tasks/1cf17576-3761-4d1e-961b-c41477c11c03 200 in 5ms (compile: 1459µs, render: 4ms)
 POST /api/tasks 201 in 4ms (compile: 1379µs, render: 3ms)
 POST /api/tasks 201 in 3ms (compile: 666µs, render: 2ms)
 GET /api/tasks 200 in 4ms (compile: 1766µs, render: 2ms)
 DELETE /api/tasks/f610ee54-83d0-4694-ba53-b1f629b6b2c2 200 in 7ms (compile: 4ms, render: 4ms)
 DELETE /api/tasks/ffb93307-6cb2-4f16-8b8d-18ce9c770bbb 200 in 4ms (compile: 1040µs, render: 3ms)
 POST /api/tasks 201 in 4ms (compile: 992µs, render: 3ms)
 POST /api/tasks 201 in 4ms (compile: 931µs, render: 3ms)
 GET /api/tasks 200 in 6ms (compile: 2ms, render: 4ms)
 DELETE /api/tasks/c7dce422-efea-47cc-ad61-fd267c612505 200 in 9ms (compile: 5ms, render: 5ms)
 DELETE /api/tasks/d16cbee6-caa9-4ec7-8cd5-e3360ad54e8e 200 in 5ms (compile: 1477µs, render: 3ms)
 POST /api/tasks 201 in 6ms (compile: 1373µs, render: 4ms)
 POST /api/tasks 201 in 4ms (compile: 1233µs, render: 3ms)
 GET /api/tasks 200 in 6ms (compile: 2ms, render: 4ms)
 DELETE /api/tasks/0bbc42ac-5d38-489d-9a9a-f26b64b00439 200 in 10ms (compile: 5ms, render: 5ms)
 DELETE /api/tasks/0c1f12d7-eea9-4c1e-940e-ad598e82d811 200 in 5ms (compile: 1438µs, render: 3ms)
 POST /api/tasks 201 in 5ms (compile: 1314µs, render: 4ms)
 POST /api/tasks 201 in 4ms (compile: 1226µs, render: 3ms)
 GET /api/tasks 200 in 6ms (compile: 2ms, render: 4ms)
 DELETE /api/tasks/ebca82cc-4052-4e20-a798-c3f3c42c3829 200 in 10ms (compile: 5ms, render: 5ms)
 DELETE /api/tasks/c2a20b67-af40-4a67-972b-007cb11548b8 200 in 5ms (compile: 1612µs, render: 3ms)
 POST /api/tasks 201 in 5ms (compile: 1585µs, render: 3ms)
 POST /api/tasks 201 in 4ms (compile: 1075µs, render: 3ms)
 GET /api/tasks 200 in 6ms (compile: 2ms, render: 4ms)
 DELETE /api/tasks/3a65d81b-1461-460d-852f-c3250b971ff2 200 in 10ms (compile: 6ms, render: 5ms)
 DELETE /api/tasks/a91823d7-0b0c-438a-9c2f-e7619b88980a 200 in 5ms (compile: 1461µs, render: 3ms)
 POST /api/tasks 201 in 5ms (compile: 1240µs, render: 4ms)
 POST /api/tasks 201 in 4ms (compile: 1268µs, render: 3ms)
 GET /api/tasks 200 in 6ms (compile: 2ms, render: 4ms)
 DELETE /api/tasks/e88c29a9-29e0-4bb3-977d-d0f80d823cf9 200 in 11ms (compile: 6ms, render: 5ms)
 DELETE /api/tasks/1bbcb0c3-3b62-4eeb-9008-9bb1c33506de 200 in 6ms (compile: 1609µs, render: 4ms)
 POST /api/tasks 201 in 5ms (compile: 1594µs, render: 4ms)
 POST /api/tasks 201 in 3ms (compile: 909µs, render: 2ms)
 GET /api/tasks 200 in 6ms (compile: 2ms, render: 4ms)
 DELETE /api/tasks/c1bf9a5f-1d17-45b7-9edb-f895809d4851 200 in 9ms (compile: 5ms, render: 5ms)
 DELETE /api/tasks/7a782963-cfab-493d-a51a-20fb0632b1da 200 in 5ms (compile: 1517µs, render: 3ms)
 POST /api/tasks 201 in 5ms (compile: 1291µs, render: 4ms)
 POST /api/tasks 201 in 4ms (compile: 1154µs, render: 3ms)
 GET /api/tasks 200 in 6ms (compile: 2ms, render: 4ms)
 DELETE /api/tasks/619bd6ad-56b0-453b-afe3-28ed95a82e0c 200 in 10ms (compile: 6ms, render: 5ms)
 DELETE /api/tasks/e03bd11e-81fd-425f-bd9e-2291ae7bbc33 200 in 6ms (compile: 2ms, render: 4ms)
 POST /api/tasks 201 in 6ms (compile: 1408µs, render: 4ms)
 POST /api/tasks 201 in 4ms (compile: 1194µs, render: 3ms)
 GET /api/tasks 200 in 6ms (compile: 2ms, render: 4ms)
 DELETE /api/tasks/c0a993e0-235e-4292-988d-3391b4c2baa4 200 in 10ms (compile: 5ms, render: 5ms)
 DELETE /api/tasks/20158386-fbc7-4928-bda6-40f883a0581b 200 in 5ms (compile: 1504µs, render: 3ms)
 POST /api/tasks 201 in 5ms (compile: 1329µs, render: 4ms)
 POST /api/tasks 201 in 4ms (compile: 1184µs, render: 3ms)
 GET /api/tasks 200 in 6ms (compile: 2ms, render: 4ms)
 DELETE /api/tasks/b68e1b71-2371-4682-8fc8-d4e4b186932f 200 in 10ms (compile: 5ms, render: 5ms)
 DELETE /api/tasks/9e095624-957e-48a3-968b-b57258d37180 200 in 6ms (compile: 1392µs, render: 4ms)
 POST /api/tasks 201 in 5ms (compile: 1196µs, render: 4ms)
 POST /api/tasks 201 in 4ms (compile: 1159µs, render: 3ms)
 GET /api/tasks 200 in 6ms (compile: 2ms, render: 4ms)
 DELETE /api/tasks/c2a1dcc5-b94d-40e9-9eee-712ba375becc 200 in 11ms (compile: 5ms, render: 5ms)
 DELETE /api/tasks/aed2cdee-9bed-4467-bdaf-469fdc0a9d96 200 in 3ms (compile: 757µs, render: 2ms)
 POST /api/tasks 201 in 2ms (compile: 630µs, render: 1598µs)
 POST /api/tasks 201 in 2ms (compile: 486µs, render: 1817µs)
 GET /api/tasks 200 in 5ms (compile: 1998µs, render: 3ms)
 DELETE /api/tasks/094b26f7-47be-4148-822b-9e5ebabfca92 200 in 10ms (compile: 6ms, render: 5ms)
 DELETE /api/tasks/ee52a24a-39c7-4d0e-ba97-7422c7dd9bd2 200 in 5ms (compile: 1431µs, render: 3ms)
 POST /api/tasks 201 in 5ms (compile: 1328µs, render: 4ms)
 POST /api/tasks 201 in 4ms (compile: 1015µs, render: 3ms)
 GET /api/tasks 200 in 6ms (compile: 2ms, render: 4ms)
 DELETE /api/tasks/eb5d86b4-7f2c-469b-a878-50703d7c16d9 200 in 8ms (compile: 4ms, render: 5ms)
 DELETE /api/tasks/d07e3dfc-2508-4b0c-bf5e-7c1809e97ca5 200 in 5ms (compile: 1493µs, render: 4ms)
 POST /api/tasks 201 in 5ms (compile: 1386µs, render: 4ms)
 POST /api/tasks 201 in 3ms (compile: 855µs, render: 1697µs)
 GET /api/tasks 200 in 6ms (compile: 1967µs, render: 4ms)
 DELETE /api/tasks/fbb6e842-42ce-4497-9d1e-792d3c2a5c6c 200 in 10ms (compile: 5ms, render: 5ms)
 DELETE /api/tasks/a8c6ebb1-a9cb-477e-beda-9f4b343ffe37 200 in 5ms (compile: 1453µs, render: 4ms)
 POST /api/tasks 201 in 5ms (compile: 1425µs, render: 4ms)
 POST /api/tasks 201 in 3ms (compile: 972µs, render: 2ms)
 GET /api/tasks 200 in 6ms (compile: 2ms, render: 4ms)
 DELETE /api/tasks/70d45550-a040-4688-a6fe-bef130502e6f 200 in 9ms (compile: 4ms, render: 5ms)
 DELETE /api/tasks/133f319e-f1c4-4059-a7a7-1722f2d63ce9 200 in 5ms (compile: 1483µs, render: 3ms)
 POST /api/tasks 201 in 5ms (compile: 1335µs, render: 4ms)
 POST /api/tasks 201 in 4ms (compile: 1210µs, render: 3ms)
 GET /api/tasks 200 in 6ms (compile: 2ms, render: 4ms)
 DELETE /api/tasks/6cf74701-5ea1-42e5-9ec4-264df11fac4d 200 in 9ms (compile: 5ms, render: 5ms)
 DELETE /api/tasks/d5e91d4b-af13-4848-82b7-f1bf75d5a967 200 in 5ms (compile: 1588µs, render: 4ms)
 POST /api/tasks 201 in 6ms (compile: 1520µs, render: 5ms)
 POST /api/tasks 201 in 4ms (compile: 1220µs, render: 3ms)
 GET /api/tasks 200 in 6ms (compile: 2ms, render: 4ms)
 DELETE /api/tasks/093ab11f-3501-4f67-bc11-5f5db4dc6ec9 200 in 9ms (compile: 5ms, render: 4ms)
 DELETE /api/tasks/bd6ab1b3-f560-41b7-b402-fa310004a146 200 in 5ms (compile: 1498µs, render: 3ms)
 POST /api/tasks 201 in 8ms (compile: 4ms, render: 4ms)
 POST /api/tasks 201 in 4ms (compile: 1046µs, render: 3ms)
 GET /api/tasks 200 in 6ms (compile: 2ms, render: 4ms)
 DELETE /api/tasks/fc80378d-7f8b-45ee-9fdc-01ea01bd1199 200 in 10ms (compile: 5ms, render: 5ms)
 DELETE /api/tasks/65533fde-5464-4fd4-a53a-9d1a124a7a48 200 in 5ms (compile: 1529µs, render: 4ms)
 POST /api/tasks 201 in 5ms (compile: 1521µs, render: 4ms)
 POST /api/tasks 201 in 3ms (compile: 1016µs, render: 2ms)
 GET /api/tasks 200 in 5ms (compile: 1971µs, render: 3ms)
 DELETE /api/tasks/e41a2dea-d5a0-4649-9353-05cdbf029af9 200 in 10ms (compile: 5ms, render: 5ms)
 DELETE /api/tasks/19559e75-66bb-4a31-be49-eb3877f7ae55 200 in 5ms (compile: 1590µs, render: 4ms)
 POST /api/tasks 201 in 5ms (compile: 1379µs, render: 4ms)
 POST /api/tasks 201 in 3ms (compile: 705µs, render: 2ms)
 GET /api/tasks 200 in 6ms (compile: 2ms, render: 3ms)
 DELETE /api/tasks/db7d24c5-8edc-4b12-94ba-81ea6ecbcd52 200 in 9ms (compile: 5ms, render: 5ms)
 DELETE /api/tasks/7f12e0a2-e522-483f-aeef-3154f39c5262 200 in 5ms (compile: 1414µs, render: 4ms)
 POST /api/tasks 201 in 5ms (compile: 1429µs, render: 4ms)
 POST /api/tasks 201 in 3ms (compile: 756µs, render: 2ms)
 GET /api/tasks 200 in 5ms (compile: 2ms, render: 3ms)
 DELETE /api/tasks/fccd56b0-925f-441c-8510-2cbef1d7a940 200 in 9ms (compile: 4ms, render: 4ms)
 DELETE /api/tasks/5b624a8a-1464-4a77-8e6b-588fecebae37 200 in 5ms (compile: 1373µs, render: 3ms)
 POST /api/tasks 201 in 4ms (compile: 1109µs, render: 3ms)
 POST /api/tasks 201 in 1580µs (compile: 454µs, render: 1126µs)
 GET /api/tasks 200 in 5ms (compile: 1734µs, render: 4ms)
 DELETE /api/tasks/811df45a-15e8-4e73-9c63-0394155abdd3 200 in 9ms (compile: 5ms, render: 4ms)
 DELETE /api/tasks/241de766-f9d1-470e-a40c-e8e68a8989d1 200 in 5ms (compile: 1428µs, render: 3ms)
 POST /api/tasks 201 in 5ms (compile: 1397µs, render: 4ms)
 POST /api/tasks 201 in 3ms (compile: 655µs, render: 1976µs)
 GET /api/tasks 200 in 5ms (compile: 1726µs, render: 4ms)
 DELETE /api/tasks/37abfd65-3954-425e-ac22-d43c959eae02 200 in 9ms (compile: 5ms, render: 5ms)
 DELETE /api/tasks/2e595b78-9878-4bce-a53e-9dec3ccfca1e 200 in 5ms (compile: 1499µs, render: 3ms)
 POST /api/tasks 201 in 5ms (compile: 1373µs, render: 4ms)
 POST /api/tasks 201 in 3ms (compile: 851µs, render: 1820µs)
 GET /api/tasks 200 in 6ms (compile: 2ms, render: 4ms)
 DELETE /api/tasks/08a28e07-a1ae-420c-909b-bd20eb928937 200 in 12ms (compile: 6ms, render: 6ms)
 DELETE /api/tasks/01dca5a2-671a-4f4d-ba77-397fd6da6598 200 in 3ms (compile: 937µs, render: 2ms)
 POST /api/tasks 201 in 2ms (compile: 624µs, render: 1686µs)
 POST /api/tasks 201 in 1696µs (compile: 479µs, render: 1217µs)
 GET /api/tasks 200 in 6ms (compile: 2ms, render: 4ms)
 DELETE /api/tasks/3d43ca55-714e-4211-9d04-52a3454da0ee 200 in 10ms (compile: 5ms, render: 4ms)
 DELETE /api/tasks/1e5a442a-30cd-45bc-8303-53b7b92fca54 200 in 5ms (compile: 1394µs, render: 3ms)
 POST /api/tasks 201 in 5ms (compile: 1487µs, render: 4ms)
 POST /api/tasks 201 in 4ms (compile: 1091µs, render: 3ms)
 GET /api/tasks 200 in 5ms (compile: 2ms, render: 3ms)
 DELETE /api/tasks/fcd0c904-3554-44a9-9b77-1abebcdf8241 200 in 9ms (compile: 5ms, render: 4ms)
 DELETE /api/tasks/ed612eb8-0503-45e9-b63f-bf585c3db9f1 200 in 5ms (compile: 1563µs, render: 4ms)
 POST /api/tasks 201 in 6ms (compile: 1747µs, render: 4ms)
 POST /api/tasks 201 in 4ms (compile: 1140µs, render: 3ms)
 GET /api/tasks 200 in 6ms (compile: 2ms, render: 4ms)
 DELETE /api/tasks/66d92a36-914a-421b-8121-324950347986 200 in 10ms (compile: 5ms, render: 5ms)
 DELETE /api/tasks/8fdb677c-6aac-4dda-8d41-1ececb86ee8a 200 in 5ms (compile: 1469µs, render: 3ms)
 POST /api/tasks 201 in 6ms (compile: 1359µs, render: 5ms)
 POST /api/tasks 201 in 4ms (compile: 1256µs, render: 3ms)
 GET /api/tasks 200 in 6ms (compile: 2ms, render: 4ms)
 DELETE /api/tasks/0357cca4-7ab6-4e2c-81f2-7a761199c8ee 200 in 11ms (compile: 6ms, render: 5ms)
 DELETE /api/tasks/a8b40973-1597-436d-9a47-06568a4509e4 200 in 5ms (compile: 1435µs, render: 3ms)
 POST /api/tasks 201 in 5ms (compile: 1309µs, render: 4ms)
 POST /api/tasks 201 in 4ms (compile: 1193µs, render: 3ms)
 GET /api/tasks 200 in 6ms (compile: 2ms, render: 4ms)
 DELETE /api/tasks/6b032313-6239-4b7b-bed1-7e97e8379937 200 in 10ms (compile: 5ms, render: 5ms)
 DELETE /api/tasks/b5154c48-b0ac-4437-8e0d-ac31bb7e5942 200 in 5ms (compile: 1497µs, render: 3ms)
 POST /api/tasks 201 in 5ms (compile: 1299µs, render: 4ms)
 POST /api/tasks 201 in 4ms (compile: 1150µs, render: 3ms)
 GET /api/tasks 200 in 4ms (compile: 1306µs, render: 2ms)
 DELETE /api/tasks/a4f7a1a1-f276-4447-94a1-031f0c92c6d9 200 in 7ms (compile: 4ms, render: 4ms)
 DELETE /api/tasks/d47e9ae2-20c0-44d7-bb6c-fa1a16871806 200 in 4ms (compile: 1080µs, render: 3ms)
 POST /api/tasks 201 in 11ms (compile: 8ms, render: 2ms)
 POST /api/tasks 201 in 2ms (compile: 550µs, render: 1526µs)
 GET /api/tasks 200 in 6ms (compile: 2ms, render: 4ms)
 DELETE /api/tasks/08de7156-41c7-421f-930b-0260e9ee04cf 200 in 9ms (compile: 5ms, render: 4ms)
 DELETE /api/tasks/99f3ec9e-e095-4119-a231-aa8ec983d07d 200 in 5ms (compile: 1436µs, render: 3ms)
 POST /api/tasks 201 in 5ms (compile: 1193µs, render: 4ms)
 POST /api/tasks 201 in 4ms (compile: 1108µs, render: 3ms)
 GET /api/tasks 200 in 6ms (compile: 2ms, render: 4ms)
 DELETE /api/tasks/23e8707d-9835-4daf-929c-6d6b5a96b672 200 in 11ms (compile: 4ms, render: 6ms)
 DELETE /api/tasks/9ad32074-b7da-43df-9a7c-e8ef5508003d 200 in 5ms (compile: 1525µs, render: 3ms)
 POST /api/tasks 201 in 5ms (compile: 1305µs, render: 3ms)
 POST /api/tasks 201 in 3ms (compile: 806µs, render: 2ms)
 GET /api/tasks 200 in 6ms (compile: 2ms, render: 4ms)
 DELETE /api/tasks/234521be-6032-4173-992f-827f209bac95 200 in 10ms (compile: 5ms, render: 4ms)
 DELETE /api/tasks/ddafad0a-ed60-4ea9-9e5c-1e4037d50212 200 in 5ms (compile: 1450µs, render: 4ms)
 POST /api/tasks 201 in 6ms (compile: 1404µs, render: 4ms)
 POST /api/tasks 201 in 4ms (compile: 1192µs, render: 3ms)
 GET /api/tasks 200 in 6ms (compile: 2ms, render: 4ms)
 DELETE /api/tasks/b6b819f1-a983-4a43-bc4c-a8714db87c28 200 in 10ms (compile: 6ms, render: 5ms)
 DELETE /api/tasks/fb4f10b8-06a7-4cc0-8f65-e789c927e430 200 in 6ms (compile: 1292µs, render: 4ms)
 POST /api/tasks 201 in 4ms (compile: 1233µs, render: 3ms)
 POST /api/tasks 201 in 3ms (compile: 906µs, render: 1804µs)
 GET /api/tasks 200 in 6ms (compile: 2ms, render: 4ms)
 DELETE /api/tasks/6272c818-3597-430e-ad05-1bdfbe424043 200 in 9ms (compile: 5ms, render: 5ms)
 DELETE /api/tasks/b0629973-92ba-4e5d-a1f2-41408857ffa8 200 in 6ms (compile: 1740µs, render: 4ms)
 POST /api/tasks 201 in 5ms (compile: 1497µs, render: 4ms)
 POST /api/tasks 201 in 3ms (compile: 1002µs, render: 1896µs)
 GET /api/tasks 200 in 6ms (compile: 2ms, render: 4ms)
 DELETE /api/tasks/1f393241-6ae1-44df-84f2-aeb0be7a9b55 200 in 10ms (compile: 5ms, render: 5ms)
 DELETE /api/tasks/8154beb7-8019-4709-83ba-bb36ef62aaa7 200 in 6ms (compile: 1685µs, render: 4ms)
 POST /api/tasks 201 in 5ms (compile: 1758µs, render: 3ms)
 POST /api/tasks 201 in 4ms (compile: 1143µs, render: 3ms)
 GET /api/tasks 200 in 6ms (compile: 2ms, render: 4ms)
 DELETE /api/tasks/a760ec80-18c8-40a8-a1de-f3608cde269a 200 in 10ms (compile: 5ms, render: 4ms)
 DELETE /api/tasks/66e3a418-a8a1-4a51-86b2-9e5e955c1c33 200 in 5ms (compile: 1409µs, render: 4ms)
 POST /api/tasks 201 in 5ms (compile: 1288µs, render: 4ms)
 POST /api/tasks 201 in 3ms (compile: 868µs, render: 1958µs)
 GET /api/tasks 200 in 6ms (compile: 1978µs, render: 4ms)
 DELETE /api/tasks/3edcce6f-2adb-49b8-a0d3-f51420f674b1 200 in 10ms (compile: 4ms, render: 6ms)
 DELETE /api/tasks/cbeeca7c-c63d-48a6-b7c3-cd439a6c9a4a 200 in 5ms (compile: 1511µs, render: 4ms)
 POST /api/tasks 201 in 5ms (compile: 1388µs, render: 4ms)
 POST /api/tasks 201 in 3ms (compile: 888µs, render: 2ms)
 GET /api/tasks 200 in 6ms (compile: 2ms, render: 4ms)
 DELETE /api/tasks/b9b9d9b7-1741-4084-9fcb-f6103eaa8a84 200 in 9ms (compile: 4ms, render: 4ms)
 DELETE /api/tasks/c46f9994-be73-49a6-b4ce-5b7751037f59 200 in 5ms (compile: 1483µs, render: 3ms)
 POST /api/tasks 201 in 5ms (compile: 1464µs, render: 4ms)
 POST /api/tasks 201 in 3ms (compile: 764µs, render: 2ms)
 GET /api/tasks 200 in 6ms (compile: 2ms, render: 4ms)
 DELETE /api/tasks/9575694f-af57-469e-8cde-e6d8729ed579 200 in 10ms (compile: 5ms, render: 5ms)
 DELETE /api/tasks/af2729a7-cbb9-480f-bb81-817f761441bf 200 in 5ms (compile: 1429µs, render: 4ms)
 POST /api/tasks 201 in 5ms (compile: 1311µs, render: 4ms)
 POST /api/tasks 201 in 4ms (compile: 1302µs, render: 3ms)
 GET /api/tasks 200 in 6ms (compile: 2ms, render: 4ms)
 DELETE /api/tasks/0f8e51a9-a98d-4f6e-b742-b911208b8c86 200 in 10ms (compile: 5ms, render: 5ms)
 DELETE /api/tasks/3f6306ef-e452-44d1-bb34-631fb07ce0f3 200 in 5ms (compile: 1457µs, render: 4ms)
 POST /api/tasks 201 in 5ms (compile: 1314µs, render: 4ms)
 POST /api/tasks 201 in 4ms (compile: 1185µs, render: 3ms)
 GET /api/tasks 200 in 6ms (compile: 2ms, render: 4ms)
 DELETE /api/tasks/d589548d-874e-453c-906a-e871eb10c932 200 in 10ms (compile: 4ms, render: 6ms)
 DELETE /api/tasks/8512ab63-9553-41ee-a1c4-c4a98b735a7f 200 in 6ms (compile: 1832µs, render: 4ms)
 POST /api/tasks 201 in 3ms (compile: 689µs, render: 2ms)
 POST /api/tasks 201 in 1762µs (compile: 437µs, render: 1325µs)
 GET /api/tasks 200 in 6ms (compile: 2ms, render: 4ms)
 DELETE /api/tasks/7f6be4ca-f32e-4432-bbc0-1b15dc119c73 200 in 11ms (compile: 6ms, render: 5ms)
 DELETE /api/tasks/a2e76cb9-988d-44ce-9c3c-bdb13bad807c 200 in 3ms (compile: 971µs, render: 2ms)
 POST /api/tasks 201 in 1977µs (compile: 699µs, render: 1278µs)
 POST /api/tasks 201 in 1747µs (compile: 492µs, render: 1254µs)
 GET /api/tasks 200 in 5ms (compile: 1658µs, render: 4ms)
 DELETE /api/tasks/ff9c50bc-66c2-45fe-b50b-c9766b682c73 200 in 10ms (compile: 5ms, render: 5ms)
 DELETE /api/tasks/fe286183-5345-4a5b-8dde-6f08baeda020 200 in 5ms (compile: 1374µs, render: 4ms)
 POST /api/tasks 201 in 5ms (compile: 1349µs, render: 4ms)
 POST /api/tasks 201 in 3ms (compile: 958µs, render: 2ms)
 GET /api/tasks 200 in 6ms (compile: 2ms, render: 4ms)
 DELETE /api/tasks/9ece0414-65cc-4b4c-a365-a611d7e4f762 200 in 9ms (compile: 4ms, render: 4ms)
 DELETE /api/tasks/fe407769-cca8-4238-870e-ef7be5cc9296 200 in 5ms (compile: 1431µs, render: 3ms)
 POST /api/tasks 201 in 4ms (compile: 1235µs, render: 3ms)
 POST /api/tasks 201 in 1848µs (compile: 603µs, render: 1245µs)
 GET /api/tasks 200 in 20ms (compile: 12ms, render: 8ms)
 DELETE /api/tasks/1b897349-3b0c-4fb3-bb50-3145c4ded949 200 in 11ms (compile: 6ms, render: 5ms)
 DELETE /api/tasks/2307b69d-487b-4537-be59-9db1c79dd287 200 in 8ms (compile: 2ms, render: 6ms)
 POST /api/tasks 201 in 6ms (compile: 2ms, render: 4ms)
 POST /api/tasks 201 in 6ms (compile: 900µs, render: 5ms)
 GET /api/tasks 200 in 9ms (compile: 4ms, render: 5ms)
 DELETE /api/tasks/aafcbc17-d740-44ef-9dd1-872a1c0decaa 200 in 5ms (compile: 2ms, render: 3ms)
 DELETE /api/tasks/a39c7d50-c59e-4b9a-a892-2a83d42d4a2d 200 in 5ms (compile: 1218µs, render: 4ms)
 POST /api/tasks 201 in 4ms (compile: 1052µs, render: 3ms)
 POST /api/tasks 201 in 3ms (compile: 869µs, render: 1769µs)
 GET /api/tasks 200 in 8ms (compile: 3ms, render: 5ms)
 DELETE /api/tasks/94581b8d-2749-4841-a237-ddea1ccd4f4b 200 in 7ms (compile: 4ms, render: 4ms)
 DELETE /api/tasks/707d8a0f-dc9a-4184-9ca4-8784b33354f3 200 in 4ms (compile: 1220µs, render: 3ms)
 POST /api/tasks 201 in 3ms (compile: 1026µs, render: 1782µs)
 POST /api/tasks 201 in 2ms (compile: 424µs, render: 1657µs)
 GET /api/tasks 200 in 6ms (compile: 2ms, render: 4ms)
 DELETE /api/tasks/8baa237a-f028-4485-b506-3e408d861cc2 200 in 7ms (compile: 3ms, render: 4ms)
 DELETE /api/tasks/0456c3c8-2e23-43ce-93a9-b94bff95e0f4 200 in 4ms (compile: 1363µs, render: 3ms)
 POST /api/tasks 201 in 8ms (compile: 2ms, render: 5ms)
 POST /api/tasks 201 in 5ms (compile: 1831µs, render: 3ms)
 GET /api/tasks 200 in 6ms (compile: 2ms, render: 4ms)
 DELETE /api/tasks/264235ed-f7dc-4765-967f-2a0d67a35b33 200 in 10ms (compile: 5ms, render: 5ms)
 DELETE /api/tasks/478dfc35-c0ae-499a-8c4c-c35901bea0a0 200 in 4ms (compile: 1673µs, render: 3ms)
 POST /api/tasks 201 in 4ms (compile: 1092µs, render: 2ms)
 POST /api/tasks 201 in 3ms (compile: 885µs, render: 3ms)
 GET /api/tasks 200 in 5ms (compile: 1782µs, render: 3ms)
 DELETE /api/tasks/fb3ad005-ba55-4f13-ac52-6120dfa1af1e 200 in 10ms (compile: 5ms, render: 5ms)
 DELETE /api/tasks/3011c649-3533-40b3-921e-7d557abb4f3a 200 in 7ms (compile: 1394µs, render: 6ms)
 POST /api/tasks 201 in 5ms (compile: 1703µs, render: 4ms)
 POST /api/tasks 201 in 3ms (compile: 980µs, render: 2ms)
 GET /api/tasks 200 in 5ms (compile: 2ms, render: 3ms)
 DELETE /api/tasks/b87f74a1-6f6a-4d2c-9dd3-75513f21c174 200 in 10ms (compile: 6ms, render: 5ms)
 DELETE /api/tasks/dbc1e4ee-fd6e-47a0-88f7-c0ff4ee36b35 200 in 5ms (compile: 1316µs, render: 4ms)
 POST /api/tasks 201 in 5ms (compile: 1421µs, render: 3ms)
 POST /api/tasks 201 in 3ms (compile: 744µs, render: 1878µs)
 GET /api/tasks 200 in 7ms (compile: 2ms, render: 4ms)
 DELETE /api/tasks/95b19fe1-6b37-4e89-8916-c0cf8914fcaf 200 in 9ms (compile: 4ms, render: 5ms)
 DELETE /api/tasks/4661a1ee-7a34-4052-a1c2-a17040d5bca3 200 in 5ms (compile: 1526µs, render: 3ms)
 POST /api/tasks 201 in 5ms (compile: 1701µs, render: 3ms)
 POST /api/tasks 201 in 3ms (compile: 661µs, render: 2ms)
 GET /api/tasks 200 in 6ms (compile: 2ms, render: 4ms)
 DELETE /api/tasks/2ad51489-0525-4b56-bdd2-5d9ebdee62f2 200 in 9ms (compile: 5ms, render: 5ms)
 DELETE /api/tasks/a07e070e-d24c-4a46-9112-548d3e374a2a 200 in 5ms (compile: 1342µs, render: 4ms)
 POST /api/tasks 201 in 4ms (compile: 1240µs, render: 3ms)
 POST /api/tasks 201 in 2ms (compile: 619µs, render: 1761µs)
 GET /api/tasks 200 in 6ms (compile: 2ms, render: 4ms)
 DELETE /api/tasks/6d3f8768-04e7-4d1e-9a49-a53de558e5e1 200 in 9ms (compile: 4ms, render: 5ms)
 DELETE /api/tasks/0772c997-5e51-4ca8-817e-33f209830b20 200 in 5ms (compile: 1551µs, render: 3ms)
 POST /api/tasks 201 in 4ms (compile: 1064µs, render: 3ms)
 POST /api/tasks 201 in 2ms (compile: 418µs, render: 1846µs)
 GET /api/tasks 200 in 6ms (compile: 2ms, render: 4ms)
 DELETE /api/tasks/2edc5bc4-5957-4d3a-92a9-0146f3f06a80 200 in 14ms (compile: 6ms, render: 8ms)
 DELETE /api/tasks/690b3931-d3d8-4463-93db-583c982cf1f2 200 in 3ms (compile: 918µs, render: 2ms)
 POST /api/tasks 201 in 2ms (compile: 576µs, render: 1827µs)
 POST /api/tasks 201 in 2ms (compile: 577µs, render: 1553µs)
 GET /api/tasks 200 in 6ms (compile: 2ms, render: 4ms)
 DELETE /api/tasks/c75ebcc4-a68f-44ac-ac92-27c11fa6e8a8 200 in 11ms (compile: 6ms, render: 5ms)
 DELETE /api/tasks/7a060e92-84d4-49df-b1b5-5159982b1a18 200 in 6ms (compile: 1790µs, render: 4ms)
 POST /api/tasks 201 in 4ms (compile: 1310µs, render: 3ms)
 POST /api/tasks 201 in 3ms (compile: 585µs, render: 1953µs)
 GET /api/tasks 200 in 7ms (compile: 1743µs, render: 5ms)
 DELETE /api/tasks/a1b03347-6df6-471e-bda7-9616f354bb64 200 in 11ms (compile: 6ms, render: 5ms)
 DELETE /api/tasks/522dc1c2-84ae-451e-b505-abec7b6aae38 200 in 6ms (compile: 1625µs, render: 5ms)
 POST /api/tasks 201 in 5ms (compile: 1520µs, render: 4ms)
 POST /api/tasks 201 in 3ms (compile: 765µs, render: 1934µs)
 GET /api/tasks 200 in 4ms (compile: 1110µs, render: 3ms)
 DELETE /api/tasks/1c5ae924-4d54-4e30-85bf-19056b7ddeb2 200 in 6ms (compile: 3ms, render: 3ms)
 DELETE /api/tasks/4ed6e178-fd83-46ef-a113-5d07b066ae7a 200 in 4ms (compile: 1216µs, render: 3ms)
 POST /api/tasks 201 in 5ms (compile: 942µs, render: 4ms)
 POST /api/tasks 201 in 4ms (compile: 1066µs, render: 3ms)
 GET /api/tasks 200 in 6ms (compile: 2ms, render: 4ms)
 DELETE /api/tasks/69472a68-b012-48f3-8a94-2377a930639a 200 in 10ms (compile: 5ms, render: 5ms)
 DELETE /api/tasks/2ed84fb7-c8bb-487c-a9ec-049f6eda6352 200 in 6ms (compile: 1822µs, render: 4ms)
 POST /api/tasks 201 in 6ms (compile: 1666µs, render: 4ms)
 POST /api/tasks 201 in 4ms (compile: 1322µs, render: 3ms)
 GET /api/tasks 200 in 7ms (compile: 2ms, render: 4ms)
 DELETE /api/tasks/29626740-da85-4035-81be-7dc3b3f33221 200 in 10ms (compile: 5ms, render: 5ms)
 DELETE /api/tasks/837fd005-b432-49fb-9ced-9938a2cddfb4 200 in 6ms (compile: 1546µs, render: 4ms)
 POST /api/tasks 201 in 5ms (compile: 1319µs, render: 3ms)
 POST /api/tasks 201 in 3ms (compile: 755µs, render: 2ms)
 GET /api/tasks 200 in 6ms (compile: 2ms, render: 4ms)
 DELETE /api/tasks/7b8bb5a7-7887-4784-9208-a0df6653028e 200 in 9ms (compile: 4ms, render: 5ms)
 DELETE /api/tasks/134615d4-cf70-4dd5-8903-9125f5ca5781 200 in 5ms (compile: 1400µs, render: 4ms)
 POST /api/tasks 201 in 5ms (compile: 1279µs, render: 3ms)
 POST /api/tasks 201 in 4ms (compile: 1125µs, render: 3ms)
 GET /api/tasks 200 in 7ms (compile: 2ms, render: 4ms)
 DELETE /api/tasks/dd29a1e6-42f4-401f-a4a5-d6565970a027 200 in 10ms (compile: 5ms, render: 5ms)
 DELETE /api/tasks/1647d060-fc03-41d5-abed-db009643214d 200 in 7ms (compile: 1684µs, render: 5ms)
 POST /api/tasks 201 in 4ms (compile: 1116µs, render: 3ms)
 POST /api/tasks 201 in 2ms (compile: 464µs, render: 1684µs)
 GET /api/tasks 200 in 7ms (compile: 2ms, render: 4ms)
 DELETE /api/tasks/a9a8c5c8-c553-4aeb-b56e-fe3757ef050b 200 in 10ms (compile: 5ms, render: 5ms)
 DELETE /api/tasks/22193c1d-d9e7-49ee-8dfa-796722da00b4 200 in 5ms (compile: 1366µs, render: 3ms)
 POST /api/tasks 201 in 5ms (compile: 1353µs, render: 4ms)
 POST /api/tasks 201 in 2ms (compile: 823µs, render: 1611µs)
 GET /api/tasks 200 in 6ms (compile: 2ms, render: 4ms)
 DELETE /api/tasks/d350204e-00fe-4db8-9141-eba6d4a50011 200 in 10ms (compile: 5ms, render: 5ms)
 DELETE /api/tasks/dd1e0a8a-e952-4b75-abf9-bf61416d24f7 200 in 5ms (compile: 1466µs, render: 4ms)
 POST /api/tasks 201 in 5ms (compile: 1473µs, render: 4ms)
 POST /api/tasks 201 in 3ms (compile: 812µs, render: 1976µs)
 GET /api/tasks 200 in 6ms (compile: 2ms, render: 4ms)
 DELETE /api/tasks/f216960c-326c-46d2-925b-9b6b7e4475d5 200 in 9ms (compile: 4ms, render: 4ms)
 DELETE /api/tasks/3ada096d-e10b-4215-b504-a355b4a6b488 200 in 5ms (compile: 1616µs, render: 4ms)
 POST /api/tasks 201 in 3ms (compile: 1422µs, render: 1743µs)
 POST /api/tasks 201 in 3ms (compile: 404µs, render: 2ms)
 GET /api/tasks 200 in 5ms (compile: 1721µs, render: 3ms)
 DELETE /api/tasks/bba608ca-51c7-465e-b9da-3e31338fec0d 200 in 9ms (compile: 5ms, render: 4ms)
 DELETE /api/tasks/d57e54bd-2f0a-44a8-a24a-787c3c6f4a36 200 in 5ms (compile: 1263µs, render: 4ms)
 POST /api/tasks 201 in 4ms (compile: 1059µs, render: 3ms)
 POST /api/tasks 201 in 1914µs (compile: 516µs, render: 1398µs)
 GET /api/tasks 200 in 5ms (compile: 2ms, render: 3ms)
 DELETE /api/tasks/0f402d87-aa44-49fc-bab3-60f5e4ade62b 200 in 8ms (compile: 4ms, render: 4ms)
 DELETE /api/tasks/0e9a2b41-b90d-47da-acda-8d7b0422b1e0 200 in 5ms (compile: 1517µs, render: 3ms)
 POST /api/tasks 201 in 5ms (compile: 1292µs, render: 4ms)
 POST /api/tasks 201 in 3ms (compile: 534µs, render: 2ms)
 GET /api/tasks 200 in 6ms (compile: 2ms, render: 4ms)
 DELETE /api/tasks/f8229994-2211-45ff-9d7e-5c8572524048 200 in 14ms (compile: 7ms, render: 7ms)
 DELETE /api/tasks/75849de5-7f71-4a1e-8111-c94e79afebe5 200 in 3ms (compile: 958µs, render: 2ms)
 POST /api/tasks 201 in 3ms (compile: 656µs, render: 2ms)
 POST /api/tasks 201 in 2ms (compile: 585µs, render: 1583µs)
 GET /api/tasks 200 in 6ms (compile: 2ms, render: 4ms)
 DELETE /api/tasks/377829b8-918d-4047-9c7b-d0d19e48caaf 200 in 10ms (compile: 5ms, render: 5ms)
 DELETE /api/tasks/c719a1ff-ead3-4bd1-8019-395a4a8e8e8d 200 in 5ms (compile: 1339µs, render: 4ms)
 POST /api/tasks 201 in 6ms (compile: 1561µs, render: 5ms)
 POST /api/tasks 201 in 4ms (compile: 1081µs, render: 3ms)
 GET /api/tasks 200 in 7ms (compile: 2ms, render: 5ms)
 DELETE /api/tasks/e80bc31c-49ca-4480-9525-cfd8d12efe71 200 in 8ms (compile: 4ms, render: 4ms)
 DELETE /api/tasks/d72b5d0f-78d9-4384-b2d2-6311fb547ffb 200 in 5ms (compile: 1508µs, render: 4ms)
 POST /api/tasks 201 in 5ms (compile: 1461µs, render: 4ms)
 POST /api/tasks 201 in 3ms (compile: 796µs, render: 1922µs)
 GET /api/tasks 200 in 6ms (compile: 2ms, render: 4ms)
 DELETE /api/tasks/6f2f6976-65e1-4ba8-a4ab-15079917af32 200 in 10ms (compile: 5ms, render: 5ms)
 DELETE /api/tasks/bcb484c5-ba12-4806-9b6b-66701d9c8ea3 200 in 5ms (compile: 1578µs, render: 4ms)
 POST /api/tasks 201 in 6ms (compile: 1552µs, render: 4ms)
 POST /api/tasks 201 in 4ms (compile: 1121µs, render: 3ms)
 GET /api/tasks 200 in 6ms (compile: 2ms, render: 4ms)
 DELETE /api/tasks/5478bdd8-a8dc-46b7-9a65-19b9c7c7ae2f 200 in 9ms (compile: 5ms, render: 5ms)
 DELETE /api/tasks/1562c317-3aab-47e9-abe6-453cb9167512 200 in 5ms (compile: 1638µs, render: 4ms)
 POST /api/tasks 201 in 5ms (compile: 1335µs, render: 4ms)
 POST /api/tasks 201 in 4ms (compile: 1234µs, render: 3ms)
 GET /api/tasks 200 in 6ms (compile: 2ms, render: 4ms)
 DELETE /api/tasks/b8f23b41-6f7b-4872-a64f-a0c882bdca2f 200 in 10ms (compile: 5ms, render: 5ms)
 DELETE /api/tasks/87cad581-079a-4006-b56f-674a234b2522 200 in 5ms (compile: 1497µs, render: 4ms)
 POST /api/tasks 201 in 6ms (compile: 1441µs, render: 4ms)
 POST /api/tasks 201 in 4ms (compile: 1219µs, render: 3ms)
 GET /api/tasks 200 in 6ms (compile: 2ms, render: 4ms)
 DELETE /api/tasks/a3435106-798f-4848-8531-4d73f5da5d7b 200 in 9ms (compile: 5ms, render: 4ms)
 DELETE /api/tasks/9760fc50-185e-457b-ba58-3ee8a49e5554 200 in 5ms (compile: 1540µs, render: 4ms)
 POST /api/tasks 201 in 6ms (compile: 1977µs, render: 4ms)
 POST /api/tasks 201 in 4ms (compile: 978µs, render: 3ms)
 GET /api/tasks 200 in 6ms (compile: 2ms, render: 4ms)
 DELETE /api/tasks/ad641418-7cd3-44c2-b15e-63af440f45ba 200 in 10ms (compile: 6ms, render: 5ms)
 DELETE /api/tasks/ce7a8ccd-1051-42e5-a52e-9b7b8b67382b 200 in 5ms (compile: 1401µs, render: 3ms)
 POST /api/tasks 201 in 6ms (compile: 1290µs, render: 4ms)
 POST /api/tasks 201 in 4ms (compile: 1177µs, render: 3ms)
 GET /api/tasks 200 in 5ms (compile: 1879µs, render: 3ms)
 DELETE /api/tasks/fef24469-7e70-4a1c-8303-e0b6bd880a1f 200 in 10ms (compile: 5ms, render: 5ms)
 DELETE /api/tasks/da96563b-c9f2-4511-86b9-5c6337c8767a 200 in 6ms (compile: 1712µs, render: 4ms)
 POST /api/tasks 201 in 5ms (compile: 1807µs, render: 3ms)
 POST /api/tasks 201 in 3ms (compile: 854µs, render: 2ms)
 GET /api/tasks 200 in 6ms (compile: 2ms, render: 4ms)
 DELETE /api/tasks/391fb948-81dc-42c8-9535-59d6764111b8 200 in 9ms (compile: 5ms, render: 4ms)
 DELETE /api/tasks/4261caf6-4144-4b26-8c68-19460b69b3e0 200 in 5ms (compile: 1460µs, render: 4ms)
 POST /api/tasks 201 in 5ms (compile: 1494µs, render: 4ms)
 POST /api/tasks 201 in 3ms (compile: 1239µs, render: 2ms)
 GET /api/tasks 200 in 6ms (compile: 2ms, render: 4ms)
 DELETE /api/tasks/9428ac4e-df6b-45de-ba12-559ad45f4ca3 200 in 9ms (compile: 5ms, render: 4ms)
 DELETE /api/tasks/75b5e3a1-2e2a-4f3a-b86e-4dd8c8745742 200 in 5ms (compile: 1374µs, render: 3ms)
 POST /api/tasks 201 in 5ms (compile: 1398µs, render: 4ms)
 POST /api/tasks 201 in 4ms (compile: 1016µs, render: 3ms)
 GET /api/tasks 200 in 6ms (compile: 2ms, render: 4ms)
 DELETE /api/tasks/dac4da25-67af-4c46-9320-0b38c84a65f2 200 in 9ms (compile: 5ms, render: 5ms)
 DELETE /api/tasks/2e443642-a758-4a45-9934-5e65abe73252 200 in 5ms (compile: 1575µs, render: 4ms)
 POST /api/tasks 201 in 6ms (compile: 1375µs, render: 4ms)
 POST /api/tasks 201 in 4ms (compile: 1106µs, render: 3ms)
 GET /api/tasks 200 in 6ms (compile: 2ms, render: 4ms)
 DELETE /api/tasks/0ac9a765-c7eb-4d5c-ab71-cd02f7fd851a 200 in 10ms (compile: 5ms, render: 5ms)
 DELETE /api/tasks/3cf607dc-7a3d-45b4-aed5-2646ced42c12 200 in 5ms (compile: 1540µs, render: 4ms)
 POST /api/tasks 201 in 6ms (compile: 1497µs, render: 4ms)
 POST /api/tasks 201 in 4ms (compile: 1258µs, render: 3ms)
 GET /api/tasks 200 in 6ms (compile: 2ms, render: 4ms)
 DELETE /api/tasks/4b9711f7-6d8d-4a7d-9167-58baceaf003f 200 in 11ms (compile: 5ms, render: 6ms)
 DELETE /api/tasks/82700362-57a0-47d5-a340-c838128cc2c4 200 in 3ms (compile: 945µs, render: 2ms)
 POST /api/tasks 201 in 3ms (compile: 674µs, render: 2ms)
 POST /api/tasks 201 in 2ms (compile: 624µs, render: 1775µs)
 GET /api/tasks 200 in 6ms (compile: 2ms, render: 4ms)
 DELETE /api/tasks/5e19684b-355e-4b72-baad-7886e3da2e3d 200 in 9ms (compile: 5ms, render: 5ms)
 DELETE /api/tasks/e089d256-61c6-4031-bc72-da3347346e0e 200 in 6ms (compile: 1568µs, render: 4ms)
 POST /api/tasks 201 in 5ms (compile: 1659µs, render: 3ms)
 POST /api/tasks 201 in 3ms (compile: 780µs, render: 1767µs)
 GET /api/tasks 200 in 6ms (compile: 3ms, render: 4ms)
 DELETE /api/tasks/57a0ae59-66aa-4b5f-9145-ed7595b9466f 200 in 9ms (compile: 5ms, render: 5ms)
 DELETE /api/tasks/e88a2703-4200-4189-9142-da2a09412e39 200 in 6ms (compile: 1672µs, render: 4ms)
 POST /api/tasks 201 in 4ms (compile: 1215µs, render: 2ms)
 POST /api/tasks 201 in 2ms (compile: 514µs, render: 1576µs)
 GET /api/tasks 200 in 6ms (compile: 2ms, render: 4ms)
 DELETE /api/tasks/35bf3dcf-7b64-4109-a062-5949977c6031 200 in 9ms (compile: 5ms, render: 4ms)
 DELETE /api/tasks/5c10292e-ac2d-48db-9c16-655ef03701d2 200 in 5ms (compile: 1706µs, render: 4ms)
 POST /api/tasks 201 in 5ms (compile: 1838µs, render: 4ms)
 POST /api/tasks 201 in 3ms (compile: 784µs, render: 2ms)
 GET /api/tasks 200 in 6ms (compile: 2ms, render: 4ms)
 DELETE /api/tasks/ffd097b7-014b-4e75-9fb3-5c588d18fc28 200 in 10ms (compile: 5ms, render: 5ms)
 DELETE /api/tasks/077c296f-0d74-4654-b0d7-042f098bf1b7 200 in 5ms (compile: 1460µs, render: 4ms)
 POST /api/tasks 201 in 5ms (compile: 1376µs, render: 4ms)
 POST /api/tasks 201 in 4ms (compile: 1071µs, render: 2ms)
 GET /api/tasks 200 in 6ms (compile: 1953µs, render: 4ms)
 DELETE /api/tasks/3cd0a111-b07b-4f34-b44d-87949b2b0451 200 in 9ms (compile: 4ms, render: 5ms)
 DELETE /api/tasks/27f7cd56-c7d4-4e84-ad2f-94f6996e8a1b 200 in 6ms (compile: 1645µs, render: 4ms)
 POST /api/tasks 201 in 5ms (compile: 2ms, render: 3ms)
 POST /api/tasks 201 in 3ms (compile: 717µs, render: 2ms)
 GET /api/tasks 200 in 3ms (compile: 1195µs, render: 2ms)
 DELETE /api/tasks/7da49308-416e-4f52-9978-8d38aba9e35e 200 in 9ms (compile: 4ms, render: 5ms)
 DELETE /api/tasks/fd5d5bea-dca2-4c87-8fe6-b9dd130dbfe8 200 in 5ms (compile: 1625µs, render: 4ms)
 POST /api/tasks 201 in 4ms (compile: 1095µs, render: 3ms)
 POST /api/tasks 201 in 4ms (compile: 899µs, render: 3ms)
 GET /api/tasks 200 in 6ms (compile: 2ms, render: 4ms)
 DELETE /api/tasks/95741452-aaa4-4eae-af77-3b8e2fdecdee 200 in 9ms (compile: 4ms, render: 4ms)
 DELETE /api/tasks/aa3bed9e-d665-40a7-acee-6066b7da9666 200 in 5ms (compile: 1333µs, render: 3ms)
 POST /api/tasks 201 in 5ms (compile: 1398µs, render: 4ms)
 POST /api/tasks 201 in 4ms (compile: 1046µs, render: 3ms)
 GET /api/tasks 200 in 7ms (compile: 1904µs, render: 5ms)
 DELETE /api/tasks/59a0e647-0bc6-4a43-8ebb-597267c7d697 200 in 9ms (compile: 5ms, render: 5ms)
 DELETE /api/tasks/008f7da2-cd38-4ede-837c-0546d820b48a 200 in 5ms (compile: 1306µs, render: 3ms)
 POST /api/tasks 201 in 5ms (compile: 1462µs, render: 4ms)
 POST /api/tasks 201 in 3ms (compile: 687µs, render: 2ms)
 GET /api/tasks 200 in 6ms (compile: 2ms, render: 4ms)
 DELETE /api/tasks/c88928c0-991d-4ab1-bd76-8bc14005a5c4 200 in 9ms (compile: 4ms, render: 4ms)
 DELETE /api/tasks/6ce3c517-2067-4862-a773-2729362d6232 200 in 4ms (compile: 1333µs, render: 3ms)
 POST /api/tasks 201 in 5ms (compile: 1491µs, render: 4ms)
 POST /api/tasks 201 in 4ms (compile: 1054µs, render: 3ms)
 GET /api/tasks 200 in 6ms (compile: 2ms, render: 4ms)
 DELETE /api/tasks/9a9ba2f0-eb77-4a96-ad4f-a42e14d2c00b 200 in 9ms (compile: 5ms, render: 4ms)
 DELETE /api/tasks/1afe581c-4204-4161-95fd-f364a7ca57c3 200 in 5ms (compile: 1396µs, render: 3ms)
 POST /api/tasks 201 in 5ms (compile: 1238µs, render: 4ms)
 POST /api/tasks 201 in 4ms (compile: 1107µs, render: 3ms)
 GET /api/tasks 200 in 6ms (compile: 2ms, render: 4ms)
 DELETE /api/tasks/c317c136-4fdc-466a-9d6c-8c8687f54ba1 200 in 10ms (compile: 5ms, render: 5ms)
 DELETE /api/tasks/d65325e3-0d64-45b9-8a7c-fc291f5fd72b 200 in 5ms (compile: 1474µs, render: 3ms)
 POST /api/tasks 201 in 5ms (compile: 1196µs, render: 3ms)
 POST /api/tasks 201 in 3ms (compile: 826µs, render: 2ms)
 GET /api/tasks 200 in 6ms (compile: 2ms, render: 4ms)
 DELETE /api/tasks/f0d277ac-0e88-467b-a63c-a00c17449dc2 200 in 9ms (compile: 5ms, render: 5ms)
 DELETE /api/tasks/df5db18b-e04b-42e3-a9c4-6d3f800b5504 200 in 6ms (compile: 1512µs, render: 4ms)
 POST /api/tasks 201 in 6ms (compile: 1817µs, render: 4ms)
 POST /api/tasks 201 in 4ms (compile: 1182µs, render: 3ms)
 GET /api/tasks 200 in 6ms (compile: 2ms, render: 4ms)
 DELETE /api/tasks/7c4c5a80-02e8-405b-8e7e-74fe117f50ca 200 in 12ms (compile: 6ms, render: 6ms)
 DELETE /api/tasks/7c105b32-d457-46d6-8f68-74360612eca1 200 in 3ms (compile: 1052µs, render: 2ms)
 POST /api/tasks 201 in 3ms (compile: 759µs, render: 2ms)
 POST /api/tasks 201 in 2ms (compile: 620µs, render: 1747µs)
 GET /api/tasks 200 in 6ms (compile: 2ms, render: 4ms)
 DELETE /api/tasks/46ae099c-9089-45d0-8b02-7573a26155bb 200 in 9ms (compile: 5ms, render: 5ms)
 DELETE /api/tasks/d756bae8-23eb-417f-bda4-45913d3ff515 200 in 5ms (compile: 1398µs, render: 3ms)
 POST /api/tasks 201 in 5ms (compile: 1352µs, render: 4ms)
 POST /api/tasks 201 in 4ms (compile: 1075µs, render: 3ms)
 GET /api/tasks 200 in 6ms (compile: 2ms, render: 4ms)
 DELETE /api/tasks/4c0de6c4-f8e4-4ae3-a5ec-9221497d24c6 200 in 9ms (compile: 5ms, render: 4ms)
 DELETE /api/tasks/dd409c63-bcfd-46e2-905d-97516d6e3b7e 200 in 5ms (compile: 1526µs, render: 4ms)
 POST /api/tasks 201 in 5ms (compile: 1328µs, render: 4ms)
 POST /api/tasks 201 in 4ms (compile: 1116µs, render: 3ms)
 GET /api/tasks 200 in 6ms (compile: 2ms, render: 4ms)
 DELETE /api/tasks/e970f63e-71a0-48e1-a2b6-0bbc595b5592 200 in 9ms (compile: 5ms, render: 4ms)
 DELETE /api/tasks/1ab2f1d8-6775-4c22-a05b-a7f26b3c1239 200 in 5ms (compile: 1648µs, render: 4ms)
 POST /api/tasks 201 in 5ms (compile: 1763µs, render: 4ms)
 POST /api/tasks 201 in 3ms (compile: 798µs, render: 2ms)
 GET /api/tasks 200 in 6ms (compile: 2ms, render: 4ms)
 DELETE /api/tasks/5f2ce353-f1a2-4128-b45d-9251f01ce207 200 in 10ms (compile: 5ms, render: 5ms)
 DELETE /api/tasks/0eb619b2-c455-457b-a7f4-a591007ca6d6 200 in 5ms (compile: 1469µs, render: 3ms)
 POST /api/tasks 201 in 5ms (compile: 1337µs, render: 4ms)
 POST /api/tasks 201 in 4ms (compile: 1097µs, render: 3ms)
 GET /api/tasks 200 in 5ms (compile: 1656µs, render: 4ms)
 DELETE /api/tasks/a58020c8-b0b0-481a-8b82-44460c9c5803 200 in 10ms (compile: 5ms, render: 5ms)
 DELETE /api/tasks/b9186844-0220-4003-9b36-6380be484ffc 200 in 5ms (compile: 1602µs, render: 4ms)
 POST /api/tasks 201 in 6ms (compile: 1676µs, render: 4ms)
 POST /api/tasks 201 in 4ms (compile: 978µs, render: 3ms)
 GET /api/tasks 200 in 6ms (compile: 2ms, render: 4ms)
 DELETE /api/tasks/9380a635-1e86-48d2-af85-5e875fa38b94 200 in 9ms (compile: 5ms, render: 4ms)
 DELETE /api/tasks/d103a3bb-a80b-4fb0-a4b8-14caa16da912 200 in 5ms (compile: 1451µs, render: 3ms)
 POST /api/tasks 201 in 5ms (compile: 1772µs, render: 3ms)
 POST /api/tasks 201 in 4ms (compile: 1136µs, render: 3ms)
 GET /api/tasks 200 in 6ms (compile: 2ms, render: 4ms)
 DELETE /api/tasks/58c3c291-61d3-4de9-96f1-441c1bebe070 200 in 9ms (compile: 5ms, render: 4ms)
 DELETE /api/tasks/89b84d75-b44b-4245-b227-236030e20dfd 200 in 5ms (compile: 1411µs, render: 4ms)
 POST /api/tasks 201 in 5ms (compile: 1323µs, render: 4ms)
 POST /api/tasks 201 in 4ms (compile: 928µs, render: 3ms)
 GET /api/tasks 200 in 6ms (compile: 2ms, render: 4ms)
 DELETE /api/tasks/5907f24e-c955-46da-8f83-363af5ee6ec1 200 in 10ms (compile: 5ms, render: 5ms)
 DELETE /api/tasks/2d36d103-9aee-49e4-a34a-4c0b12cf64de 200 in 5ms (compile: 1534µs, render: 4ms)
 POST /api/tasks 201 in 6ms (compile: 1527µs, render: 4ms)
 POST /api/tasks 201 in 2ms (compile: 743µs, render: 1640µs)
 GET /api/tasks 200 in 6ms (compile: 2ms, render: 4ms)
 DELETE /api/tasks/7059d1d8-6483-4a12-b5ed-528567f7ffa7 200 in 9ms (compile: 5ms, render: 4ms)
 DELETE /api/tasks/00be9b17-626b-4d9d-9377-4ac99e9df97c 200 in 4ms (compile: 1244µs, render: 3ms)
 POST /api/tasks 201 in 4ms (compile: 1151µs, render: 3ms)
 POST /api/tasks 201 in 3ms (compile: 646µs, render: 2ms)
 GET /api/tasks 200 in 6ms (compile: 2ms, render: 4ms)
 DELETE /api/tasks/0a728b9c-995f-409f-b298-5884a9f11998 200 in 9ms (compile: 4ms, render: 4ms)
 DELETE /api/tasks/ef3bfa8a-8e91-4d54-b73c-e28f62bd2831 200 in 6ms (compile: 1852µs, render: 4ms)
 POST /api/tasks 201 in 5ms (compile: 1452µs, render: 4ms)
 POST /api/tasks 201 in 3ms (compile: 872µs, render: 2ms)
 GET /api/tasks 200 in 6ms (compile: 2ms, render: 4ms)
 DELETE /api/tasks/c664a76a-853a-4ee3-be10-e02adfadc1a4 200 in 11ms (compile: 5ms, render: 5ms)
 DELETE /api/tasks/df36bebf-a9f3-4da4-9056-3de2d499e3a2 200 in 5ms (compile: 1518µs, render: 4ms)
 POST /api/tasks 201 in 6ms (compile: 1574µs, render: 5ms)
 POST /api/tasks 201 in 4ms (compile: 1183µs, render: 3ms)
 GET /api/tasks 200 in 6ms (compile: 2ms, render: 4ms)
 DELETE /api/tasks/1e3409e5-d989-485c-af2a-3c9f33789ee4 200 in 9ms (compile: 5ms, render: 5ms)
 DELETE /api/tasks/7d3ffa67-d4ba-4e73-9529-381a954b3af8 200 in 5ms (compile: 1508µs, render: 4ms)
 POST /api/tasks 201 in 6ms (compile: 1766µs, render: 4ms)
 POST /api/tasks 201 in 4ms (compile: 1075µs, render: 3ms)
 GET /api/tasks 200 in 6ms (compile: 2ms, render: 4ms)
 DELETE /api/tasks/b49ed5db-ab82-4308-82be-11312bf776e0 200 in 14ms (compile: 5ms, render: 9ms)
 DELETE /api/tasks/d23bc62e-005f-4cb0-8b93-3dd1cf2c7e1b 200 in 3ms (compile: 642µs, render: 2ms)
 POST /api/tasks 201 in 3ms (compile: 828µs, render: 1835µs)
 POST /api/tasks 201 in 1655µs (compile: 370µs, render: 1285µs)
 GET /api/tasks 200 in 6ms (compile: 2ms, render: 4ms)
 DELETE /api/tasks/814ba501-93e5-46e4-b99b-c75806835db2 200 in 9ms (compile: 5ms, render: 4ms)
 DELETE /api/tasks/c2935179-fbed-4d83-a25c-f6a01c4c9342 200 in 6ms (compile: 2ms, render: 4ms)
 POST /api/tasks 201 in 6ms (compile: 1500µs, render: 4ms)
 POST /api/tasks 201 in 4ms (compile: 1308µs, render: 3ms)
 GET /api/tasks 200 in 6ms (compile: 2ms, render: 4ms)
 DELETE /api/tasks/e7d5f2ce-9d69-4d8f-b1cd-fa797acfef6b 200 in 10ms (compile: 5ms, render: 5ms)
 DELETE /api/tasks/62f89cb5-5740-4406-a0bd-94b13c2b0caa 200 in 5ms (compile: 1453µs, render: 3ms)
 POST /api/tasks 201 in 6ms (compile: 1341µs, render: 4ms)
 POST /api/tasks 201 in 4ms (compile: 926µs, render: 3ms)
 GET /api/tasks 200 in 5ms (compile: 2ms, render: 3ms)
 DELETE /api/tasks/54d04b09-715b-4e06-8658-356a9f654931 200 in 10ms (compile: 5ms, render: 5ms)
 DELETE /api/tasks/34a18520-8413-4079-9271-4ad8314bde1c 200 in 5ms (compile: 1467µs, render: 4ms)
 POST /api/tasks 201 in 6ms (compile: 1435µs, render: 4ms)
 POST /api/tasks 201 in 3ms (compile: 762µs, render: 2ms)
 GET /api/tasks 200 in 5ms (compile: 1692µs, render: 3ms)
 DELETE /api/tasks/d4053ab0-36cc-433e-b2ea-023ac4a4e06c 200 in 9ms (compile: 5ms, render: 4ms)
 DELETE /api/tasks/e935169d-c79d-4e4c-8eb1-36d1ae3c8a78 200 in 5ms (compile: 1448µs, render: 4ms)
 POST /api/tasks 201 in 5ms (compile: 1348µs, render: 4ms)
 POST /api/tasks 201 in 3ms (compile: 889µs, render: 1921µs)
 GET /api/tasks 200 in 6ms (compile: 2ms, render: 4ms)
 DELETE /api/tasks/1bfc5f06-07d0-4e93-9b74-9cac5a697536 200 in 10ms (compile: 5ms, render: 5ms)
 DELETE /api/tasks/2315cf8a-ece6-4588-9876-19dd345b860d 200 in 5ms (compile: 1413µs, render: 3ms)
 POST /api/tasks 201 in 5ms (compile: 1314µs, render: 4ms)
 POST /api/tasks 201 in 3ms (compile: 681µs, render: 2ms)
 GET /api/tasks 200 in 6ms (compile: 3ms, render: 4ms)
 DELETE /api/tasks/67b8e12a-22ef-42fe-95ac-a3b9df50466c 200 in 9ms (compile: 5ms, render: 5ms)
 DELETE /api/tasks/e61eb311-255e-44dd-8510-5d1a90cdeb24 200 in 6ms (compile: 1958µs, render: 4ms)
 POST /api/tasks 201 in 5ms (compile: 1779µs, render: 3ms)
 POST /api/tasks 201 in 4ms (compile: 908µs, render: 3ms)
 GET /api/tasks 200 in 6ms (compile: 1893µs, render: 4ms)
 DELETE /api/tasks/800cd861-a199-4d14-bf4d-f57434001bd2 200 in 9ms (compile: 5ms, render: 5ms)
 DELETE /api/tasks/33d02faf-cac5-4cca-9150-15f58d100ab0 200 in 5ms (compile: 1325µs, render: 3ms)
 POST /api/tasks 201 in 5ms (compile: 1551µs, render: 3ms)
 POST /api/tasks 201 in 3ms (compile: 679µs, render: 2ms)
 GET /api/tasks 200 in 6ms (compile: 2ms, render: 4ms)
 DELETE /api/tasks/451d6a4f-2bc4-45af-8d5a-b41b0b961314 200 in 10ms (compile: 5ms, render: 5ms)
 DELETE /api/tasks/64315b39-c265-4bb9-8699-29ffcc5db2fd 200 in 5ms (compile: 1393µs, render: 3ms)
 POST /api/tasks 201 in 5ms (compile: 1202µs, render: 4ms)
 POST /api/tasks 201 in 4ms (compile: 1132µs, render: 3ms)
 GET /api/tasks 200 in 5ms (compile: 2ms, render: 3ms)
 DELETE /api/tasks/c96edc40-948e-4609-afe1-2b297d713773 200 in 10ms (compile: 5ms, render: 5ms)
 DELETE /api/tasks/b5c3fac9-2c9e-4db7-9343-52f7faebf54d 200 in 6ms (compile: 1534µs, render: 4ms)
 POST /api/tasks 201 in 5ms (compile: 1494µs, render: 3ms)
 POST /api/tasks 201 in 3ms (compile: 857µs, render: 2ms)
 GET /api/tasks 200 in 7ms (compile: 2ms, render: 4ms)
 DELETE /api/tasks/958aa794-b5b3-4c70-bb0c-1a3255bb2495 200 in 8ms (compile: 4ms, render: 4ms)
 DELETE /api/tasks/88da2eef-413e-44cd-ac0e-736296de340d 200 in 5ms (compile: 1375µs, render: 3ms)
 POST /api/tasks 201 in 5ms (compile: 1394µs, render: 4ms)
 POST /api/tasks 201 in 4ms (compile: 1080µs, render: 3ms)
 GET /api/tasks 200 in 6ms (compile: 2ms, render: 4ms)
 DELETE /api/tasks/6a28c4c8-7e41-4b4d-a7d6-cb24fa9f3207 200 in 9ms (compile: 5ms, render: 4ms)
 DELETE /api/tasks/2ec61109-5ac1-4ea7-9a15-5bcbecf038d8 200 in 5ms (compile: 1440µs, render: 4ms)
 POST /api/tasks 201 in 5ms (compile: 1477µs, render: 4ms)
 POST /api/tasks 201 in 3ms (compile: 977µs, render: 2ms)
 GET /api/tasks 200 in 6ms (compile: 2ms, render: 3ms)
 DELETE /api/tasks/81d75536-1a58-4926-a823-1643f9cf39c8 200 in 9ms (compile: 4ms, render: 5ms)
 DELETE /api/tasks/8719098d-ad24-4265-9eba-d995db398a1c 200 in 5ms (compile: 1471µs, render: 3ms)
 POST /api/tasks 201 in 6ms (compile: 1440µs, render: 4ms)
 POST /api/tasks 201 in 4ms (compile: 1213µs, render: 3ms)
 GET /api/tasks 200 in 6ms (compile: 2ms, render: 4ms)
 DELETE /api/tasks/c98cf844-7f3f-49fe-ab71-bd6bb78b948a 200 in 10ms (compile: 5ms, render: 6ms)
 DELETE /api/tasks/2a2de8e9-9f4c-446c-8ca5-2e4f2812a248 200 in 3ms (compile: 1023µs, render: 2ms)
 POST /api/tasks 201 in 3ms (compile: 732µs, render: 2ms)
 POST /api/tasks 201 in 3ms (compile: 614µs, render: 1910µs)
 GET /api/tasks 200 in 6ms (compile: 2ms, render: 4ms)
 DELETE /api/tasks/af43c6d8-8baf-42f1-b9c3-fab11745b7cd 200 in 9ms (compile: 5ms, render: 4ms)
 DELETE /api/tasks/feee9a64-5eb2-4f5a-9386-387aa402c3a2 200 in 5ms (compile: 1395µs, render: 3ms)
 POST /api/tasks 201 in 6ms (compile: 1172µs, render: 4ms)
 POST /api/tasks 201 in 4ms (compile: 1220µs, render: 3ms)
 GET /api/tasks 200 in 6ms (compile: 2ms, render: 4ms)
 DELETE /api/tasks/d636f9c4-0027-40e3-89b7-308a2a3db4db 200 in 9ms (compile: 5ms, render: 4ms)
 DELETE /api/tasks/f481ac9c-c075-4f70-9933-4ce757bee9eb 200 in 5ms (compile: 1444µs, render: 3ms)
 POST /api/tasks 201 in 5ms (compile: 1206µs, render: 4ms)
 POST /api/tasks 201 in 4ms (compile: 1051µs, render: 3ms)
 GET /api/tasks 200 in 5ms (compile: 1899µs, render: 3ms)
 DELETE /api/tasks/006fb550-19d1-461a-b6cd-80c7e49fd38a 200 in 10ms (compile: 5ms, render: 5ms)
 DELETE /api/tasks/7a01d10d-8982-4250-aa7b-9ef1abb4a310 200 in 6ms (compile: 1722µs, render: 4ms)
 POST /api/tasks 201 in 5ms (compile: 1555µs, render: 4ms)
 POST /api/tasks 201 in 3ms (compile: 945µs, render: 2ms)
 GET /api/tasks 200 in 6ms (compile: 2ms, render: 4ms)
 DELETE /api/tasks/ba519b82-6581-4c26-acd7-9829ec95db11 200 in 9ms (compile: 5ms, render: 4ms)
 DELETE /api/tasks/8d4b72d1-c782-4829-9f81-878f2f448da3 200 in 5ms (compile: 1437µs, render: 3ms)
 POST /api/tasks 201 in 5ms (compile: 1326µs, render: 4ms)
 POST /api/tasks 201 in 4ms (compile: 1052µs, render: 3ms)
 GET /api/tasks 200 in 6ms (compile: 2ms, render: 4ms)
 DELETE /api/tasks/4b1b3db2-e567-4584-bb24-d2953507c487 200 in 10ms (compile: 5ms, render: 5ms)
 DELETE /api/tasks/53f1cab2-165b-462b-a43b-e876844561c0 200 in 5ms (compile: 1484µs, render: 4ms)
 POST /api/tasks 201 in 6ms (compile: 1394µs, render: 5ms)
 POST /api/tasks 201 in 4ms (compile: 1135µs, render: 3ms)
 GET /api/tasks 200 in 6ms (compile: 2ms, render: 4ms)
 DELETE /api/tasks/fcb5b415-ed15-47b5-8dd2-bb648ccf74d3 200 in 10ms (compile: 5ms, render: 5ms)
 DELETE /api/tasks/446f17e0-0c70-4c1f-87c2-5ca9f961a15d 200 in 5ms (compile: 1579µs, render: 4ms)
 POST /api/tasks 201 in 5ms (compile: 2ms, render: 3ms)
 POST /api/tasks 201 in 3ms (compile: 890µs, render: 2ms)
 GET /api/tasks 200 in 6ms (compile: 2ms, render: 4ms)
 DELETE /api/tasks/feb928cf-ae7e-40d2-8515-78991dd3b122 200 in 10ms (compile: 5ms, render: 5ms)
 DELETE /api/tasks/e5dc9415-e624-4892-92d2-39c7c7c504d1 200 in 5ms (compile: 1393µs, render: 4ms)
 POST /api/tasks 201 in 5ms (compile: 1338µs, render: 4ms)
 POST /api/tasks 201 in 4ms (compile: 1031µs, render: 3ms)
 GET /api/tasks 200 in 6ms (compile: 2ms, render: 4ms)
 DELETE /api/tasks/0598c17b-6624-4fed-8637-c1871e2257a1 200 in 10ms (compile: 5ms, render: 5ms)
 DELETE /api/tasks/a4b8a1a2-432f-4369-ac69-21a79f2cc4bb 200 in 5ms (compile: 1423µs, render: 4ms)
 POST /api/tasks 201 in 5ms (compile: 1425µs, render: 4ms)
 POST /api/tasks 201 in 3ms (compile: 877µs, render: 2ms)
 GET /api/tasks 200 in 6ms (compile: 2ms, render: 4ms)
 DELETE /api/tasks/8daaea2f-20d6-45d7-a91a-cba99440929a 200 in 10ms (compile: 5ms, render: 5ms)
 DELETE /api/tasks/744b3f70-2db6-4841-a5ea-2523be0188a6 200 in 6ms (compile: 1632µs, render: 4ms)
 POST /api/tasks 201 in 6ms (compile: 1650µs, render: 4ms)
 POST /api/tasks 201 in 4ms (compile: 1191µs, render: 3ms)
 GET /api/tasks 200 in 7ms (compile: 2ms, render: 5ms)
 DELETE /api/tasks/67372042-de6a-4fb1-9835-cc811d3c2062 200 in 8ms (compile: 4ms, render: 4ms)
 DELETE /api/tasks/9281a1bd-c6cf-442d-be3b-d6dcb16e5730 200 in 6ms (compile: 1643µs, render: 4ms)
 POST /api/tasks 201 in 6ms (compile: 1519µs, render: 4ms)
 POST /api/tasks 201 in 5ms (compile: 1312µs, render: 3ms)
 GET /api/tasks 200 in 6ms (compile: 2ms, render: 4ms)
 DELETE /api/tasks/bc09a84f-c1cb-4775-850c-5b43240ec743 200 in 9ms (compile: 5ms, render: 4ms)
 DELETE /api/tasks/6e2d7797-2c41-469c-a2cc-0520830677f0 200 in 5ms (compile: 1526µs, render: 4ms)
 POST /api/tasks 201 in 5ms (compile: 1602µs, render: 3ms)
 POST /api/tasks 201 in 3ms (compile: 759µs, render: 1810µs)
 GET /api/tasks 200 in 6ms (compile: 2ms, render: 3ms)
 DELETE /api/tasks/4eb2d9a8-9211-4d2d-9239-0ea2b41c1553 200 in 10ms (compile: 5ms, render: 5ms)
 DELETE /api/tasks/c4d94dc1-7810-442a-9831-b6a645d02f45 200 in 6ms (compile: 1591µs, render: 4ms)
 POST /api/tasks 201 in 5ms (compile: 1558µs, render: 4ms)
 POST /api/tasks 201 in 3ms (compile: 954µs, render: 2ms)
 GET /api/tasks 200 in 5ms (compile: 2ms, render: 3ms)
 DELETE /api/tasks/8fb151f3-8a79-44a2-8ae4-c607cdd2b79e 200 in 12ms (compile: 6ms, render: 6ms)
 DELETE /api/tasks/99fe2a9a-4245-49ea-b5a8-2687e82e7b8e 200 in 3ms (compile: 704µs, render: 2ms)
 POST /api/tasks 201 in 2ms (compile: 441µs, render: 1931µs)
 POST /api/tasks 201 in 3ms (compile: 616µs, render: 1968µs)
 GET /api/tasks 200 in 6ms (compile: 2ms, render: 4ms)
 DELETE /api/tasks/cb627027-a60d-4f03-9af5-53039b81d2ee 200 in 10ms (compile: 5ms, render: 5ms)
 DELETE /api/tasks/d4709da4-8b31-4605-8427-32967aeb58da 200 in 5ms (compile: 1543µs, render: 4ms)
 POST /api/tasks 201 in 6ms (compile: 1636µs, render: 4ms)
 POST /api/tasks 201 in 3ms (compile: 1038µs, render: 2ms)
 GET /api/tasks 200 in 6ms (compile: 2ms, render: 4ms)
 DELETE /api/tasks/74385476-cedd-4046-a615-a9580d419a61 200 in 9ms (compile: 5ms, render: 4ms)
 DELETE /api/tasks/9cbba65f-6f80-451a-b34c-4dcca963a70c 200 in 5ms (compile: 1369µs, render: 3ms)
 POST /api/tasks 201 in 5ms (compile: 1254µs, render: 4ms)
 POST /api/tasks 201 in 4ms (compile: 941µs, render: 3ms)
 GET /api/tasks 200 in 6ms (compile: 2ms, render: 4ms)
 DELETE /api/tasks/6f0b1bb4-f7be-490d-97be-568a0bb2f51e 200 in 10ms (compile: 5ms, render: 4ms)
 DELETE /api/tasks/cc150fff-537b-41c1-8195-54ec8cbb06fc 200 in 5ms (compile: 1510µs, render: 4ms)
 POST /api/tasks 201 in 5ms (compile: 1536µs, render: 4ms)
 POST /api/tasks 201 in 3ms (compile: 701µs, render: 2ms)
 GET /api/tasks 200 in 6ms (compile: 2ms, render: 4ms)
 DELETE /api/tasks/1f72a46b-dad3-426d-9238-abdb1495a753 200 in 10ms (compile: 5ms, render: 4ms)
 DELETE /api/tasks/5a50d14d-02aa-4a6a-8ab8-da8a133d0a6f 200 in 5ms (compile: 1545µs, render: 4ms)
 POST /api/tasks 201 in 6ms (compile: 1506µs, render: 5ms)
 POST /api/tasks 201 in 4ms (compile: 1156µs, render: 3ms)
 GET /api/tasks 200 in 6ms (compile: 2ms, render: 4ms)
 DELETE /api/tasks/7f67e5d0-5289-4033-aa6c-0cd4a57712f3 200 in 10ms (compile: 6ms, render: 5ms)
 DELETE /api/tasks/cbf7cf3a-e2af-423b-a101-1e45d2af7b4e 200 in 5ms (compile: 1566µs, render: 4ms)
 POST /api/tasks 201 in 6ms (compile: 1730µs, render: 4ms)
 POST /api/tasks 201 in 4ms (compile: 1242µs, render: 3ms)
 GET /api/tasks 200 in 6ms (compile: 2ms, render: 3ms)
 DELETE /api/tasks/8f5b593c-dec4-4679-84c1-3af4cce40c5c 200 in 8ms (compile: 4ms, render: 5ms)
 DELETE /api/tasks/cfec3a37-306f-4d4a-99f0-370abd95b90a 200 in 5ms (compile: 1479µs, render: 4ms)
 POST /api/tasks 201 in 5ms (compile: 2ms, render: 3ms)
 POST /api/tasks 201 in 4ms (compile: 925µs, render: 3ms)
 GET /api/tasks 200 in 6ms (compile: 2ms, render: 4ms)
 DELETE /api/tasks/ad9f810d-4d47-405a-89d2-51a61aa54175 200 in 9ms (compile: 5ms, render: 5ms)
 DELETE /api/tasks/86b1bbe2-e2a5-48ce-8c94-2e0ec2b780fe 200 in 6ms (compile: 1574µs, render: 4ms)
 POST /api/tasks 201 in 6ms (compile: 1476µs, render: 4ms)
 POST /api/tasks 201 in 4ms (compile: 1168µs, render: 3ms)
 GET /api/tasks 200 in 6ms (compile: 2ms, render: 3ms)
 DELETE /api/tasks/eaac111b-cf9f-46ad-9575-61bd558cee9b 200 in 9ms (compile: 5ms, render: 5ms)
 DELETE /api/tasks/43374d17-0820-41eb-8fb2-a60ce53e9f51 200 in 5ms (compile: 1443µs, render: 3ms)
 POST /api/tasks 201 in 6ms (compile: 1455µs, render: 4ms)
 POST /api/tasks 201 in 4ms (compile: 1189µs, render: 3ms)
 GET /api/tasks 200 in 6ms (compile: 2ms, render: 4ms)
 DELETE /api/tasks/79f0489d-ad0a-4bdf-9a88-a8d1198d6325 200 in 9ms (compile: 5ms, render: 4ms)
 DELETE /api/tasks/5ece3b5f-28cd-4364-9fba-c2c4338a291c 200 in 5ms (compile: 1739µs, render: 4ms)
 POST /api/tasks 201 in 5ms (compile: 1403µs, render: 4ms)
 POST /api/tasks 201 in 4ms (compile: 1082µs, render: 3ms)
 GET /api/tasks 200 in 6ms (compile: 2ms, render: 4ms)
 DELETE /api/tasks/0b327b90-f509-48d9-a92d-378d629e1533 200 in 10ms (compile: 5ms, render: 5ms)
 DELETE /api/tasks/0b835f83-6c40-47d2-8a44-08d5049a58a1 200 in 5ms (compile: 1511µs, render: 4ms)
 POST /api/tasks 201 in 7ms (compile: 1902µs, render: 5ms)
 POST /api/tasks 201 in 4ms (compile: 1223µs, render: 3ms)
 GET /api/tasks 200 in 6ms (compile: 2ms, render: 4ms)
 DELETE /api/tasks/9378e416-c57b-4847-acc0-5c227f4ba684 200 in 10ms (compile: 5ms, render: 5ms)
 DELETE /api/tasks/8d5a0ee0-87e8-459a-85b7-9583bf07d208 200 in 5ms (compile: 1607µs, render: 4ms)
 POST /api/tasks 201 in 5ms (compile: 1318µs, render: 4ms)
 POST /api/tasks 201 in 4ms (compile: 1190µs, render: 3ms)
 GET /api/tasks 200 in 6ms (compile: 2ms, render: 4ms)
 DELETE /api/tasks/37a477c2-8f20-4c6d-a37d-36ce841acb3a 200 in 10ms (compile: 5ms, render: 5ms)
 DELETE /api/tasks/4db4639f-20c0-416b-b0d2-42a2f05d06cc 200 in 5ms (compile: 1411µs, render: 3ms)
 POST /api/tasks 201 in 5ms (compile: 1281µs, render: 4ms)
 POST /api/tasks 201 in 4ms (compile: 1177µs, render: 3ms)
 GET /api/tasks 200 in 6ms (compile: 2ms, render: 4ms)
 DELETE /api/tasks/bcbc8da5-6d4d-42ef-a8c1-217bd26f283d 200 in 11ms (compile: 5ms, render: 6ms)
 DELETE /api/tasks/f5d55e1f-0e40-41c3-a660-99f19a490e4d 200 in 3ms (compile: 847µs, render: 2ms)
 POST /api/tasks 201 in 3ms (compile: 694µs, render: 1993µs)
 POST /api/tasks 201 in 2ms (compile: 550µs, render: 1744µs)
 GET /api/tasks 200 in 5ms (compile: 2ms, render: 3ms)
 DELETE /api/tasks/8b6802b2-ca67-40ea-808b-8ba61dfeb5e1 200 in 9ms (compile: 4ms, render: 5ms)
 DELETE /api/tasks/b3c1a484-be58-4fa4-9fd3-7090514347e0 200 in 5ms (compile: 1421µs, render: 4ms)
 POST /api/tasks 201 in 5ms (compile: 1383µs, render: 4ms)
 POST /api/tasks 201 in 4ms (compile: 905µs, render: 3ms)
 GET /api/tasks 200 in 5ms (compile: 1912µs, render: 3ms)
 DELETE /api/tasks/da7ec267-5cb5-4461-8eae-f9af9f6d6cc5 200 in 9ms (compile: 4ms, render: 5ms)
 DELETE /api/tasks/370189fc-6c0a-4b71-857c-6eec6384309b 200 in 5ms (compile: 1339µs, render: 3ms)
 POST /api/tasks 201 in 5ms (compile: 1334µs, render: 4ms)
 POST /api/tasks 201 in 4ms (compile: 981µs, render: 3ms)
 GET /api/tasks 200 in 6ms (compile: 2ms, render: 3ms)
 DELETE /api/tasks/7207442d-fe21-4eb9-9067-65c21976bf58 200 in 9ms (compile: 4ms, render: 5ms)
 DELETE /api/tasks/227520ca-463b-4e22-a546-a564faabc3ac 200 in 5ms (compile: 1543µs, render: 4ms)
 POST /api/tasks 201 in 5ms (compile: 1892µs, render: 3ms)
 POST /api/tasks 201 in 2ms (compile: 710µs, render: 1786µs)
 GET /api/tasks 200 in 6ms (compile: 2ms, render: 4ms)
 DELETE /api/tasks/e783a7df-683d-4a05-b1aa-9a80aa194436 200 in 9ms (compile: 5ms, render: 5ms)
 DELETE /api/tasks/9d9be3d6-4fb5-4d76-84e0-ed0065b0b066 200 in 5ms (compile: 1505µs, render: 3ms)
 POST /api/tasks 201 in 5ms (compile: 1337µs, render: 4ms)
 POST /api/tasks 201 in 3ms (compile: 1092µs, render: 2ms)
 GET /api/tasks 200 in 6ms (compile: 2ms, render: 4ms)
 DELETE /api/tasks/8c1f027c-a07a-4117-bd8a-bcc665e898ec 200 in 10ms (compile: 6ms, render: 5ms)
 DELETE /api/tasks/90f18395-0616-4511-b8a1-5e906e8df29c 200 in 5ms (compile: 1639µs, render: 4ms)
 POST /api/tasks 201 in 5ms (compile: 1309µs, render: 4ms)
 POST /api/tasks 201 in 4ms (compile: 1043µs, render: 3ms)
 GET /api/tasks 200 in 6ms (compile: 2ms, render: 4ms)
 DELETE /api/tasks/66581ff0-3cc8-43b6-88e5-037859062f8d 200 in 10ms (compile: 5ms, render: 5ms)
 DELETE /api/tasks/ca11017b-743c-4093-ac71-82e85670af7b 200 in 5ms (compile: 1557µs, render: 3ms)
 POST /api/tasks 201 in 5ms (compile: 1788µs, render: 4ms)
 POST /api/tasks 201 in 4ms (compile: 1084µs, render: 3ms)
 GET /api/tasks 200 in 6ms (compile: 2ms, render: 4ms)
 DELETE /api/tasks/a191bfee-e7a2-4e2e-9ad7-b3c7bfb58765 200 in 10ms (compile: 6ms, render: 5ms)
 DELETE /api/tasks/23a32156-0e48-45af-8330-f34fdd98982d 200 in 5ms (compile: 1346µs, render: 3ms)
 POST /api/tasks 201 in 5ms (compile: 1200µs, render: 4ms)
 POST /api/tasks 201 in 4ms (compile: 1119µs, render: 3ms)
 GET /api/tasks 200 in 6ms (compile: 2ms, render: 4ms)
 DELETE /api/tasks/aec31ef1-5e5c-4249-8ab2-e02c515a708c 200 in 10ms (compile: 6ms, render: 5ms)
 DELETE /api/tasks/50d884c2-61d7-4492-8abd-dea8a4330976 200 in 5ms (compile: 1636µs, render: 4ms)
 POST /api/tasks 201 in 5ms (compile: 1576µs, render: 3ms)
 POST /api/tasks 201 in 3ms (compile: 980µs, render: 2ms)
 GET /api/tasks 200 in 6ms (compile: 2ms, render: 4ms)
 DELETE /api/tasks/ac0a1026-7ac5-40b5-a62b-4a6db05e34b0 200 in 8ms (compile: 4ms, render: 5ms)
 DELETE /api/tasks/117e3b1c-2a41-4a9c-b269-1443ecbb4ff5 200 in 5ms (compile: 1357µs, render: 4ms)
 POST /api/tasks 201 in 6ms (compile: 1442µs, render: 4ms)
 POST /api/tasks 201 in 4ms (compile: 1108µs, render: 3ms)
 GET /api/tasks 200 in 6ms (compile: 2ms, render: 4ms)
 DELETE /api/tasks/9882c22e-e74b-47fe-896e-77106d98d620 200 in 10ms (compile: 5ms, render: 5ms)
 DELETE /api/tasks/a80547d8-099c-4786-ad1c-856670fcf703 200 in 5ms (compile: 1532µs, render: 4ms)
 POST /api/tasks 201 in 5ms (compile: 1494µs, render: 3ms)
 POST /api/tasks 201 in 3ms (compile: 549µs, render: 2ms)
 GET /api/tasks 200 in 6ms (compile: 2ms, render: 3ms)
 DELETE /api/tasks/e3791c69-5b18-4a51-9b5f-0cc939a4ff0a 200 in 10ms (compile: 5ms, render: 5ms)
 DELETE /api/tasks/97862c3a-7a19-4e95-b2e9-1650edf1af01 200 in 5ms (compile: 1541µs, render: 4ms)
 POST /api/tasks 201 in 5ms (compile: 1497µs, render: 4ms)
 POST /api/tasks 201 in 4ms (compile: 1041µs, render: 3ms)
 GET /api/tasks 200 in 6ms (compile: 2ms, render: 3ms)
 DELETE /api/tasks/8041faf7-a862-4a76-a96d-00d918506d19 200 in 11ms (compile: 5ms, render: 5ms)
 DELETE /api/tasks/f0e9e5fc-a24d-4944-b614-e1f40e340899 200 in 6ms (compile: 1735µs, render: 4ms)
 POST /api/tasks 201 in 5ms (compile: 1555µs, render: 3ms)
 POST /api/tasks 201 in 3ms (compile: 903µs, render: 2ms)
 GET /api/tasks 200 in 6ms (compile: 2ms, render: 4ms)
 DELETE /api/tasks/a4449846-7609-4d83-85aa-9c17067bba58 200 in 13ms (compile: 6ms, render: 7ms)
 DELETE /api/tasks/1a81d699-f0dd-4d45-8c4a-e84c8ca0e536 200 in 3ms (compile: 945µs, render: 2ms)
 POST /api/tasks 201 in 3ms (compile: 679µs, render: 2ms)
 POST /api/tasks 201 in 2ms (compile: 599µs, render: 1781µs)
 GET /api/tasks 200 in 6ms (compile: 2ms, render: 4ms)
 DELETE /api/tasks/e3dec6ed-1014-436a-8fee-098941b2f53b 200 in 9ms (compile: 4ms, render: 5ms)
 DELETE /api/tasks/8585b582-d9f3-4105-a56c-d86494e8909c 200 in 5ms (compile: 1411µs, render: 3ms)
 POST /api/tasks 201 in 5ms (compile: 1427µs, render: 4ms)
 POST /api/tasks 201 in 3ms (compile: 832µs, render: 2ms)
 GET /api/tasks 200 in 5ms (compile: 2ms, render: 3ms)
 DELETE /api/tasks/43438846-d562-4975-9604-afd8dcb40083 200 in 9ms (compile: 5ms, render: 5ms)
 DELETE /api/tasks/04cb229c-f0c9-45d2-b09c-9663d9a9789d 200 in 5ms (compile: 1411µs, render: 3ms)
 POST /api/tasks 201 in 6ms (compile: 1277µs, render: 5ms)
 POST /api/tasks 201 in 4ms (compile: 1163µs, render: 3ms)
 GET /api/tasks 200 in 6ms (compile: 2ms, render: 3ms)
 DELETE /api/tasks/a45827d4-4275-4ce4-a4ea-14d40ebc1f01 200 in 10ms (compile: 5ms, render: 5ms)
 DELETE /api/tasks/fba3ecd8-2827-4b0a-a3f4-8f95d9733a09 200 in 5ms (compile: 1465µs, render: 4ms)
 POST /api/tasks 201 in 6ms (compile: 1261µs, render: 4ms)
 POST /api/tasks 201 in 4ms (compile: 1146µs, render: 3ms)
 GET /api/tasks 200 in 6ms (compile: 2ms, render: 4ms)
 DELETE /api/tasks/66a1a278-bead-4da0-9e50-a8abcb555e26 200 in 9ms (compile: 4ms, render: 5ms)
 DELETE /api/tasks/c5295cb0-43b9-4461-8965-f385ee54a741 200 in 5ms (compile: 1488µs, render: 3ms)
 POST /api/tasks 201 in 5ms (compile: 1277µs, render: 4ms)
 POST /api/tasks 201 in 4ms (compile: 1177µs, render: 3ms)
 GET /api/tasks 200 in 4ms (compile: 1569µs, render: 2ms)
 DELETE /api/tasks/4abf60ed-061e-4668-8670-feb2f07057d4 200 in 8ms (compile: 4ms, render: 4ms)
 DELETE /api/tasks/763baaad-ddc9-4914-b6ba-46260b5cc6d3 200 in 4ms (compile: 1141µs, render: 3ms)
 POST /api/tasks 201 in 3ms (compile: 866µs, render: 3ms)
 POST /api/tasks 201 in 3ms (compile: 844µs, render: 3ms)
 GET /api/tasks 200 in 6ms (compile: 2ms, render: 4ms)
 DELETE /api/tasks/7b66fe3c-6533-4d4e-b4c6-669999b34039 200 in 9ms (compile: 5ms, render: 4ms)
 DELETE /api/tasks/e3524845-3144-4eb6-ab18-9c5694d2d404 200 in 5ms (compile: 1479µs, render: 4ms)
 POST /api/tasks 201 in 5ms (compile: 1854µs, render: 3ms)
 POST /api/tasks 201 in 3ms (compile: 848µs, render: 3ms)
 GET /api/tasks 200 in 6ms (compile: 2ms, render: 4ms)
 DELETE /api/tasks/98338ef8-9378-42f7-b33d-9459ed642e88 200 in 10ms (compile: 5ms, render: 4ms)
 DELETE /api/tasks/a1fda78a-8e89-4dc5-90cd-199f41b91e30 200 in 5ms (compile: 1395µs, render: 3ms)
 POST /api/tasks 201 in 6ms (compile: 1464µs, render: 4ms)
 POST /api/tasks 201 in 4ms (compile: 1113µs, render: 3ms)
 GET /api/tasks 200 in 6ms (compile: 2ms, render: 4ms)
 DELETE /api/tasks/76f86b53-640a-49e7-82d1-8335669d0069 200 in 9ms (compile: 4ms, render: 5ms)
 DELETE /api/tasks/b787f0a9-840f-46af-8fef-5eda7ba88a89 200 in 5ms (compile: 1515µs, render: 3ms)
 POST /api/tasks 201 in 6ms (compile: 1488µs, render: 4ms)
 POST /api/tasks 201 in 4ms (compile: 1067µs, render: 3ms)
 GET /api/tasks 200 in 6ms (compile: 2ms, render: 4ms)
 DELETE /api/tasks/c7c48666-d76d-4b2c-94b5-05e8559586ed 200 in 10ms (compile: 5ms, render: 5ms)
 DELETE /api/tasks/25aa080f-3714-4ab8-b5a8-3ead23b0d19f 200 in 5ms (compile: 1427µs, render: 3ms)
 POST /api/tasks 201 in 5ms (compile: 1219µs, render: 4ms)
 POST /api/tasks 201 in 4ms (compile: 1177µs, render: 3ms)
 GET /api/tasks 200 in 6ms (compile: 2ms, render: 4ms)
 DELETE /api/tasks/a47accfe-b9ae-48e5-acca-581db05199d9 200 in 9ms (compile: 5ms, render: 5ms)
 DELETE /api/tasks/d0a72ad4-7d73-458d-a3cd-ca2af5024b5f 200 in 5ms (compile: 1479µs, render: 4ms)
 POST /api/tasks 201 in 5ms (compile: 1327µs, render: 4ms)
 POST /api/tasks 201 in 5ms (compile: 1291µs, render: 3ms)
 GET /api/tasks 200 in 4ms (compile: 1405µs, render: 3ms)
 DELETE /api/tasks/0fbe41f9-d335-403b-baff-8832c4cfd9b6 200 in 7ms (compile: 3ms, render: 3ms)
 DELETE /api/tasks/bdc11597-baa9-4c05-861a-325bc084a37f 200 in 4ms (compile: 1153µs, render: 3ms)
 POST /api/tasks 201 in 4ms (compile: 965µs, render: 3ms)
 POST /api/tasks 201 in 2ms (compile: 764µs, render: 1562µs)
 GET /api/tasks 200 in 6ms (compile: 2ms, render: 4ms)
 DELETE /api/tasks/d55249df-510b-4f06-9e9c-0a10b23ba980 200 in 10ms (compile: 5ms, render: 5ms)
 DELETE /api/tasks/c25b6c3c-67d6-4836-b8f0-c62aade9be1f 200 in 6ms (compile: 1867µs, render: 4ms)
 POST /api/tasks 201 in 5ms (compile: 1513µs, render: 3ms)
 POST /api/tasks 201 in 4ms (compile: 952µs, render: 3ms)
 GET /api/tasks 200 in 6ms (compile: 2ms, render: 4ms)
 DELETE /api/tasks/b1e5dfa1-61df-4226-b323-6816ca120ce5 200 in 12ms (compile: 6ms, render: 6ms)
 DELETE /api/tasks/a30301ef-96d7-4630-a6b3-c6bea4807756 200 in 3ms (compile: 723µs, render: 2ms)
 POST /api/tasks 201 in 3ms (compile: 723µs, render: 1985µs)
 POST /api/tasks 201 in 2ms (compile: 672µs, render: 1758µs)
 GET /api/tasks 200 in 6ms (compile: 2ms, render: 4ms)
 DELETE /api/tasks/7e2794a4-5c75-4117-8a1d-34ebb6816926 200 in 10ms (compile: 5ms, render: 5ms)
 DELETE /api/tasks/11b262e7-3cce-43f9-b368-03ba84401d96 200 in 6ms (compile: 1660µs, render: 4ms)
 POST /api/tasks 201 in 5ms (compile: 1383µs, render: 3ms)
 POST /api/tasks 201 in 3ms (compile: 867µs, render: 3ms)
 GET /api/tasks 200 in 6ms (compile: 1996µs, render: 4ms)
 DELETE /api/tasks/a84ac000-80c7-4ae8-84aa-cf2d3530f5c6 200 in 10ms (compile: 5ms, render: 5ms)
 DELETE /api/tasks/606c18ee-f85f-4489-b73e-a87910d51009 200 in 5ms (compile: 1451µs, render: 4ms)
 POST /api/tasks 201 in 5ms (compile: 1344µs, render: 4ms)
 POST /api/tasks 201 in 4ms (compile: 1093µs, render: 3ms)
 GET /api/tasks 200 in 5ms (compile: 1935µs, render: 4ms)
 DELETE /api/tasks/2e0f1405-33c0-42bf-a240-e11662312aa6 200 in 9ms (compile: 5ms, render: 5ms)
 DELETE /api/tasks/a103a4e9-60ae-4684-88dc-2f13c50b7792 200 in 5ms (compile: 1603µs, render: 4ms)
 POST /api/tasks 201 in 5ms (compile: 1762µs, render: 4ms)
 POST /api/tasks 201 in 4ms (compile: 965µs, render: 3ms)
 GET /api/tasks 200 in 6ms (compile: 2ms, render: 4ms)
 DELETE /api/tasks/f77261ab-3315-400a-93a7-58ef62e9af12 200 in 10ms (compile: 5ms, render: 5ms)
 DELETE /api/tasks/13a2737e-cbc6-4f59-b3be-f0c8d94e2a03 200 in 5ms (compile: 1437µs, render: 3ms)
 POST /api/tasks 201 in 5ms (compile: 1383µs, render: 4ms)
 POST /api/tasks 201 in 4ms (compile: 1235µs, render: 3ms)
 GET /api/tasks 200 in 6ms (compile: 2ms, render: 4ms)
 DELETE /api/tasks/db32e402-3f9f-44ce-9d6e-5e66b238a25a 200 in 10ms (compile: 5ms, render: 5ms)
 DELETE /api/tasks/2eb62966-2b57-45c4-9a54-bfdadd981674 200 in 5ms (compile: 1575µs, render: 4ms)
 POST /api/tasks 201 in 5ms (compile: 1631µs, render: 4ms)
 POST /api/tasks 201 in 3ms (compile: 815µs, render: 2ms)
 GET /api/tasks 200 in 6ms (compile: 2ms, render: 4ms)
 DELETE /api/tasks/94ee37d8-0310-4b1b-97ce-39a346ac07ab 200 in 9ms (compile: 5ms, render: 4ms)
 DELETE /api/tasks/5396ef41-2cf6-4af5-8ab0-f6335dc4971c 200 in 5ms (compile: 1511µs, render: 3ms)
 POST /api/tasks 201 in 5ms (compile: 1369µs, render: 4ms)
 POST /api/tasks 201 in 4ms (compile: 1213µs, render: 3ms)
 GET /api/tasks 200 in 6ms (compile: 1762µs, render: 4ms)
 DELETE /api/tasks/74328884-b208-4faa-b5e1-aeb917b3b1f1 200 in 10ms (compile: 5ms, render: 5ms)
 DELETE /api/tasks/d0cdf02e-a283-440a-9302-6dcae313220e 200 in 5ms (compile: 1445µs, render: 4ms)
 POST /api/tasks 201 in 5ms (compile: 1317µs, render: 4ms)
 POST /api/tasks 201 in 3ms (compile: 1041µs, render: 2ms)
 GET /api/tasks 200 in 5ms (compile: 2ms, render: 3ms)
 DELETE /api/tasks/b7dbb2e0-2de7-4443-82f0-6d2d4580053e 200 in 9ms (compile: 5ms, render: 5ms)
 DELETE /api/tasks/d1a92d5b-5503-4e02-a76a-48172753b016 200 in 5ms (compile: 1609µs, render: 4ms)
 POST /api/tasks 201 in 4ms (compile: 1110µs, render: 3ms)
 POST /api/tasks 201 in 3ms (compile: 767µs, render: 1877µs)
 GET /api/tasks 200 in 6ms (compile: 2ms, render: 4ms)
 DELETE /api/tasks/b2d84d83-5dc5-4204-b0eb-caa1cce74157 200 in 10ms (compile: 5ms, render: 5ms)
 DELETE /api/tasks/cbfc2f50-275e-4eac-a92f-b9cae3ddb441 200 in 5ms (compile: 1572µs, render: 4ms)
 POST /api/tasks 201 in 5ms (compile: 1392µs, render: 4ms)
 POST /api/tasks 201 in 4ms (compile: 1168µs, render: 3ms)
 GET /api/tasks 200 in 6ms (compile: 2ms, render: 4ms)
 DELETE /api/tasks/22490436-156a-48f3-9e35-3044cc22b2e3 200 in 10ms (compile: 5ms, render: 4ms)
 DELETE /api/tasks/ceff529c-f92a-48a6-baae-8b9d277ac672 200 in 5ms (compile: 1389µs, render: 4ms)
 POST /api/tasks 201 in 6ms (compile: 1475µs, render: 4ms)
 POST /api/tasks 201 in 4ms (compile: 1159µs, render: 3ms)
 GET /api/tasks 200 in 6ms (compile: 2ms, render: 4ms)
 DELETE /api/tasks/e3b6b044-557b-4a64-866e-4dd937418fd4 200 in 9ms (compile: 5ms, render: 4ms)
 DELETE /api/tasks/10d85f65-bf9c-451e-98b1-a4a9da564083 200 in 5ms (compile: 1549µs, render: 4ms)
 POST /api/tasks 201 in 5ms (compile: 1528µs, render: 4ms)
 POST /api/tasks 201 in 3ms (compile: 992µs, render: 2ms)
 GET /api/tasks 200 in 6ms (compile: 2ms, render: 3ms)
 DELETE /api/tasks/79b2a183-b1de-4fc1-8c4a-d99c4588dd4f 200 in 9ms (compile: 5ms, render: 4ms)
 DELETE /api/tasks/991a3f6c-33ed-41c2-a394-51547e1a7b08 200 in 5ms (compile: 1510µs, render: 3ms)
 POST /api/tasks 201 in 5ms (compile: 1367µs, render: 4ms)
 POST /api/tasks 201 in 4ms (compile: 1153µs, render: 3ms)
 GET /api/tasks 200 in 6ms (compile: 2ms, render: 4ms)
 DELETE /api/tasks/b0e467a5-356e-4d4f-80f1-88a620841413 200 in 9ms (compile: 5ms, render: 4ms)
 DELETE /api/tasks/b145557d-109f-463a-8444-9c823cb23207 200 in 5ms (compile: 1469µs, render: 4ms)
 POST /api/tasks 201 in 5ms (compile: 1399µs, render: 4ms)
 POST /api/tasks 201 in 3ms (compile: 792µs, render: 2ms)
 GET /api/tasks 200 in 6ms (compile: 2ms, render: 4ms)
 DELETE /api/tasks/3ea529a2-56bc-4146-91fe-5ccf800630cb 200 in 10ms (compile: 5ms, render: 4ms)
 DELETE /api/tasks/ba4b97b5-9bcc-4172-b7a8-2cbbf9442625 200 in 6ms (compile: 1747µs, render: 4ms)
 POST /api/tasks 201 in 6ms (compile: 1715µs, render: 4ms)
 POST /api/tasks 201 in 4ms (compile: 1182µs, render: 3ms)
 GET /api/tasks 200 in 6ms (compile: 2ms, render: 4ms)
 DELETE /api/tasks/5fca3118-c24a-4d45-943f-9834ed782ce4 200 in 9ms (compile: 4ms, render: 4ms)
 DELETE /api/tasks/3e101fab-5b93-4870-ac1f-d94dc8c88850 200 in 5ms (compile: 1505µs, render: 3ms)
 POST /api/tasks 201 in 5ms (compile: 1258µs, render: 4ms)
 POST /api/tasks 201 in 4ms (compile: 1032µs, render: 3ms)
 GET /api/tasks 200 in 6ms (compile: 2ms, render: 4ms)
 DELETE /api/tasks/12b2dca1-5fed-4887-88a7-edf5d3e1932d 200 in 9ms (compile: 5ms, render: 4ms)
 DELETE /api/tasks/0e23233d-2f43-4479-a30a-193cd844a394 200 in 5ms (compile: 1895µs, render: 3ms)
 POST /api/tasks 201 in 5ms (compile: 1248µs, render: 4ms)
 POST /api/tasks 201 in 4ms (compile: 1141µs, render: 3ms)
 GET /api/tasks 200 in 6ms (compile: 2ms, render: 4ms)
 DELETE /api/tasks/eee292b3-2145-491d-96c9-22ed21ed9ba7 200 in 9ms (compile: 5ms, render: 5ms)
 DELETE /api/tasks/71229e7b-69b8-4d65-bcb5-afc6cdcd8765 200 in 5ms (compile: 1519µs, render: 4ms)
 POST /api/tasks 201 in 5ms (compile: 1289µs, render: 4ms)
 POST /api/tasks 201 in 5ms (compile: 1288µs, render: 3ms)
 GET /api/tasks 200 in 6ms (compile: 2ms, render: 4ms)
 DELETE /api/tasks/95846236-fe5e-4225-83be-ea607c202608 200 in 10ms (compile: 5ms, render: 5ms)
 DELETE /api/tasks/c5508ae0-96e2-4fd9-bd75-a055f407ab91 200 in 5ms (compile: 1437µs, render: 4ms)
 POST /api/tasks 201 in 5ms (compile: 1315µs, render: 4ms)
 POST /api/tasks 201 in 4ms (compile: 1106µs, render: 3ms)
 GET /api/tasks 200 in 6ms (compile: 2ms, render: 4ms)
 DELETE /api/tasks/9504cae5-f63c-4156-98f9-02611da81bc5 200 in 8ms (compile: 4ms, render: 4ms)
 DELETE /api/tasks/d22062b3-5266-4727-8647-6d3c21634c90 200 in 6ms (compile: 1636µs, render: 4ms)
 POST /api/tasks 201 in 5ms (compile: 1367µs, render: 4ms)
 POST /api/tasks 201 in 5ms (compile: 1327µs, render: 3ms)
 GET /api/tasks 200 in 6ms (compile: 2ms, render: 4ms)
 DELETE /api/tasks/97cbe96e-3398-4ac3-8bd6-2cc47059e90b 200 in 10ms (compile: 5ms, render: 5ms)
 DELETE /api/tasks/e6ac9092-3c40-4bb7-8856-6f584d95251b 200 in 5ms (compile: 1433µs, render: 3ms)
 POST /api/tasks 201 in 6ms (compile: 1715µs, render: 4ms)
 POST /api/tasks 201 in 4ms (compile: 1095µs, render: 3ms)
 GET /api/tasks 200 in 4ms (compile: 1314µs, render: 2ms)
 DELETE /api/tasks/1f1fbfd0-cdb6-4b3c-9152-7768c6d9213b 200 in 7ms (compile: 3ms, render: 4ms)
 DELETE /api/tasks/89d1b5ef-4f7b-4761-b8da-36b0147a1b23 200 in 4ms (compile: 1112µs, render: 3ms)
 POST /api/tasks 201 in 4ms (compile: 914µs, render: 3ms)
 POST /api/tasks 201 in 3ms (compile: 854µs, render: 3ms)
 GET /api/tasks 200 in 4ms (compile: 1402µs, render: 2ms)
 DELETE /api/tasks/f1f294d5-4226-4442-abf1-229bff6cad60 200 in 8ms (compile: 4ms, render: 4ms)
 DELETE /api/tasks/8cb4a48e-6377-416f-a500-fc41ac07303e 200 in 4ms (compile: 1089µs, render: 3ms)
 POST /api/tasks 201 in 4ms (compile: 926µs, render: 3ms)
 POST /api/tasks 201 in 4ms (compile: 917µs, render: 3ms)
 GET /api/tasks 200 in 6ms (compile: 1870µs, render: 4ms)
 DELETE /api/tasks/2ded95f9-7df3-4823-bcab-1a194ef74018 200 in 10ms (compile: 5ms, render: 5ms)
 DELETE /api/tasks/83656ef7-0278-4dd8-a9a4-5f126c5638ce 200 in 5ms (compile: 1504µs, render: 4ms)
 POST /api/tasks 201 in 6ms (compile: 1687µs, render: 4ms)
 POST /api/tasks 201 in 4ms (compile: 863µs, render: 3ms)
 GET /api/tasks 200 in 6ms (compile: 2ms, render: 3ms)
 DELETE /api/tasks/413191bf-b494-487f-b6a1-f34a03b26da0 200 in 9ms (compile: 5ms, render: 5ms)
 DELETE /api/tasks/47c3f12b-b590-404a-832d-2b207aa05ede 200 in 5ms (compile: 1479µs, render: 4ms)
 POST /api/tasks 201 in 5ms (compile: 1628µs, render: 3ms)
 POST /api/tasks 201 in 3ms (compile: 854µs, render: 2ms)
 GET /api/tasks 200 in 6ms (compile: 2ms, render: 4ms)
 DELETE /api/tasks/3ca1544b-3165-4672-84b8-ca5074385a52 200 in 10ms (compile: 5ms, render: 5ms)
 DELETE /api/tasks/597448c2-7ae9-43e9-bfce-5d459e6fabf7 200 in 5ms (compile: 1484µs, render: 3ms)
 POST /api/tasks 201 in 5ms (compile: 1196µs, render: 4ms)
 POST /api/tasks 201 in 4ms (compile: 1171µs, render: 3ms)
 GET /api/tasks 200 in 7ms (compile: 2ms, render: 4ms)
 DELETE /api/tasks/7fd0ba41-ad98-4730-9a02-5e20f0a62168 200 in 12ms (compile: 6ms, render: 6ms)
 DELETE /api/tasks/81c63aa5-ef85-44c3-bbff-a587285d8ddc 200 in 7ms (compile: 1995µs, render: 5ms)
 POST /api/tasks 201 in 5ms (compile: 1581µs, render: 3ms)
 POST /api/tasks 201 in 3ms (compile: 676µs, render: 3ms)
 GET /api/tasks 200 in 6ms (compile: 2ms, render: 4ms)
 DELETE /api/tasks/bc9ac3d4-ce8d-4111-988d-56fa058fcc7d 200 in 10ms (compile: 5ms, render: 5ms)
 DELETE /api/tasks/c7646cdf-33c4-47da-81b8-8931c4e15dc1 200 in 5ms (compile: 1402µs, render: 3ms)
 POST /api/tasks 201 in 5ms (compile: 1304µs, render: 4ms)
 POST /api/tasks 201 in 4ms (compile: 1190µs, render: 3ms)
 GET /api/tasks 200 in 6ms (compile: 2ms, render: 4ms)
 DELETE /api/tasks/7821892a-1c38-46c4-b900-86437a967eaa 200 in 11ms (compile: 6ms, render: 5ms)
 DELETE /api/tasks/832333d6-54ff-4a60-9546-c6c7bdbf148c 200 in 6ms (compile: 1647µs, render: 4ms)
 POST /api/tasks 201 in 5ms (compile: 1635µs, render: 4ms)
 POST /api/tasks 201 in 4ms (compile: 975µs, render: 3ms)
 GET /api/tasks 200 in 6ms (compile: 2ms, render: 4ms)
 DELETE /api/tasks/f64396d0-4f4a-4cf5-a606-e4bbd95b12a7 200 in 9ms (compile: 5ms, render: 4ms)
 DELETE /api/tasks/4f2457bb-1e17-40d4-acc7-a8707880aa76 200 in 5ms (compile: 1445µs, render: 3ms)
 POST /api/tasks 201 in 5ms (compile: 1272µs, render: 4ms)
 POST /api/tasks 201 in 4ms (compile: 1118µs, render: 3ms)
 GET /api/tasks 200 in 6ms (compile: 2ms, render: 4ms)
 DELETE /api/tasks/fcfb2061-7af2-4e27-bf30-484449bcd246 200 in 10ms (compile: 5ms, render: 5ms)
 DELETE /api/tasks/08ed77b0-516a-40e1-822c-cf9187dee277 200 in 6ms (compile: 1578µs, render: 4ms)
 POST /api/tasks 201 in 6ms (compile: 1671µs, render: 4ms)
 POST /api/tasks 201 in 4ms (compile: 1270µs, render: 3ms)
 GET /api/tasks 200 in 6ms (compile: 2ms, render: 4ms)
 DELETE /api/tasks/b11c9791-51c8-4659-9471-eababe8851da 200 in 9ms (compile: 5ms, render: 4ms)
 DELETE /api/tasks/247af41d-a928-4cab-913b-48dac72f5f69 200 in 5ms (compile: 1450µs, render: 4ms)
 POST /api/tasks 201 in 5ms (compile: 1439µs, render: 4ms)
 POST /api/tasks 201 in 4ms (compile: 1105µs, render: 3ms)
 GET /api/tasks 200 in 5ms (compile: 1990µs, render: 3ms)
 DELETE /api/tasks/27ebb059-e8f2-4150-9076-23eb72427380 200 in 10ms (compile: 5ms, render: 5ms)
 DELETE /api/tasks/3f86eedc-1e8f-41eb-bd58-3944b1015692 200 in 5ms (compile: 1336µs, render: 4ms)
 POST /api/tasks 201 in 5ms (compile: 1546µs, render: 4ms)
 POST /api/tasks 201 in 3ms (compile: 931µs, render: 3ms)
 GET /api/tasks 200 in 5ms (compile: 1687µs, render: 3ms)
 DELETE /api/tasks/7844b871-aafe-4d5f-a164-581cf5e0d760 200 in 9ms (compile: 5ms, render: 4ms)
 DELETE /api/tasks/6b3a7352-4d0f-412c-9085-36ae7e1b8bbb 200 in 5ms (compile: 1374µs, render: 3ms)
 POST /api/tasks 201 in 5ms (compile: 1309µs, render: 4ms)
 POST /api/tasks 201 in 4ms (compile: 1080µs, render: 3ms)
 GET /api/tasks 200 in 6ms (compile: 2ms, render: 4ms)
 DELETE /api/tasks/2341eedb-638c-4023-8b0b-d957e3777f89 200 in 9ms (compile: 5ms, render: 5ms)
 DELETE /api/tasks/f75a0587-70c5-4a2f-83db-8c2e0b7262b2 200 in 5ms (compile: 1470µs, render: 4ms)
 POST /api/tasks 201 in 5ms (compile: 1367µs, render: 4ms)
 POST /api/tasks 201 in 4ms (compile: 1095µs, render: 3ms)
 GET /api/tasks 200 in 6ms (compile: 2ms, render: 4ms)
 DELETE /api/tasks/01712350-09d8-4544-88bb-a41c00ffb55d 200 in 8ms (compile: 4ms, render: 4ms)
 DELETE /api/tasks/32e21fcf-56a8-4211-b7ea-ba01da6ed280 200 in 5ms (compile: 1585µs, render: 4ms)
 POST /api/tasks 201 in 6ms (compile: 1410µs, render: 5ms)
 POST /api/tasks 201 in 4ms (compile: 1172µs, render: 3ms)
 GET /api/tasks 200 in 6ms (compile: 2ms, render: 4ms)
 DELETE /api/tasks/81473f6f-438f-46e1-b4d7-fe5b4daf94ef 200 in 9ms (compile: 5ms, render: 4ms)
 DELETE /api/tasks/577c545f-e09b-43c9-9ddf-d1215aeaa201 200 in 5ms (compile: 1422µs, render: 3ms)
 POST /api/tasks 201 in 5ms (compile: 1270µs, render: 4ms)
 POST /api/tasks 201 in 4ms (compile: 1151µs, render: 3ms)
 GET /api/tasks 200 in 6ms (compile: 2ms, render: 4ms)
 DELETE /api/tasks/bcc68afe-5679-459c-bbfe-77270d58bd37 200 in 9ms (compile: 5ms, render: 4ms)
 DELETE /api/tasks/a5eb29a7-2212-42e1-bd04-bc2bcbb93f29 200 in 5ms (compile: 1828µs, render: 3ms)
 POST /api/tasks 201 in 5ms (compile: 1218µs, render: 4ms)
 POST /api/tasks 201 in 4ms (compile: 1020µs, render: 3ms)
 GET /api/tasks 200 in 6ms (compile: 2ms, render: 4ms)
 DELETE /api/tasks/f90fd783-5100-4906-8b9d-5927c1ca1bf1 200 in 11ms (compile: 6ms, render: 5ms)
 DELETE /api/tasks/3cd1cb57-fcc4-4317-8289-c503a457faae 200 in 5ms (compile: 1471µs, render: 3ms)
 POST /api/tasks 201 in 6ms (compile: 1530µs, render: 4ms)
 POST /api/tasks 201 in 3ms (compile: 1076µs, render: 2ms)
 GET /api/tasks 200 in 6ms (compile: 2ms, render: 4ms)
 DELETE /api/tasks/c9f368cf-cf64-4c3b-972e-30602aaed2fd 200 in 9ms (compile: 5ms, render: 4ms)
 DELETE /api/tasks/6acae9c2-3a62-4efb-8216-49d9c92687d2 200 in 5ms (compile: 1422µs, render: 3ms)
 POST /api/tasks 201 in 5ms (compile: 1233µs, render: 4ms)
 POST /api/tasks 201 in 4ms (compile: 1161µs, render: 3ms)
 GET /api/tasks 200 in 6ms (compile: 2ms, render: 4ms)
 DELETE /api/tasks/00c7a922-3be8-45f5-abe3-5e873390b6f0 200 in 9ms (compile: 4ms, render: 5ms)
 DELETE /api/tasks/50471ec0-77e2-4633-8f7e-acd154b075e3 200 in 5ms (compile: 1547µs, render: 4ms)
 POST /api/tasks 201 in 5ms (compile: 1351µs, render: 4ms)
 POST /api/tasks 201 in 4ms (compile: 1156µs, render: 3ms)
 GET /api/tasks 200 in 6ms (compile: 2ms, render: 4ms)
 DELETE /api/tasks/cf1e2c6a-38ff-4e08-adb8-63dc7eead822 200 in 9ms (compile: 4ms, render: 4ms)
 DELETE /api/tasks/215569fe-e825-4a89-8fc2-22997e9ca40e 200 in 4ms (compile: 1510µs, render: 3ms)
 POST /api/tasks 201 in 3ms (compile: 741µs, render: 2ms)
 POST /api/tasks 201 in 2ms (compile: 596µs, render: 1581µs)
 GET /api/tasks 200 in 6ms (compile: 3ms, render: 4ms)
 DELETE /api/tasks/2d4fe256-2f98-4188-bd70-bfaff6d952cd 200 in 9ms (compile: 5ms, render: 4ms)
 DELETE /api/tasks/540a454d-8f51-4b8b-b82b-e4428a144290 200 in 5ms (compile: 1515µs, render: 3ms)
 POST /api/tasks 201 in 5ms (compile: 1314µs, render: 4ms)
 POST /api/tasks 201 in 4ms (compile: 1195µs, render: 3ms)
 GET /api/tasks 200 in 6ms (compile: 2ms, render: 4ms)
 DELETE /api/tasks/43e41804-04d2-4b5a-9bd3-21d32fe110a7 200 in 11ms (compile: 6ms, render: 5ms)
 DELETE /api/tasks/d1922e8d-a0d6-4296-a837-6f00ece30e5b 200 in 5ms (compile: 1484µs, render: 4ms)
 POST /api/tasks 201 in 6ms (compile: 1468µs, render: 4ms)
 POST /api/tasks 201 in 5ms (compile: 1374µs, render: 3ms)
 GET /api/tasks 200 in 6ms (compile: 2ms, render: 4ms)
 DELETE /api/tasks/1ce84429-f9f7-42a0-9742-8ae49f6bbb07 200 in 10ms (compile: 5ms, render: 5ms)
 DELETE /api/tasks/3e87f924-f4b5-44c5-aea2-c4cad3416c6e 200 in 5ms (compile: 1447µs, render: 3ms)
 POST /api/tasks 201 in 6ms (compile: 1630µs, render: 4ms)
 POST /api/tasks 201 in 5ms (compile: 1261µs, render: 3ms)
 GET /api/tasks 200 in 6ms (compile: 2ms, render: 4ms)
 DELETE /api/tasks/97e98641-46bf-466c-85fc-ce4d12b17cf1 200 in 10ms (compile: 5ms, render: 5ms)
 DELETE /api/tasks/4075ba4e-4eee-4768-b15b-588434e10983 200 in 5ms (compile: 1498µs, render: 4ms)
 POST /api/tasks 201 in 6ms (compile: 1382µs, render: 4ms)
 POST /api/tasks 201 in 4ms (compile: 1204µs, render: 3ms)
 GET /api/tasks 200 in 6ms (compile: 2ms, render: 4ms)
 DELETE /api/tasks/70fec173-39ce-49b9-afe6-eae9cba23ffc 200 in 10ms (compile: 6ms, render: 5ms)
 DELETE /api/tasks/26a3f622-147a-4830-a033-f38fd638831f 200 in 6ms (compile: 1352µs, render: 4ms)
 POST /api/tasks 201 in 5ms (compile: 1249µs, render: 3ms)
 POST /api/tasks 201 in 4ms (compile: 1141µs, render: 3ms)
 GET /api/tasks 200 in 6ms (compile: 2ms, render: 4ms)
 DELETE /api/tasks/fceb3628-6396-48b9-bbb0-619eb1bea7d4 200 in 10ms (compile: 5ms, render: 4ms)
 DELETE /api/tasks/90134099-a338-4fa3-bfbb-fb45522e1c6b 200 in 5ms (compile: 1591µs, render: 4ms)
 POST /api/tasks 201 in 5ms (compile: 1235µs, render: 3ms)
 POST /api/tasks 201 in 3ms (compile: 780µs, render: 2ms)
 GET /api/tasks 200 in 6ms (compile: 2ms, render: 4ms)
 DELETE /api/tasks/c8d70f44-8393-4370-b3be-220e011b9256 200 in 10ms (compile: 5ms, render: 5ms)
 DELETE /api/tasks/ba20f6c2-9858-47b8-b093-949ec99e819c 200 in 5ms (compile: 1484µs, render: 4ms)
 POST /api/tasks 201 in 6ms (compile: 1532µs, render: 4ms)
 POST /api/tasks 201 in 4ms (compile: 1129µs, render: 3ms)
 GET /api/tasks 200 in 7ms (compile: 2ms, render: 5ms)
 DELETE /api/tasks/112c2e6a-3068-4ac7-946a-748fac78ef08 200 in 10ms (compile: 5ms, render: 5ms)
 DELETE /api/tasks/aefde7cf-e0e3-4e10-bb30-ee5f4c327789 200 in 5ms (compile: 1348µs, render: 4ms)
 POST /api/tasks 201 in 5ms (compile: 1614µs, render: 3ms)
 POST /api/tasks 201 in 2ms (compile: 666µs, render: 1747µs)
 GET /api/tasks 200 in 4ms (compile: 1346µs, render: 2ms)
 DELETE /api/tasks/1f424408-b59e-4fd3-8ed8-e836796e2138 200 in 5ms (compile: 2ms, render: 3ms)
 DELETE /api/tasks/53e1b5e5-35fb-4f04-9409-ce91c0f7b319 200 in 3ms (compile: 857µs, render: 2ms)
 POST /api/tasks 201 in 3ms (compile: 887µs, render: 3ms)
 POST /api/tasks 201 in 4ms (compile: 889µs, render: 3ms)
 GET /api/tasks 200 in 6ms (compile: 2ms, render: 4ms)
 DELETE /api/tasks/ad3b5366-bcee-4339-b6e4-6484f4ad10d9 200 in 10ms (compile: 6ms, render: 4ms)
 DELETE /api/tasks/5dd070c2-09cb-4f14-b7d5-64cfd276ce54 200 in 5ms (compile: 1426µs, render: 4ms)
 POST /api/tasks 201 in 5ms (compile: 1325µs, render: 3ms)
 POST /api/tasks 201 in 3ms (compile: 763µs, render: 2ms)
 GET /api/tasks 200 in 6ms (compile: 2ms, render: 4ms)
 DELETE /api/tasks/3f1b6755-de34-4052-9a8d-231196f4af82 200 in 10ms (compile: 5ms, render: 5ms)
 DELETE /api/tasks/07230ec0-1cf1-4344-b8ce-b97c66372750 200 in 5ms (compile: 1486µs, render: 4ms)
 POST /api/tasks 201 in 5ms (compile: 1209µs, render: 4ms)
 POST /api/tasks 201 in 4ms (compile: 908µs, render: 3ms)
 GET /api/tasks 200 in 6ms (compile: 2ms, render: 4ms)
 DELETE /api/tasks/44c60787-0469-4d1a-b2d4-ee050b05ff6c 200 in 10ms (compile: 5ms, render: 4ms)
 DELETE /api/tasks/e000b84c-1938-4c8b-8692-ddeb1f031534 200 in 5ms (compile: 1463µs, render: 3ms)
 POST /api/tasks 201 in 5ms (compile: 1250µs, render: 4ms)
 POST /api/tasks 201 in 4ms (compile: 1180µs, render: 3ms)
 GET /api/tasks 200 in 6ms (compile: 2ms, render: 4ms)
 DELETE /api/tasks/f400f902-04fb-41ff-b5ec-5f9aff3af170 200 in 11ms (compile: 6ms, render: 5ms)
 DELETE /api/tasks/35a91419-cecd-4467-b154-3348e50e98a7 200 in 6ms (compile: 1690µs, render: 4ms)
 POST /api/tasks 201 in 6ms (compile: 1778µs, render: 4ms)
 POST /api/tasks 201 in 4ms (compile: 1107µs, render: 3ms)
 GET /api/tasks 200 in 6ms (compile: 2ms, render: 4ms)
 DELETE /api/tasks/e1f4876c-ee50-4756-ae3e-6dc918ff70d2 200 in 9ms (compile: 5ms, render: 4ms)
 DELETE /api/tasks/a266502d-7a2b-40d9-977f-ece87942491e 200 in 5ms (compile: 1417µs, render: 4ms)
 POST /api/tasks 201 in 5ms (compile: 1492µs, render: 4ms)
 POST /api/tasks 201 in 4ms (compile: 853µs, render: 3ms)
 GET /api/tasks 200 in 13ms (compile: 10ms, render: 4ms)
 DELETE /api/tasks/2c433f46-4b0c-4fa9-ac0a-360df41fe4aa 200 in 9ms (compile: 4ms, render: 5ms)
 DELETE /api/tasks/51d14e84-003e-4290-bf5e-be2074015204 200 in 4ms (compile: 1250µs, render: 3ms)
 POST /api/tasks 201 in 10ms (compile: 5ms, render: 5ms)
 POST /api/tasks 201 in 14ms (compile: 4ms, render: 10ms)
 GET /api/tasks 200 in 7ms (compile: 2ms, render: 5ms)
 DELETE /api/tasks/5fc3981a-a581-4c80-b955-98e8c667a91a 200 in 11ms (compile: 6ms, render: 5ms)
 DELETE /api/tasks/a80ca1d2-e5dc-4e07-bc00-41f6a4bed1e2 200 in 5ms (compile: 1613µs, render: 4ms)
 POST /api/tasks 201 in 4ms (compile: 1205µs, render: 3ms)
 POST /api/tasks 201 in 3ms (compile: 717µs, render: 2ms)
 GET /api/tasks 200 in 7ms (compile: 2ms, render: 4ms)
 DELETE /api/tasks/4dc80f8f-8483-4c50-964d-f837e2bd539d 200 in 11ms (compile: 6ms, render: 5ms)
 DELETE /api/tasks/8437ec40-fb29-4fda-bc6f-160ff37e6b66 200 in 6ms (compile: 1506µs, render: 4ms)
 POST /api/tasks 201 in 5ms (compile: 1913µs, render: 3ms)
 POST /api/tasks 201 in 3ms (compile: 797µs, render: 2ms)
 GET /api/tasks 200 in 6ms (compile: 2ms, render: 4ms)
 DELETE /api/tasks/ef1061f7-3c68-41d9-a552-d3175d99ff06 200 in 9ms (compile: 5ms, render: 5ms)
 DELETE /api/tasks/57b42d46-9dfb-499f-aa18-3631feffb29b 200 in 6ms (compile: 1896µs, render: 4ms)
 POST /api/tasks 201 in 5ms (compile: 1211µs, render: 3ms)
 POST /api/tasks 201 in 4ms (compile: 1051µs, render: 3ms)
 GET /api/tasks 200 in 6ms (compile: 2ms, render: 4ms)
 DELETE /api/tasks/37de69c7-4b14-4294-ac8a-a10164b1d031 200 in 9ms (compile: 5ms, render: 4ms)
 DELETE /api/tasks/a5fc2ec6-ff25-4ec3-b588-bd8ccebe1392 200 in 5ms (compile: 1241µs, render: 4ms)
 POST /api/tasks 201 in 4ms (compile: 1647µs, render: 3ms)
 POST /api/tasks 201 in 3ms (compile: 886µs, render: 3ms)
 GET /api/tasks 200 in 7ms (compile: 2ms, render: 5ms)
 DELETE /api/tasks/2a89fd84-b349-4452-9b84-8c1f200c8107 200 in 11ms (compile: 6ms, render: 5ms)
 DELETE /api/tasks/374b1ef8-0b75-4513-be8b-0f53e34d8ba7 200 in 6ms (compile: 2ms, render: 4ms)
 POST /api/tasks 201 in 6ms (compile: 1813µs, render: 4ms)
 POST /api/tasks 201 in 3ms (compile: 637µs, render: 1937µs)
 GET /api/tasks 200 in 6ms (compile: 2ms, render: 4ms)
 DELETE /api/tasks/3f6cb058-d6d8-4115-9307-2d12a59c67e1 200 in 9ms (compile: 5ms, render: 4ms)
 DELETE /api/tasks/adb81c1d-5bd1-49e4-86e4-8c267d3ef5a3 200 in 5ms (compile: 1449µs, render: 4ms)
 POST /api/tasks 201 in 5ms (compile: 1562µs, render: 4ms)
 POST /api/tasks 201 in 4ms (compile: 1129µs, render: 3ms)
 GET /api/tasks 200 in 6ms (compile: 2ms, render: 4ms)
 DELETE /api/tasks/4b3ebac0-07d0-4ac0-b823-d8ca9b9d5797 200 in 10ms (compile: 5ms, render: 5ms)
 DELETE /api/tasks/44560d6e-431d-421c-9c77-83b5d2f5d29d 200 in 5ms (compile: 1500µs, render: 4ms)
 POST /api/tasks 201 in 6ms (compile: 1570µs, render: 4ms)
 POST /api/tasks 201 in 4ms (compile: 1278µs, render: 3ms)
 GET /api/tasks 200 in 6ms (compile: 2ms, render: 4ms)
 DELETE /api/tasks/85e36d23-9211-4e9b-8e26-f0285f2ad70c 200 in 9ms (compile: 5ms, render: 4ms)
 DELETE /api/tasks/e5d7389b-68ad-4c48-8a43-9c26fa6825cf 200 in 5ms (compile: 1465µs, render: 3ms)
 POST /api/tasks 201 in 5ms (compile: 1479µs, render: 3ms)
 POST /api/tasks 201 in 3ms (compile: 839µs, render: 2ms)
 GET /api/tasks 200 in 6ms (compile: 2ms, render: 4ms)
 DELETE /api/tasks/b84901fe-a3e3-44fb-afe9-097fb89f2026 200 in 10ms (compile: 5ms, render: 5ms)
 DELETE /api/tasks/30c30a47-b9f2-4f43-9b2d-db9425d07d8a 200 in 5ms (compile: 1672µs, render: 4ms)
 POST /api/tasks 201 in 6ms (compile: 1379µs, render: 4ms)
 POST /api/tasks 201 in 4ms (compile: 1096µs, render: 3ms)
 GET /api/tasks 200 in 6ms (compile: 2ms, render: 4ms)
 DELETE /api/tasks/8e5d7419-2443-4a60-b1cc-d4d787e580f4 200 in 8ms (compile: 4ms, render: 5ms)
 DELETE /api/tasks/e9140172-b9c4-45de-a887-537dae975895 200 in 6ms (compile: 1820µs, render: 4ms)
 POST /api/tasks 201 in 7ms (compile: 1774µs, render: 5ms)
 POST /api/tasks 201 in 5ms (compile: 1357µs, render: 3ms)
 GET /api/tasks 200 in 7ms (compile: 2ms, render: 4ms)
 DELETE /api/tasks/3b99d449-8e60-4079-8e2b-6171e638b2e7 200 in 10ms (compile: 5ms, render: 5ms)
 DELETE /api/tasks/1a4297d5-e4b7-4869-b6b5-5e33fd24b2a6 200 in 5ms (compile: 1608µs, render: 4ms)
 POST /api/tasks 201 in 4ms (compile: 1327µs, render: 3ms)
 POST /api/tasks 201 in 3ms (compile: 751µs, render: 2ms)
 GET /api/tasks 200 in 6ms (compile: 2ms, render: 4ms)
 DELETE /api/tasks/99fb9ae4-8b20-42f1-915d-a098d5ca3582 200 in 9ms (compile: 5ms, render: 5ms)
 DELETE /api/tasks/ea966f7d-65bf-4842-964d-611a12a3ed7a 200 in 6ms (compile: 1446µs, render: 4ms)
 POST /api/tasks 201 in 6ms (compile: 2ms, render: 4ms)
 POST /api/tasks 201 in 3ms (compile: 898µs, render: 3ms)
 GET /api/tasks 200 in 4ms (compile: 1857µs, render: 3ms)
 DELETE /api/tasks/f5e84f09-8935-4abb-8dc5-0b6e60f0c64e 200 in 9ms (compile: 4ms, render: 5ms)
 DELETE /api/tasks/a02c2dfc-71b0-44ee-8d77-e81a68a17c18 200 in 5ms (compile: 1093µs, render: 4ms)
 POST /api/tasks 201 in 5ms (compile: 1163µs, render: 4ms)
 POST /api/tasks 201 in 3ms (compile: 765µs, render: 3ms)
 GET /api/tasks 200 in 6ms (compile: 2ms, render: 4ms)
 DELETE /api/tasks/7a40f2ad-acdc-467c-b7fe-3f0b50c286b6 200 in 10ms (compile: 5ms, render: 5ms)
 DELETE /api/tasks/8399081e-400a-4c50-97ae-c16b8f354093 200 in 6ms (compile: 1669µs, render: 5ms)
 POST /api/tasks 201 in 5ms (compile: 1445µs, render: 4ms)
 POST /api/tasks 201 in 3ms (compile: 796µs, render: 2ms)
 GET /api/tasks 200 in 6ms (compile: 2ms, render: 4ms)
 DELETE /api/tasks/3216900e-2a09-4192-a2b6-89cee5de6507 200 in 10ms (compile: 5ms, render: 5ms)
 DELETE /api/tasks/3174e40a-5e1d-4d1b-ae6a-5ac7e1ffa12d 200 in 5ms (compile: 1604µs, render: 4ms)
 POST /api/tasks 201 in 6ms (compile: 1356µs, render: 4ms)
 POST /api/tasks 201 in 4ms (compile: 1174µs, render: 3ms)
 GET /api/tasks 200 in 6ms (compile: 2ms, render: 4ms)
 DELETE /api/tasks/72d6cb23-2a56-4a1b-8a87-b28bfbf23383 200 in 9ms (compile: 5ms, render: 4ms)
 DELETE /api/tasks/4ac0c6e4-73a3-4008-81a9-9de7ffedd57b 200 in 5ms (compile: 1464µs, render: 3ms)
 POST /api/tasks 201 in 6ms (compile: 1932µs, render: 4ms)
 POST /api/tasks 201 in 4ms (compile: 1048µs, render: 3ms)
 GET /api/tasks 200 in 7ms (compile: 2ms, render: 4ms)
 DELETE /api/tasks/3ac48fc8-b45f-421a-ac83-34dfa0d918e3 200 in 9ms (compile: 5ms, render: 5ms)
 DELETE /api/tasks/8a294179-9e64-47aa-9480-a674957fceee 200 in 5ms (compile: 1447µs, render: 4ms)
 POST /api/tasks 201 in 5ms (compile: 1213µs, render: 4ms)
 POST /api/tasks 201 in 4ms (compile: 1038µs, render: 3ms)
 GET /api/tasks 200 in 6ms (compile: 2ms, render: 4ms)
 DELETE /api/tasks/ff170bd6-08ab-42e1-b685-9f2d87365bd5 200 in 10ms (compile: 5ms, render: 5ms)
 DELETE /api/tasks/d762b362-ecc3-4b4e-932c-3348fddea835 200 in 5ms (compile: 1461µs, render: 4ms)
 POST /api/tasks 201 in 6ms (compile: 1392µs, render: 4ms)
 POST /api/tasks 201 in 4ms (compile: 891µs, render: 3ms)
 GET /api/tasks 200 in 6ms (compile: 2ms, render: 4ms)
 DELETE /api/tasks/62ac95bd-bdda-4ee6-9100-e967d4c6cbd3 200 in 9ms (compile: 5ms, render: 5ms)
 DELETE /api/tasks/2466d88f-0891-41d5-b1c6-2dc2cafc4f25 200 in 5ms (compile: 1424µs, render: 4ms)
 POST /api/tasks 201 in 5ms (compile: 1380µs, render: 4ms)
 POST /api/tasks 201 in 3ms (compile: 914µs, render: 2ms)
 GET /api/tasks 200 in 6ms (compile: 2ms, render: 4ms)
 DELETE /api/tasks/41d8931c-0a62-497e-9f99-f8bdb3417730 200 in 10ms (compile: 5ms, render: 5ms)
 DELETE /api/tasks/a0448180-34ed-4297-a443-6cfd0fb09966 200 in 5ms (compile: 1454µs, render: 4ms)
 POST /api/tasks 201 in 5ms (compile: 1372µs, render: 4ms)
 POST /api/tasks 201 in 4ms (compile: 1229µs, render: 3ms)
 GET /api/tasks 200 in 6ms (compile: 2ms, render: 4ms)
 DELETE /api/tasks/f8dee0bf-59e3-4b79-ad7c-41cb12ed5b2b 200 in 10ms (compile: 5ms, render: 5ms)
 DELETE /api/tasks/50f06837-43e8-4466-96e8-dc1a6478767b 200 in 5ms (compile: 1483µs, render: 4ms)
 POST /api/tasks 201 in 6ms (compile: 1601µs, render: 4ms)
 POST /api/tasks 201 in 4ms (compile: 1084µs, render: 3ms)
 GET /api/tasks 200 in 6ms (compile: 2ms, render: 4ms)
 DELETE /api/tasks/424455af-6973-470c-bbc7-dfcbe8a9554a 200 in 9ms (compile: 4ms, render: 5ms)
 DELETE /api/tasks/466a8355-7d0c-4b41-b8de-e43fbfe48a0c 200 in 5ms (compile: 1287µs, render: 4ms)
 POST /api/tasks 201 in 6ms (compile: 1636µs, render: 4ms)
 POST /api/tasks 201 in 4ms (compile: 1079µs, render: 3ms)
 GET /api/tasks 200 in 7ms (compile: 2ms, render: 4ms)
 DELETE /api/tasks/48778647-1fca-44ba-9347-3990ccf714cb 200 in 9ms (compile: 5ms, render: 5ms)
 DELETE /api/tasks/e406a068-157c-4d3b-b6d6-633596073d8e 200 in 5ms (compile: 1385µs, render: 3ms)
 POST /api/tasks 201 in 5ms (compile: 1237µs, render: 3ms)
 POST /api/tasks 201 in 2ms (compile: 446µs, render: 1896µs)
 GET /api/tasks 200 in 6ms (compile: 2ms, render: 4ms)
 DELETE /api/tasks/d4a20ca2-0ee1-464b-b6be-2a392a41a640 200 in 10ms (compile: 5ms, render: 5ms)
 DELETE /api/tasks/873cf6fa-1c10-407a-ac43-644065780298 200 in 5ms (compile: 1406µs, render: 3ms)
 POST /api/tasks 201 in 6ms (compile: 1654µs, render: 4ms)
 POST /api/tasks 201 in 4ms (compile: 984µs, render: 3ms)
 GET /api/tasks 200 in 6ms (compile: 2ms, render: 4ms)
 DELETE /api/tasks/4bfdf96e-9d6b-4943-aa60-0885e88a06c6 200 in 10ms (compile: 5ms, render: 5ms)
 DELETE /api/tasks/c89ee067-0eb5-4259-aa2e-3cf2eebbabe4 200 in 5ms (compile: 1398µs, render: 4ms)
 POST /api/tasks 201 in 6ms (compile: 1434µs, render: 4ms)
 POST /api/tasks 201 in 4ms (compile: 1097µs, render: 3ms)
 GET /api/tasks 200 in 6ms (compile: 2ms, render: 4ms)
 DELETE /api/tasks/50805b3f-c016-4135-9a01-4d00dd592715 200 in 9ms (compile: 5ms, render: 4ms)
 DELETE /api/tasks/65061536-94f8-4948-b939-b51c6938ba80 200 in 5ms (compile: 1382µs, render: 3ms)
 POST /api/tasks 201 in 5ms (compile: 1505µs, render: 4ms)
 POST /api/tasks 201 in 4ms (compile: 1072µs, render: 3ms)
 GET /api/tasks 200 in 6ms (compile: 2ms, render: 4ms)
 DELETE /api/tasks/47c7b596-14bc-4d46-ac2e-9b7678d30632 200 in 9ms (compile: 5ms, render: 5ms)
 DELETE /api/tasks/27e8eb82-1daf-4c05-a387-22549ad190fb 200 in 5ms (compile: 1572µs, render: 4ms)
 POST /api/tasks 201 in 5ms (compile: 1265µs, render: 4ms)
 POST /api/tasks 201 in 4ms (compile: 1091µs, render: 2ms)
 GET /api/tasks 200 in 6ms (compile: 2ms, render: 4ms)
 DELETE /api/tasks/f9aa4abe-d26b-430a-ae4c-e72fe80f95f2 200 in 10ms (compile: 5ms, render: 5ms)
 DELETE /api/tasks/aa8d8092-5909-4a32-86b8-1855718f5e97 200 in 5ms (compile: 1574µs, render: 4ms)
 POST /api/tasks 201 in 5ms (compile: 1557µs, render: 4ms)
 POST /api/tasks 201 in 4ms (compile: 1144µs, render: 3ms)
 GET /api/tasks 200 in 7ms (compile: 2ms, render: 4ms)
 DELETE /api/tasks/065e88c7-d369-47a9-a5c1-297aaf20bf8f 200 in 9ms (compile: 5ms, render: 5ms)
 DELETE /api/tasks/40714877-86c7-44c1-a396-5f90decdbc0d 200 in 5ms (compile: 1448µs, render: 4ms)
 POST /api/tasks 201 in 4ms (compile: 1017µs, render: 3ms)
 POST /api/tasks 201 in 3ms (compile: 544µs, render: 2ms)
 GET /api/tasks 200 in 6ms (compile: 2ms, render: 4ms)
 DELETE /api/tasks/ba65b6cf-b9b1-4474-8d06-4874276297aa 200 in 11ms (compile: 5ms, render: 5ms)
 DELETE /api/tasks/4953a870-df83-4a2d-b36b-c4f86f97386d 200 in 6ms (compile: 1658µs, render: 4ms)
 POST /api/tasks 201 in 5ms (compile: 1662µs, render: 3ms)
 POST /api/tasks 201 in 3ms (compile: 856µs, render: 2ms)
 GET /api/tasks 200 in 5ms (compile: 2ms, render: 3ms)
 DELETE /api/tasks/7e87ae9f-0e93-4e5c-809d-1fae6f5d4e2a 200 in 10ms (compile: 5ms, render: 5ms)
 DELETE /api/tasks/5c678a2f-11fe-4deb-ba90-ab039c952032 200 in 5ms (compile: 1579µs, render: 4ms)
 POST /api/tasks 201 in 6ms (compile: 1576µs, render: 4ms)
 POST /api/tasks 201 in 3ms (compile: 1081µs, render: 2ms)
 GET /api/tasks 200 in 6ms (compile: 2ms, render: 4ms)
 DELETE /api/tasks/ac255878-31ef-45a9-b817-457146fedfd2 200 in 10ms (compile: 5ms, render: 5ms)
 DELETE /api/tasks/6f28445c-22be-4134-819d-11a0130a3716 200 in 5ms (compile: 1482µs, render: 4ms)
 POST /api/tasks 201 in 5ms (compile: 1238µs, render: 3ms)
 POST /api/tasks 201 in 4ms (compile: 933µs, render: 3ms)
 GET /api/tasks 200 in 6ms (compile: 2ms, render: 4ms)
 DELETE /api/tasks/1a776b1f-4be0-4298-8119-7c58d32978ee 200 in 9ms (compile: 5ms, render: 4ms)
 DELETE /api/tasks/3134a8e3-7fe3-4ffb-a803-89fb8ad6461f 200 in 5ms (compile: 1533µs, render: 3ms)
 POST /api/tasks 201 in 5ms (compile: 1291µs, render: 4ms)
 POST /api/tasks 201 in 4ms (compile: 1206µs, render: 3ms)
 GET /api/tasks 200 in 6ms (compile: 2ms, render: 4ms)
 DELETE /api/tasks/0e155e19-2b8c-4610-8937-f701f2c553e0 200 in 10ms (compile: 6ms, render: 5ms)
 DELETE /api/tasks/b5be826d-ffa5-45a6-ace1-507f33dca3aa 200 in 5ms (compile: 1520µs, render: 4ms)
 POST /api/tasks 201 in 5ms (compile: 1278µs, render: 4ms)
 POST /api/tasks 201 in 4ms (compile: 1146µs, render: 3ms)
 GET /api/tasks 200 in 6ms (compile: 2ms, render: 4ms)
 DELETE /api/tasks/f5585537-0511-4be4-8918-2cd422d8494e 200 in 12ms (compile: 5ms, render: 7ms)
 DELETE /api/tasks/1cb36cd5-b5c7-48fe-8d90-752b0368036d 200 in 3ms (compile: 1004µs, render: 2ms)
 POST /api/tasks 201 in 3ms (compile: 670µs, render: 2ms)
 POST /api/tasks 201 in 2ms (compile: 658µs, render: 1729µs)
 GET /api/tasks 200 in 6ms (compile: 2ms, render: 4ms)
 DELETE /api/tasks/66c38ba6-1662-4d65-92b3-f870dd92059e 200 in 9ms (compile: 5ms, render: 4ms)
 DELETE /api/tasks/1d8f72bd-14b2-4ee0-9f9d-45532ccad7c6 200 in 5ms (compile: 1366µs, render: 3ms)
 POST /api/tasks 201 in 5ms (compile: 1259µs, render: 4ms)
 POST /api/tasks 201 in 4ms (compile: 1297µs, render: 3ms)
 GET /api/tasks 200 in 6ms (compile: 2ms, render: 4ms)
 DELETE /api/tasks/e448802b-354a-4011-b932-c41a27229c70 200 in 10ms (compile: 6ms, render: 4ms)
 DELETE /api/tasks/f8f63c69-6e5e-4fbb-8684-380f409e42bd 200 in 6ms (compile: 1491µs, render: 4ms)
 POST /api/tasks 201 in 6ms (compile: 1470µs, render: 4ms)
 POST /api/tasks 201 in 4ms (compile: 1165µs, render: 3ms)
 GET /api/tasks 200 in 6ms (compile: 2ms, render: 4ms)
 DELETE /api/tasks/f5488589-fd4c-4c06-86d9-7190d146db87 200 in 10ms (compile: 5ms, render: 5ms)
 DELETE /api/tasks/5424db2f-4e55-40a9-a720-35d1e8b09591 200 in 5ms (compile: 1487µs, render: 4ms)
 POST /api/tasks 201 in 5ms (compile: 1330µs, render: 4ms)
 POST /api/tasks 201 in 4ms (compile: 1179µs, render: 3ms)
 GET /api/tasks 200 in 6ms (compile: 2ms, render: 4ms)
 DELETE /api/tasks/eabcf350-3e01-415e-a74b-4b63d36abb9f 200 in 10ms (compile: 6ms, render: 5ms)
 DELETE /api/tasks/e1816d1a-52fa-4a05-92ee-0f066ca2e4ff 200 in 5ms (compile: 1536µs, render: 4ms)
 POST /api/tasks 201 in 6ms (compile: 1401µs, render: 4ms)
 POST /api/tasks 201 in 4ms (compile: 1096µs, render: 3ms)
 GET /api/tasks 200 in 6ms (compile: 2ms, render: 4ms)
 DELETE /api/tasks/752dbdda-b2e8-4541-9772-0d533ecd4222 200 in 10ms (compile: 5ms, render: 5ms)
 DELETE /api/tasks/b564ae3d-a3c7-42f0-9afd-4fb46d4827c6 200 in 5ms (compile: 1489µs, render: 3ms)
 POST /api/tasks 201 in 5ms (compile: 1268µs, render: 4ms)
 POST /api/tasks 201 in 4ms (compile: 1032µs, render: 3ms)
 GET /api/tasks 200 in 6ms (compile: 2ms, render: 4ms)
 DELETE /api/tasks/9b9ec639-69b6-420e-9b9a-dc7f73ebde12 200 in 9ms (compile: 4ms, render: 5ms)
 DELETE /api/tasks/c18d0c97-3774-4211-9399-51cd608400e1 200 in 6ms (compile: 1670µs, render: 4ms)
 POST /api/tasks 201 in 5ms (compile: 1987µs, render: 3ms)
 POST /api/tasks 201 in 4ms (compile: 960µs, render: 3ms)
 GET /api/tasks 200 in 6ms (compile: 2ms, render: 4ms)
 DELETE /api/tasks/391b93e5-c3c9-4a90-a711-0e5c1acceb2e 200 in 10ms (compile: 5ms, render: 5ms)
 DELETE /api/tasks/5488e101-712e-40e9-bc36-05ad72433b51 200 in 5ms (compile: 1485µs, render: 4ms)
 POST /api/tasks 201 in 6ms (compile: 1215µs, render: 4ms)
 POST /api/tasks 201 in 3ms (compile: 831µs, render: 2ms)
 GET /api/tasks 200 in 5ms (compile: 1475µs, render: 3ms)
 DELETE /api/tasks/e75832c6-00ca-4107-a94b-0745d3978e16 200 in 9ms (compile: 4ms, render: 5ms)
 DELETE /api/tasks/d0f64d1c-fcf1-423e-9c4e-613514c3dd63 200 in 5ms (compile: 1425µs, render: 4ms)
 POST /api/tasks 201 in 5ms (compile: 929µs, render: 4ms)
 POST /api/tasks 201 in 3ms (compile: 768µs, render: 2ms)
 GET /api/tasks 200 in 6ms (compile: 2ms, render: 4ms)
 DELETE /api/tasks/90e6ab22-1dde-4c73-979b-b4a63d6ab688 200 in 10ms (compile: 5ms, render: 5ms)
 DELETE /api/tasks/03ee8d88-e667-43c4-a191-099d462c843d 200 in 6ms (compile: 1650µs, render: 4ms)
 POST /api/tasks 201 in 6ms (compile: 1656µs, render: 4ms)
 POST /api/tasks 201 in 4ms (compile: 951µs, render: 3ms)
 GET /api/tasks 200 in 6ms (compile: 2ms, render: 4ms)
 DELETE /api/tasks/24283b9e-3d5d-4217-aef1-9a2edd689d89 200 in 9ms (compile: 5ms, render: 4ms)
 DELETE /api/tasks/f3a98610-5285-4455-8d70-8cfc48dd5709 200 in 6ms (compile: 1578µs, render: 4ms)
 POST /api/tasks 201 in 5ms (compile: 1687µs, render: 4ms)
 POST /api/tasks 201 in 4ms (compile: 1091µs, render: 3ms)
 GET /api/tasks 200 in 6ms (compile: 2ms, render: 4ms)
 DELETE /api/tasks/23151afa-ed00-4f1b-8f7f-3ac323f98865 200 in 10ms (compile: 5ms, render: 5ms)
 DELETE /api/tasks/ce79388c-0406-41dd-a954-3ed191bca398 200 in 5ms (compile: 1558µs, render: 4ms)
 POST /api/tasks 201 in 5ms (compile: 1531µs, render: 4ms)
 POST /api/tasks 201 in 3ms (compile: 1040µs, render: 2ms)
 GET /api/tasks 200 in 6ms (compile: 2ms, render: 4ms)
 DELETE /api/tasks/f985fb78-219b-4fd5-880f-4ff4d84c2ab0 200 in 9ms (compile: 4ms, render: 4ms)
 DELETE /api/tasks/229ec76a-c635-42a0-a2c1-37071c03ce0c 200 in 5ms (compile: 1469µs, render: 3ms)
 POST /api/tasks 201 in 5ms (compile: 1301µs, render: 4ms)
 POST /api/tasks 201 in 3ms (compile: 1066µs, render: 2ms)
 GET /api/tasks 200 in 6ms (compile: 2ms, render: 4ms)
 DELETE /api/tasks/5d50d802-4cc7-4ea3-a69e-3d558ec7b2fe 200 in 12ms (compile: 6ms, render: 6ms)
 DELETE /api/tasks/d2a4b6b9-2fd9-4d00-a074-712d3a7a5273 200 in 3ms (compile: 956µs, render: 2ms)
 POST /api/tasks 201 in 3ms (compile: 691µs, render: 2ms)
 POST /api/tasks 201 in 2ms (compile: 614µs, render: 1662µs)
 GET /api/tasks 200 in 6ms (compile: 2ms, render: 4ms)
 DELETE /api/tasks/2a5d317c-a7d9-47e3-b618-c6c2556fda84 200 in 10ms (compile: 5ms, render: 5ms)
 DELETE /api/tasks/6ea43783-ddd1-4fc6-9c3d-c9e098022b88 200 in 5ms (compile: 1596µs, render: 4ms)
 POST /api/tasks 201 in 5ms (compile: 1411µs, render: 4ms)
 POST /api/tasks 201 in 4ms (compile: 1238µs, render: 3ms)
 GET /api/tasks 200 in 6ms (compile: 2ms, render: 4ms)
 DELETE /api/tasks/b4e7b3ae-dd6c-4dd5-be2f-faa9dfe95800 200 in 10ms (compile: 5ms, render: 5ms)
 DELETE /api/tasks/daeb6405-8dc0-4bcf-923d-0543bdcb23bc 200 in 5ms (compile: 1512µs, render: 4ms)
 POST /api/tasks 201 in 6ms (compile: 1319µs, render: 4ms)
 POST /api/tasks 201 in 4ms (compile: 897µs, render: 3ms)
 GET /api/tasks 200 in 4ms (compile: 1425µs, render: 3ms)
 DELETE /api/tasks/d1f811ca-1d62-43b5-b66d-ff5352a0cdd3 200 in 8ms (compile: 4ms, render: 4ms)
 DELETE /api/tasks/8dd6a83a-ac4f-4e2b-866b-5cd319a151b1 200 in 5ms (compile: 1606µs, render: 4ms)
 POST /api/tasks 201 in 5ms (compile: 1458µs, render: 4ms)
 POST /api/tasks 201 in 4ms (compile: 1494µs, render: 3ms)
 GET /api/tasks 200 in 6ms (compile: 2ms, render: 4ms)
 DELETE /api/tasks/0e80b557-2803-491b-8013-748ff5974d74 200 in 10ms (compile: 5ms, render: 5ms)
 DELETE /api/tasks/2cc437a7-0b59-4151-b832-9c46f16d85a0 200 in 5ms (compile: 1639µs, render: 4ms)
 POST /api/tasks 201 in 5ms (compile: 1506µs, render: 3ms)
 POST /api/tasks 201 in 3ms (compile: 960µs, render: 2ms)
 GET /api/tasks 200 in 6ms (compile: 2ms, render: 4ms)
 DELETE /api/tasks/ad5a00fc-0d84-49e1-bd29-3f57458541f4 200 in 10ms (compile: 5ms, render: 5ms)
 DELETE /api/tasks/d2f1a513-35aa-4a0f-b8b8-f0df48a3f06d 200 in 5ms (compile: 1576µs, render: 4ms)
 POST /api/tasks 201 in 5ms (compile: 1602µs, render: 3ms)
 POST /api/tasks 201 in 3ms (compile: 694µs, render: 3ms)
 GET /api/tasks 200 in 6ms (compile: 2ms, render: 4ms)
 DELETE /api/tasks/89eb6115-eb6c-4729-ae35-f76d2b2a0dde 200 in 9ms (compile: 4ms, render: 4ms)
 DELETE /api/tasks/1d919f11-f7b9-4b06-92d0-6ca4fd59bff7 200 in 5ms (compile: 1375µs, render: 3ms)
 POST /api/tasks 201 in 5ms (compile: 1652µs, render: 3ms)
 POST /api/tasks 201 in 4ms (compile: 976µs, render: 3ms)
 GET /api/tasks 200 in 6ms (compile: 2ms, render: 4ms)
 DELETE /api/tasks/ca21c0a4-151f-4dab-8daf-43c5eb9bc80d 200 in 9ms (compile: 5ms, render: 5ms)
 DELETE /api/tasks/edbb7e8f-c50a-4fad-b501-a3f4f78e7817 200 in 5ms (compile: 1368µs, render: 3ms)
 POST /api/tasks 201 in 5ms (compile: 1267µs, render: 4ms)
 POST /api/tasks 201 in 3ms (compile: 1044µs, render: 2ms)
 GET /api/tasks 200 in 6ms (compile: 2ms, render: 4ms)
 DELETE /api/tasks/696ee55e-ad38-40ea-b354-d813b72719e9 200 in 10ms (compile: 5ms, render: 5ms)
 DELETE /api/tasks/6ac1e403-f771-426b-a35d-1dc727a4c9c9 200 in 5ms (compile: 1477µs, render: 3ms)
 POST /api/tasks 201 in 5ms (compile: 1264µs, render: 4ms)
 POST /api/tasks 201 in 4ms (compile: 1166µs, render: 3ms)
 GET /api/tasks 200 in 6ms (compile: 2ms, render: 4ms)
 DELETE /api/tasks/27eef5ae-9c84-465f-b0ca-48f3f3575379 200 in 9ms (compile: 5ms, render: 4ms)
 DELETE /api/tasks/6711ce20-802a-4a91-b125-31216f9dd83f 200 in 5ms (compile: 1489µs, render: 3ms)
 POST /api/tasks 201 in 5ms (compile: 1215µs, render: 4ms)
 POST /api/tasks 201 in 4ms (compile: 1071µs, render: 3ms)
 GET /api/tasks 200 in 6ms (compile: 2ms, render: 4ms)
 DELETE /api/tasks/874a809f-7dfe-4880-bfd9-85981c5f26a7 200 in 10ms (compile: 5ms, render: 5ms)
 DELETE /api/tasks/11af56b6-c70a-4c8e-ad96-252f5287351e 200 in 5ms (compile: 1483µs, render: 4ms)
 POST /api/tasks 201 in 6ms (compile: 1307µs, render: 4ms)
 POST /api/tasks 201 in 4ms (compile: 1222µs, render: 3ms)
 GET /api/tasks 200 in 6ms (compile: 2ms, render: 4ms)
 DELETE /api/tasks/21825a44-65c3-4e3e-bcc3-0706ab821b50 200 in 9ms (compile: 5ms, render: 4ms)
 DELETE /api/tasks/b30236bc-2013-4103-b0b5-18f0f6448d31 200 in 6ms (compile: 1646µs, render: 4ms)
 POST /api/tasks 201 in 5ms (compile: 1673µs, render: 4ms)
 POST /api/tasks 201 in 4ms (compile: 1023µs, render: 3ms)
 GET /api/tasks 200 in 6ms (compile: 2ms, render: 4ms)
 DELETE /api/tasks/e2ec123e-2f20-4acd-8818-59c6b0fcd93a 200 in 10ms (compile: 5ms, render: 5ms)
 DELETE /api/tasks/cfc9d67f-bf28-4360-98e1-d0752c8e6864 200 in 5ms (compile: 1532µs, render: 4ms)
 POST /api/tasks 201 in 6ms (compile: 1445µs, render: 4ms)
 POST /api/tasks 201 in 4ms (compile: 1277µs, render: 3ms)
 GET /api/tasks 200 in 6ms (compile: 2ms, render: 4ms)
 DELETE /api/tasks/27c87740-62e2-481e-b851-8418e6cfa4b1 200 in 11ms (compile: 5ms, render: 5ms)
 DELETE /api/tasks/58dc0831-6e71-4886-8167-5761a0c95f9c 200 in 3ms (compile: 994µs, render: 2ms)
 POST /api/tasks 201 in 3ms (compile: 757µs, render: 2ms)
 POST /api/tasks 201 in 2ms (compile: 550µs, render: 1609µs)
 GET /api/tasks 200 in 6ms (compile: 2ms, render: 4ms)
 DELETE /api/tasks/3197cb4b-509f-4b9a-b9f6-bf7948b34561 200 in 10ms (compile: 5ms, render: 5ms)
 DELETE /api/tasks/63e48cfc-1648-415d-bd78-bba8ac32ea86 200 in 5ms (compile: 1540µs, render: 4ms)
 POST /api/tasks 201 in 5ms (compile: 1312µs, render: 4ms)
 POST /api/tasks 201 in 5ms (compile: 1284µs, render: 4ms)
 GET /api/tasks 200 in 6ms (compile: 2ms, render: 4ms)
 DELETE /api/tasks/462d3ea4-6fdb-4b54-9e3e-6eda6b4c995a 200 in 10ms (compile: 5ms, render: 5ms)
 DELETE /api/tasks/2e54b1d8-9fd9-477c-a94b-02a598ec88f3 200 in 5ms (compile: 1469µs, render: 4ms)
 POST /api/tasks 201 in 5ms (compile: 1300µs, render: 4ms)
 POST /api/tasks 201 in 5ms (compile: 1294µs, render: 3ms)
 GET /api/tasks 200 in 6ms (compile: 2ms, render: 4ms)
 DELETE /api/tasks/fea25543-ef51-4168-8d5f-14840ad48146 200 in 11ms (compile: 6ms, render: 5ms)
 DELETE /api/tasks/353e1f79-9554-4766-b72f-85dc909cb3a1 200 in 6ms (compile: 1795µs, render: 4ms)
 POST /api/tasks 201 in 6ms (compile: 2ms, render: 4ms)
 POST /api/tasks 201 in 4ms (compile: 1054µs, render: 3ms)
 GET /api/tasks 200 in 6ms (compile: 2ms, render: 4ms)
 DELETE /api/tasks/580056c7-bd19-4065-9c04-9c3ef400934f 200 in 9ms (compile: 5ms, render: 4ms)
 DELETE /api/tasks/42f3085b-97c6-4cd4-b4db-6ff3fad02a55 200 in 5ms (compile: 1480µs, render: 3ms)
 POST /api/tasks 201 in 5ms (compile: 1249µs, render: 4ms)
 POST /api/tasks 201 in 4ms (compile: 1191µs, render: 3ms)
 GET /api/tasks 200 in 4ms (compile: 1710µs, render: 2ms)
 DELETE /api/tasks/3c679781-f1ad-4728-9a98-390e88d6f868 200 in 5ms (compile: 2ms, render: 3ms)
 DELETE /api/tasks/6efbf686-a8cf-43e5-9512-1e24561606f6 200 in 5ms (compile: 1375µs, render: 4ms)
 POST /api/tasks 201 in 4ms (compile: 1081µs, render: 3ms)
 POST /api/tasks 201 in 4ms (compile: 1019µs, render: 3ms)
 GET /api/tasks 200 in 5ms (compile: 1915µs, render: 3ms)
 DELETE /api/tasks/62501d25-b880-41c2-85b9-b3dd0d761559 200 in 9ms (compile: 5ms, render: 5ms)
 DELETE /api/tasks/f7c85adc-4885-4290-b3a5-a4fc023c1068 200 in 5ms (compile: 1473µs, render: 4ms)
 POST /api/tasks 201 in 6ms (compile: 1497µs, render: 4ms)
 POST /api/tasks 201 in 4ms (compile: 1085µs, render: 3ms)
 GET /api/tasks 200 in 6ms (compile: 2ms, render: 4ms)
 DELETE /api/tasks/02b68d94-1f18-438e-9cf3-05b657843c96 200 in 10ms (compile: 5ms, render: 5ms)
 DELETE /api/tasks/cc83372d-9e6b-493f-b49b-5b1345fdd6f3 200 in 5ms (compile: 1354µs, render: 4ms)
 POST /api/tasks 201 in 6ms (compile: 1326µs, render: 4ms)
 POST /api/tasks 201 in 4ms (compile: 1049µs, render: 3ms)
 GET /api/tasks 200 in 6ms (compile: 2ms, render: 4ms)
 DELETE /api/tasks/a233c4cb-8ba4-4f5b-b858-5de978cece4b 200 in 9ms (compile: 5ms, render: 4ms)
 DELETE /api/tasks/e94f8478-7a3b-4e59-b6c4-f243e43b55bd 200 in 6ms (compile: 1811µs, render: 4ms)
 POST /api/tasks 201 in 5ms (compile: 1740µs, render: 4ms)
 POST /api/tasks 201 in 3ms (compile: 818µs, render: 2ms)
 GET /api/tasks 200 in 6ms (compile: 2ms, render: 4ms)
 DELETE /api/tasks/ec05db3d-639c-4377-b329-f5f783c3da86 200 in 9ms (compile: 4ms, render: 5ms)
 DELETE /api/tasks/04a13373-d3a0-4e44-8b05-07febd950886 200 in 6ms (compile: 1686µs, render: 4ms)
 POST /api/tasks 201 in 6ms (compile: 1513µs, render: 4ms)
 POST /api/tasks 201 in 4ms (compile: 1196µs, render: 3ms)
 GET /api/tasks 200 in 6ms (compile: 2ms, render: 4ms)
 DELETE /api/tasks/29baf71c-2b08-45fb-a134-60ab42e56a50 200 in 10ms (compile: 5ms, render: 4ms)
 DELETE /api/tasks/99a504e3-5019-4bcf-89da-bc0aae7a559c 200 in 5ms (compile: 1545µs, render: 4ms)
 POST /api/tasks 201 in 5ms (compile: 1604µs, render: 4ms)
 POST /api/tasks 201 in 4ms (compile: 1131µs, render: 3ms)
 GET /api/tasks 200 in 6ms (compile: 2ms, render: 4ms)
 DELETE /api/tasks/1ef6fddd-ec95-4694-bef0-7503291214b2 200 in 10ms (compile: 5ms, render: 5ms)
 DELETE /api/tasks/540d19c6-8e24-4c61-a7d0-e4b5a9031e84 200 in 5ms (compile: 1513µs, render: 3ms)
 POST /api/tasks 201 in 5ms (compile: 1311µs, render: 4ms)
 POST /api/tasks 201 in 5ms (compile: 1228µs, render: 3ms)
 GET /api/tasks 200 in 6ms (compile: 2ms, render: 4ms)
 DELETE /api/tasks/f683e256-a225-4403-aee6-8bccf1b55263 200 in 9ms (compile: 5ms, render: 4ms)
 DELETE /api/tasks/c0878cce-c99f-42a6-a429-16d7cc631f01 200 in 5ms (compile: 1417µs, render: 3ms)
 POST /api/tasks 201 in 5ms (compile: 1422µs, render: 4ms)
 POST /api/tasks 201 in 4ms (compile: 1149µs, render: 3ms)
 GET /api/tasks 200 in 6ms (compile: 2ms, render: 4ms)
 DELETE /api/tasks/fb38f986-c2aa-4452-a99f-d3237ca96c9c 200 in 11ms (compile: 5ms, render: 6ms)
 DELETE /api/tasks/31223548-815f-481d-bb4f-46d7fcb6c358 200 in 3ms (compile: 1025µs, render: 2ms)
 POST /api/tasks 201 in 3ms (compile: 618µs, render: 1960µs)
 POST /api/tasks 201 in 2ms (compile: 574µs, render: 1582µs)
 GET /api/tasks 200 in 5ms (compile: 2ms, render: 3ms)
 DELETE /api/tasks/c06d40e7-1b8a-44e4-a6d6-17e662583dfd 200 in 9ms (compile: 5ms, render: 4ms)
 DELETE /api/tasks/7c92fcb6-4ce7-4aa4-b6f6-341cc8fb0a1e 200 in 5ms (compile: 1470µs, render: 4ms)
 POST /api/tasks 201 in 5ms (compile: 1459µs, render: 4ms)
 POST /api/tasks 201 in 4ms (compile: 1251µs, render: 2ms)
 GET /api/tasks 200 in 5ms (compile: 1726µs, render: 4ms)
 DELETE /api/tasks/43bd4d74-a4bb-4008-94cd-0d159dfff91f 200 in 9ms (compile: 5ms, render: 5ms)
 DELETE /api/tasks/406ee155-7f75-44d3-8a0a-f1af27ff66c8 200 in 5ms (compile: 1434µs, render: 4ms)
 POST /api/tasks 201 in 6ms (compile: 1338µs, render: 4ms)
 POST /api/tasks 201 in 4ms (compile: 1189µs, render: 3ms)
 GET /api/tasks 200 in 6ms (compile: 1867µs, render: 4ms)
 DELETE /api/tasks/01e31166-b2fc-4e54-a9a9-b0d093fc1af0 200 in 10ms (compile: 5ms, render: 5ms)
 DELETE /api/tasks/89c2034d-3309-4fce-92e4-4a9a640a090c 200 in 5ms (compile: 1567µs, render: 4ms)
 POST /api/tasks 201 in 5ms (compile: 1667µs, render: 3ms)
 POST /api/tasks 201 in 3ms (compile: 589µs, render: 2ms)
 GET /api/tasks 200 in 6ms (compile: 2ms, render: 4ms)
 DELETE /api/tasks/d439d70c-4619-42b8-945c-557a46512f32 200 in 9ms (compile: 5ms, render: 4ms)
 DELETE /api/tasks/c924bf02-6162-4cb9-99bf-84c9b9921ddb 200 in 5ms (compile: 1363µs, render: 3ms)
 POST /api/tasks 201 in 4ms (compile: 1462µs, render: 2ms)
 POST /api/tasks 201 in 3ms (compile: 866µs, render: 2ms)
 GET /api/tasks 200 in 6ms (compile: 2ms, render: 4ms)
 DELETE /api/tasks/6309fa8f-7e3a-4932-9269-0d549b1e463f 200 in 9ms (compile: 5ms, render: 4ms)
 DELETE /api/tasks/07317f32-2760-475e-9916-76e2af82cda6 200 in 5ms (compile: 1472µs, render: 4ms)
 POST /api/tasks 201 in 5ms (compile: 1536µs, render: 4ms)
 POST /api/tasks 201 in 3ms (compile: 875µs, render: 3ms)
 GET /api/tasks 200 in 6ms (compile: 2ms, render: 4ms)
 DELETE /api/tasks/2a7fa6c7-af66-4e0f-8f21-bef270c35a30 200 in 10ms (compile: 5ms, render: 5ms)
 DELETE /api/tasks/e8430cde-4243-480b-99a7-6da85b093baa 200 in 5ms (compile: 1647µs, render: 4ms)
 POST /api/tasks 201 in 6ms (compile: 1336µs, render: 4ms)
 POST /api/tasks 201 in 3ms (compile: 843µs, render: 2ms)
 GET /api/tasks 200 in 6ms (compile: 2ms, render: 4ms)
 DELETE /api/tasks/1311620e-8ba5-474a-80fe-5bd7196686bf 200 in 9ms (compile: 4ms, render: 4ms)
 DELETE /api/tasks/d5391b4a-a956-4b3c-a3bb-29ea50f025eb 200 in 5ms (compile: 1470µs, render: 4ms)
 POST /api/tasks 201 in 5ms (compile: 1636µs, render: 4ms)
 POST /api/tasks 201 in 3ms (compile: 917µs, render: 2ms)
 GET /api/tasks 200 in 6ms (compile: 2ms, render: 4ms)
 DELETE /api/tasks/23e18e44-d8e8-44cb-8e52-c5d5f8282da2 200 in 9ms (compile: 5ms, render: 4ms)
 DELETE /api/tasks/a4e68f66-d794-4b95-a3a8-98048d3788eb 200 in 6ms (compile: 2ms, render: 3ms)
 POST /api/tasks 201 in 5ms (compile: 1337µs, render: 4ms)
 POST /api/tasks 201 in 3ms (compile: 786µs, render: 2ms)
 GET /api/tasks 200 in 6ms (compile: 2ms, render: 4ms)
 DELETE /api/tasks/fbafebeb-3d98-4aa3-8de7-2047566bbd5d 200 in 9ms (compile: 5ms, render: 4ms)
 DELETE /api/tasks/7e391151-1238-4b2c-ab44-5646ba954b5c 200 in 5ms (compile: 1450µs, render: 4ms)
 POST /api/tasks 201 in 5ms (compile: 1248µs, render: 4ms)
 POST /api/tasks 201 in 4ms (compile: 1115µs, render: 3ms)
 GET /api/tasks 200 in 6ms (compile: 2ms, render: 3ms)
 DELETE /api/tasks/6a720651-23e6-4d3b-b383-d56b0fbe8df8 200 in 10ms (compile: 5ms, render: 4ms)
 DELETE /api/tasks/7d3796f3-a133-43fa-af30-dac29c07994c 200 in 5ms (compile: 1435µs, render: 4ms)
 POST /api/tasks 201 in 5ms (compile: 1390µs, render: 4ms)
 POST /api/tasks 201 in 4ms (compile: 1107µs, render: 3ms)
 GET /api/tasks 200 in 6ms (compile: 2ms, render: 4ms)
 DELETE /api/tasks/0aeaae5b-9210-4539-9e63-a6160f746416 200 in 10ms (compile: 5ms, render: 5ms)
 DELETE /api/tasks/5f68b278-e64a-4f25-a7fc-59130514d8a9 200 in 5ms (compile: 1516µs, render: 3ms)
 POST /api/tasks 201 in 5ms (compile: 1322µs, render: 4ms)
 POST /api/tasks 201 in 4ms (compile: 1198µs, render: 3ms)
 GET /api/tasks 200 in 6ms (compile: 2ms, render: 4ms)
 DELETE /api/tasks/d2b89b86-906f-4e72-a544-4e75f61ecc2a 200 in 9ms (compile: 5ms, render: 4ms)
 DELETE /api/tasks/83d5de6d-9795-4a9b-97c0-74471521f50a 200 in 5ms (compile: 1566µs, render: 4ms)
 POST /api/tasks 201 in 5ms (compile: 1278µs, render: 4ms)
 POST /api/tasks 201 in 4ms (compile: 1405µs, render: 3ms)
 GET /api/tasks 200 in 7ms (compile: 3ms, render: 4ms)
 DELETE /api/tasks/6371d835-6248-4635-a01a-4fdaf0173082 200 in 9ms (compile: 5ms, render: 5ms)
 DELETE /api/tasks/58995fb6-a2d2-45a7-b54e-d03c621687fa 200 in 8ms (compile: 1512µs, render: 6ms)
 POST /api/tasks 201 in 4ms (compile: 1137µs, render: 3ms)
 POST /api/tasks 201 in 3ms (compile: 735µs, render: 2ms)
 GET /api/tasks 200 in 6ms (compile: 2ms, render: 4ms)
 DELETE /api/tasks/c1a4117c-2214-4c13-8c84-5c10026e9a9f 200 in 10ms (compile: 5ms, render: 5ms)
 DELETE /api/tasks/8a5287db-d4ed-4451-b5c3-642269e7b90b 200 in 5ms (compile: 1712µs, render: 4ms)
 POST /api/tasks 201 in 6ms (compile: 1370µs, render: 4ms)
 POST /api/tasks 201 in 4ms (compile: 1194µs, render: 3ms)
 GET /api/tasks 200 in 6ms (compile: 2ms, render: 4ms)
 DELETE /api/tasks/92a43daa-38cc-4fd7-8fd1-3000bca6eb64 200 in 10ms (compile: 5ms, render: 5ms)
 DELETE /api/tasks/b7edfebd-afd8-44c4-a3e5-aa90e6237db2 200 in 5ms (compile: 1556µs, render: 4ms)
 POST /api/tasks 201 in 6ms (compile: 1392µs, render: 4ms)
 POST /api/tasks 201 in 4ms (compile: 1220µs, render: 3ms)
 GET /api/tasks 200 in 4ms (compile: 1434µs, render: 2ms)
 DELETE /api/tasks/8bba6688-2ad6-4d38-934a-271d12e89437 200 in 7ms (compile: 4ms, render: 3ms)
 DELETE /api/tasks/b8471986-1141-4616-bd3b-3f735dce764e 200 in 4ms (compile: 1049µs, render: 3ms)
 POST /api/tasks 201 in 3ms (compile: 799µs, render: 3ms)
 POST /api/tasks 201 in 3ms (compile: 802µs, render: 3ms)
 GET /api/tasks 200 in 6ms (compile: 2ms, render: 4ms)
 DELETE /api/tasks/f82b25eb-7fd2-46f1-b8a2-5c9528d99a3b 200 in 10ms (compile: 5ms, render: 5ms)
 DELETE /api/tasks/754d0fc6-2113-46c2-a0e4-7d28489eaa93 200 in 5ms (compile: 1241µs, render: 4ms)
 POST /api/tasks 201 in 5ms (compile: 1583µs, render: 4ms)
 POST /api/tasks 201 in 4ms (compile: 1110µs, render: 3ms)
 GET /api/tasks 200 in 6ms (compile: 2ms, render: 4ms)
 DELETE /api/tasks/bbe5f7c3-5231-4e44-8d25-debf885f3675 200 in 9ms (compile: 5ms, render: 4ms)
 DELETE /api/tasks/abf38285-257e-42d7-b1b5-80013c2d1047 200 in 5ms (compile: 1466µs, render: 4ms)
 POST /api/tasks 201 in 6ms (compile: 1732µs, render: 4ms)
 POST /api/tasks 201 in 4ms (compile: 1131µs, render: 3ms)
 GET /api/tasks 200 in 6ms (compile: 2ms, render: 4ms)
 DELETE /api/tasks/c5ddbc7d-8d27-430e-b5ad-0a5e9feeb04d 200 in 12ms (compile: 5ms, render: 7ms)
 DELETE /api/tasks/81155815-d9db-442e-94b2-c2e424184fec 200 in 3ms (compile: 735µs, render: 1948µs)
 POST /api/tasks 201 in 2ms (compile: 525µs, render: 1972µs)
 POST /api/tasks 201 in 2ms (compile: 483µs, render: 1688µs)
 GET /api/tasks 200 in 6ms (compile: 2ms, render: 4ms)
 DELETE /api/tasks/56aec91c-f364-4aa6-865d-9644587ffac1 200 in 10ms (compile: 6ms, render: 5ms)
 DELETE /api/tasks/730c1550-6744-48c8-a8d8-b720bd8ecf22 200 in 5ms (compile: 1536µs, render: 4ms)
 POST /api/tasks 201 in 5ms (compile: 1378µs, render: 4ms)
 POST /api/tasks 201 in 3ms (compile: 1005µs, render: 2ms)
 GET /api/tasks 200 in 6ms (compile: 2ms, render: 4ms)
 DELETE /api/tasks/90f37fd9-ab1e-445d-aad9-00aed1e1499a 200 in 10ms (compile: 5ms, render: 5ms)
 DELETE /api/tasks/f2ed5f47-5c43-4f0f-95f6-1446ed5a9e81 200 in 5ms (compile: 1413µs, render: 3ms)
 POST /api/tasks 201 in 5ms (compile: 1298µs, render: 4ms)
 POST /api/tasks 201 in 4ms (compile: 918µs, render: 3ms)
 GET /api/tasks 200 in 6ms (compile: 2ms, render: 4ms)
 DELETE /api/tasks/a91c48f6-a143-4d19-9e9e-d59a28b0b167 200 in 10ms (compile: 5ms, render: 5ms)
 DELETE /api/tasks/d8e5fa33-d9f4-4b0d-a5cd-618c36bc6027 200 in 5ms (compile: 1467µs, render: 4ms)
 POST /api/tasks 201 in 5ms (compile: 1477µs, render: 4ms)
 POST /api/tasks 201 in 4ms (compile: 1037µs, render: 3ms)
 GET /api/tasks 200 in 6ms (compile: 2ms, render: 4ms)
 DELETE /api/tasks/3f4cdf4d-c67c-48d1-872b-4158b23f9a38 200 in 10ms (compile: 5ms, render: 5ms)
 DELETE /api/tasks/e2016571-3f9c-4669-b50c-f2ddb0d3133d 200 in 5ms (compile: 1496µs, render: 3ms)
 POST /api/tasks 201 in 5ms (compile: 1297µs, render: 4ms)
 POST /api/tasks 201 in 4ms (compile: 1156µs, render: 3ms)
 GET /api/tasks 200 in 6ms (compile: 2ms, render: 4ms)
 DELETE /api/tasks/8640e91f-52a8-4f99-ae38-548651326804 200 in 9ms (compile: 5ms, render: 4ms)
 DELETE /api/tasks/afd9fe16-5271-4240-a4d4-c85a4c911a89 200 in 5ms (compile: 1444µs, render: 3ms)
 POST /api/tasks 201 in 6ms (compile: 1635µs, render: 4ms)
 POST /api/tasks 201 in 4ms (compile: 1054µs, render: 3ms)
 GET /api/tasks 200 in 6ms (compile: 2ms, render: 4ms)
 DELETE /api/tasks/f8b345f1-1b82-4763-b782-f4dab3ab39c4 200 in 10ms (compile: 5ms, render: 5ms)
 DELETE /api/tasks/3abcd22c-b684-4a2d-8678-8b06a820b2cb 200 in 5ms (compile: 1246µs, render: 4ms)
 POST /api/tasks 201 in 5ms (compile: 1236µs, render: 4ms)
 POST /api/tasks 201 in 4ms (compile: 883µs, render: 3ms)
 GET /api/tasks 200 in 6ms (compile: 2ms, render: 4ms)
 DELETE /api/tasks/278b0fec-d83a-4a5a-9a7c-381b2ad564be 200 in 9ms (compile: 5ms, render: 5ms)
 DELETE /api/tasks/7886707f-af51-47e0-9a92-627fe26b3867 200 in 5ms (compile: 1270µs, render: 4ms)
 POST /api/tasks 201 in 5ms (compile: 1417µs, render: 4ms)
 POST /api/tasks 201 in 4ms (compile: 1107µs, render: 3ms)
 GET /api/tasks 200 in 6ms (compile: 2ms, render: 4ms)
 DELETE /api/tasks/0a33b046-07e4-4940-a95d-8ff25c6bc7d2 200 in 9ms (compile: 5ms, render: 4ms)
 DELETE /api/tasks/0f791e5c-6619-4672-b612-85b2415ba9e4 200 in 5ms (compile: 1572µs, render: 4ms)
 POST /api/tasks 201 in 4ms (compile: 1176µs, render: 3ms)
 POST /api/tasks 201 in 2ms (compile: 464µs, render: 1643µs)
 GET /api/tasks 200 in 6ms (compile: 2ms, render: 4ms)
 DELETE /api/tasks/960557b3-98eb-4db6-bef7-64f12a641671 200 in 10ms (compile: 5ms, render: 5ms)
 DELETE /api/tasks/e3f683db-ff59-48f6-aaaf-2335613c4da4 200 in 5ms (compile: 1526µs, render: 4ms)
 POST /api/tasks 201 in 4ms (compile: 1177µs, render: 3ms)
 POST /api/tasks 201 in 3ms (compile: 589µs, render: 3ms)
 GET /api/tasks 200 in 6ms (compile: 2ms, render: 4ms)
 DELETE /api/tasks/12091886-6eb4-4be3-b291-3ae496000708 200 in 9ms (compile: 5ms, render: 4ms)
 DELETE /api/tasks/6ab2aedf-aace-4603-9abf-b20925cf0e6d 200 in 6ms (compile: 1524µs, render: 4ms)
 POST /api/tasks 201 in 6ms (compile: 1634µs, render: 4ms)
 POST /api/tasks 201 in 3ms (compile: 921µs, render: 2ms)
 GET /api/tasks 200 in 6ms (compile: 2ms, render: 3ms)
 DELETE /api/tasks/2db64d50-300c-47de-93b8-7a802bb9b768 200 in 10ms (compile: 5ms, render: 5ms)
 DELETE /api/tasks/bd38dd10-c72d-4506-a941-ccd67284a0c6 200 in 6ms (compile: 1746µs, render: 4ms)
 POST /api/tasks 201 in 4ms (compile: 1387µs, render: 3ms)
 POST /api/tasks 201 in 2ms (compile: 602µs, render: 1745µs)
 GET /api/tasks 200 in 6ms (compile: 2ms, render: 4ms)
 DELETE /api/tasks/bf28d32b-120c-4f33-8d36-f0aefd08e74f 200 in 10ms (compile: 6ms, render: 5ms)
 DELETE /api/tasks/5c9e8a0d-3c5a-4a07-acc1-04592b3dd40f 200 in 5ms (compile: 1509µs, render: 4ms)
 POST /api/tasks 201 in 5ms (compile: 1296µs, render: 4ms)
 POST /api/tasks 201 in 4ms (compile: 1165µs, render: 3ms)
 GET /api/tasks 200 in 6ms (compile: 2ms, render: 4ms)
 DELETE /api/tasks/2378aa5d-32e9-44d0-b77b-0600a1b23768 200 in 13ms (compile: 5ms, render: 8ms)
 DELETE /api/tasks/b3410755-1818-41a9-9d66-47b4f4751bdb 200 in 3ms (compile: 964µs, render: 2ms)
 POST /api/tasks 201 in 3ms (compile: 728µs, render: 2ms)
 POST /api/tasks 201 in 2ms (compile: 565µs, render: 1673µs)
 GET /api/tasks 200 in 6ms (compile: 2ms, render: 4ms)
 DELETE /api/tasks/e220036a-f513-4235-aa66-906a080b4db3 200 in 9ms (compile: 5ms, render: 5ms)
 DELETE /api/tasks/aca9bfd6-ecdb-4cfa-9f77-4b405472ab32 200 in 5ms (compile: 1487µs, render: 3ms)
 POST /api/tasks 201 in 6ms (compile: 1367µs, render: 4ms)
 POST /api/tasks 201 in 4ms (compile: 1373µs, render: 3ms)
 GET /api/tasks 200 in 5ms (compile: 2ms, render: 3ms)
 DELETE /api/tasks/80bd1a6b-0075-4b26-89b4-18becd07d051 200 in 8ms (compile: 4ms, render: 4ms)
 DELETE /api/tasks/49942361-5c69-4caa-a9a7-a4ce1781a099 200 in 5ms (compile: 1424µs, render: 3ms)
 POST /api/tasks 201 in 5ms (compile: 1181µs, render: 4ms)
 POST /api/tasks 201 in 5ms (compile: 1306µs, render: 3ms)
 GET /api/tasks 200 in 6ms (compile: 2ms, render: 4ms)
 DELETE /api/tasks/623e932f-eac2-4a79-8815-2f8c83085d86 200 in 10ms (compile: 5ms, render: 5ms)
 DELETE /api/tasks/07b881c9-c4bb-4252-be4a-e5e0e2ce5e87 200 in 6ms (compile: 1674µs, render: 4ms)
 POST /api/tasks 201 in 6ms (compile: 1936µs, render: 4ms)
 POST /api/tasks 201 in 4ms (compile: 1253µs, render: 3ms)
 GET /api/tasks 200 in 6ms (compile: 2ms, render: 4ms)
 DELETE /api/tasks/0274c97f-1df8-47de-9ccb-17370d4de835 200 in 8ms (compile: 4ms, render: 4ms)
 DELETE /api/tasks/5c26ccbc-d6b2-49f2-8a80-571fe3fa5480 200 in 5ms (compile: 1583µs, render: 4ms)
 POST /api/tasks 201 in 6ms (compile: 1457µs, render: 4ms)
 POST /api/tasks 201 in 5ms (compile: 1405µs, render: 3ms)
 GET /api/tasks 200 in 6ms (compile: 2ms, render: 4ms)
 DELETE /api/tasks/e259829c-2881-4295-ba0c-119a7a4e9007 200 in 9ms (compile: 5ms, render: 4ms)
 DELETE /api/tasks/9d6e0c54-d8b7-4aa3-843c-51ffd15629c6 200 in 5ms (compile: 1476µs, render: 3ms)
 POST /api/tasks 201 in 5ms (compile: 1302µs, render: 4ms)
 POST /api/tasks 201 in 4ms (compile: 1107µs, render: 3ms)
 GET /api/tasks 200 in 6ms (compile: 2ms, render: 4ms)
 DELETE /api/tasks/3cf77df2-1a1e-42af-a49d-5f8d0398c212 200 in 9ms (compile: 5ms, render: 5ms)
 DELETE /api/tasks/96c5dada-6cbd-42be-95eb-fcd6655b6f7b 200 in 5ms (compile: 1569µs, render: 4ms)
 POST /api/tasks 201 in 7ms (compile: 2ms, render: 5ms)
 POST /api/tasks 201 in 4ms (compile: 1077µs, render: 3ms)
 GET /api/tasks 200 in 6ms (compile: 2ms, render: 4ms)
 DELETE /api/tasks/1cdcaaa6-e150-4b18-a9b7-e2b0c0ba190c 200 in 11ms (compile: 6ms, render: 5ms)
 DELETE /api/tasks/2b22d46c-af3b-4219-a141-212ba8310d98 200 in 5ms (compile: 1447µs, render: 3ms)
 POST /api/tasks 201 in 5ms (compile: 1284µs, render: 4ms)
 POST /api/tasks 201 in 3ms (compile: 733µs, render: 2ms)
 GET /api/tasks 200 in 5ms (compile: 2ms, render: 3ms)
 DELETE /api/tasks/c689f73d-c6fb-4857-b617-0c694ae66d28 200 in 10ms (compile: 5ms, render: 4ms)
 DELETE /api/tasks/675f3b66-d617-47d4-b95a-29493ab7dba2 200 in 5ms (compile: 1476µs, render: 3ms)
 POST /api/tasks 201 in 6ms (compile: 1292µs, render: 4ms)
 POST /api/tasks 201 in 4ms (compile: 1212µs, render: 3ms)
 GET /api/tasks 200 in 6ms (compile: 2ms, render: 4ms)
 DELETE /api/tasks/973be621-c0bc-4e8e-9b40-fcd18002f31e 200 in 9ms (compile: 5ms, render: 4ms)
 DELETE /api/tasks/e67f746e-04dc-4d3b-8f0c-90933a89fffa 200 in 5ms (compile: 1496µs, render: 4ms)
 POST /api/tasks 201 in 5ms (compile: 1520µs, render: 4ms)
 POST /api/tasks 201 in 4ms (compile: 1137µs, render: 3ms)
 GET /api/tasks 200 in 5ms (compile: 2ms, render: 3ms)
 DELETE /api/tasks/9c1eb256-534d-4c50-8ef4-e610d937b61c 200 in 9ms (compile: 5ms, render: 4ms)
 DELETE /api/tasks/e7fac843-f33a-468d-bee5-08c43b2f37e0 200 in 5ms (compile: 1401µs, render: 3ms)
 POST /api/tasks 201 in 5ms (compile: 1364µs, render: 4ms)
 POST /api/tasks 201 in 2ms (compile: 647µs, render: 1719µs)
 GET /api/tasks 200 in 5ms (compile: 1980µs, render: 3ms)
 DELETE /api/tasks/eb8d1830-d432-4128-a4a0-d7f8f36f458a 200 in 9ms (compile: 4ms, render: 5ms)
 DELETE /api/tasks/f485d468-8e0f-434a-99ce-467c10184358 200 in 5ms (compile: 1458µs, render: 4ms)
 POST /api/tasks 201 in 6ms (compile: 1875µs, render: 4ms)
 POST /api/tasks 201 in 3ms (compile: 726µs, render: 2ms)
 GET /api/tasks 200 in 5ms (compile: 1720µs, render: 4ms)
 DELETE /api/tasks/97c64e7b-1e9a-4c14-bc11-0289883f9927 200 in 10ms (compile: 5ms, render: 5ms)
 DELETE /api/tasks/a39d1e98-4959-4fc5-a72c-25be41b2ae8a 200 in 5ms (compile: 1437µs, render: 4ms)
 POST /api/tasks 201 in 6ms (compile: 1612µs, render: 4ms)
 POST /api/tasks 201 in 3ms (compile: 698µs, render: 2ms)
 GET /api/tasks 200 in 3ms (compile: 1029µs, render: 2ms)
 DELETE /api/tasks/f136c95a-5409-41df-9354-5cfc2ff73b3d 200 in 10ms (compile: 5ms, render: 5ms)
 DELETE /api/tasks/906f7df5-d704-4c0e-84c2-7800f4990783 200 in 4ms (compile: 1048µs, render: 3ms)
 POST /api/tasks 201 in 3ms (compile: 899µs, render: 1679µs)
 POST /api/tasks 201 in 3ms (compile: 817µs, render: 3ms)
 GET /api/tasks 200 in 6ms (compile: 2ms, render: 4ms)
 DELETE /api/tasks/ac784179-d78c-4452-bd45-b94857580751 200 in 9ms (compile: 4ms, render: 5ms)
 DELETE /api/tasks/e35aff9d-222a-444d-aac4-8a7099c094b2 200 in 5ms (compile: 1388µs, render: 3ms)
 POST /api/tasks 201 in 4ms (compile: 1164µs, render: 3ms)
 POST /api/tasks 201 in 2ms (compile: 614µs, render: 1468µs)
 GET /api/tasks 200 in 6ms (compile: 2ms, render: 4ms)
 DELETE /api/tasks/f7176cfc-98c2-48f5-9dd1-38367366e745 200 in 10ms (compile: 5ms, render: 4ms)
 DELETE /api/tasks/3dd92106-f995-4cb5-9e08-f63f828640e9 200 in 5ms (compile: 1470µs, render: 4ms)
 POST /api/tasks 201 in 5ms (compile: 1313µs, render: 4ms)
 POST /api/tasks 201 in 5ms (compile: 1241µs, render: 3ms)
 GET /api/tasks 200 in 6ms (compile: 2ms, render: 4ms)
 DELETE /api/tasks/850b7486-46ae-4b1f-9ef4-4ec7ba663e02 200 in 9ms (compile: 5ms, render: 5ms)
 DELETE /api/tasks/74d563cb-bb3e-45d2-822a-5b9eb9feafd5 200 in 5ms (compile: 1453µs, render: 4ms)
 POST /api/tasks 201 in 5ms (compile: 1295µs, render: 4ms)
 POST /api/tasks 201 in 4ms (compile: 1199µs, render: 3ms)
 GET /api/tasks 200 in 6ms (compile: 2ms, render: 4ms)
 DELETE /api/tasks/5d904351-10a5-478c-94f3-f067087f20cd 200 in 9ms (compile: 5ms, render: 5ms)
 DELETE /api/tasks/1d7134e3-b4e0-4134-833c-6aaaa64f4c05 200 in 6ms (compile: 1653µs, render: 4ms)
 POST /api/tasks 201 in 6ms (compile: 1480µs, render: 5ms)
 POST /api/tasks 201 in 4ms (compile: 1289µs, render: 3ms)
 GET /api/tasks 200 in 5ms (compile: 1996µs, render: 3ms)
 DELETE /api/tasks/b6e2890c-41a8-4fe2-ba3c-216039a463f7 200 in 10ms (compile: 5ms, render: 5ms)
 DELETE /api/tasks/55752509-4e58-4e08-9ba3-1ae64a6073c1 200 in 5ms (compile: 1500µs, render: 3ms)
 POST /api/tasks 201 in 5ms (compile: 1436µs, render: 4ms)
 POST /api/tasks 201 in 4ms (compile: 1255µs, render: 3ms)
 GET /api/tasks 200 in 6ms (compile: 2ms, render: 4ms)
 DELETE /api/tasks/3a5ae5de-daa9-466a-bf47-150cdf7f3576 200 in 9ms (compile: 5ms, render: 4ms)
 DELETE /api/tasks/a0f18668-2097-4e13-8108-4e968a607b40 200 in 5ms (compile: 1502µs, render: 3ms)
 POST /api/tasks 201 in 6ms (compile: 1580µs, render: 4ms)
 POST /api/tasks 201 in 4ms (compile: 1172µs, render: 3ms)
 GET /api/tasks 200 in 6ms (compile: 1999µs, render: 4ms)
 DELETE /api/tasks/ae6383b1-85e2-4bcf-a3b1-bb215d0cf6d8 200 in 8ms (compile: 4ms, render: 4ms)
 DELETE /api/tasks/85290f2b-6e75-4304-b605-7325fa37e059 200 in 5ms (compile: 1441µs, render: 4ms)
 POST /api/tasks 201 in 5ms (compile: 1497µs, render: 4ms)
 POST /api/tasks 201 in 3ms (compile: 1076µs, render: 2ms)
 GET /api/tasks 200 in 6ms (compile: 2ms, render: 4ms)
 DELETE /api/tasks/7b0253c4-b860-409d-b35b-ee93db516691 200 in 9ms (compile: 4ms, render: 5ms)
 DELETE /api/tasks/7dce907f-24a2-40c8-a228-c01378ca5f53 200 in 6ms (compile: 1707µs, render: 4ms)
 POST /api/tasks 201 in 5ms (compile: 1454µs, render: 4ms)
 POST /api/tasks 201 in 3ms (compile: 961µs, render: 2ms)
 GET /api/tasks 200 in 6ms (compile: 2ms, render: 4ms)
 DELETE /api/tasks/0c007c6f-2732-48f6-99e1-b62fa8d5199e 200 in 9ms (compile: 5ms, render: 4ms)
 DELETE /api/tasks/929e5dc8-7143-48bf-a4ff-592a8da65c8d 200 in 5ms (compile: 1461µs, render: 3ms)
 POST /api/tasks 201 in 5ms (compile: 1253µs, render: 4ms)
 POST /api/tasks 201 in 4ms (compile: 1089µs, render: 3ms)
 GET /api/tasks 200 in 6ms (compile: 2ms, render: 4ms)
 DELETE /api/tasks/d4957f01-39f6-436e-8a40-2c6f007c00ff 200 in 10ms (compile: 5ms, render: 5ms)
 DELETE /api/tasks/a87b0ab1-2e87-467c-ba9c-ada985a074b0 200 in 5ms (compile: 1540µs, render: 4ms)
 POST /api/tasks 201 in 5ms (compile: 1415µs, render: 4ms)
 POST /api/tasks 201 in 4ms (compile: 956µs, render: 3ms)
 GET /api/tasks 200 in 6ms (compile: 2ms, render: 4ms)
 DELETE /api/tasks/42564ecc-754b-4116-a47e-db09911a369a 200 in 9ms (compile: 5ms, render: 4ms)
 DELETE /api/tasks/d7645361-8173-4789-a14a-5122bc2f3f4b 200 in 5ms (compile: 1474µs, render: 3ms)
 POST /api/tasks 201 in 5ms (compile: 1275µs, render: 4ms)
 POST /api/tasks 201 in 4ms (compile: 1080µs, render: 3ms)
 GET /api/tasks 200 in 6ms (compile: 2ms, render: 4ms)
 DELETE /api/tasks/2d07047c-5fcd-45fc-a57b-f0147275e587 200 in 9ms (compile: 5ms, render: 4ms)
 DELETE /api/tasks/c53b7c7c-c769-4497-ab63-e7c0195f3f47 200 in 5ms (compile: 1453µs, render: 3ms)
 POST /api/tasks 201 in 5ms (compile: 1336µs, render: 4ms)
 POST /api/tasks 201 in 4ms (compile: 1051µs, render: 3ms)
 GET /api/tasks 200 in 6ms (compile: 2ms, render: 3ms)
 DELETE /api/tasks/e00b8ce1-64c7-47e0-9d0b-5c07ea4b7d34 200 in 12ms (compile: 5ms, render: 7ms)
 DELETE /api/tasks/a003504b-3671-4942-a45d-d24efecaf610 200 in 3ms (compile: 948µs, render: 2ms)
 POST /api/tasks 201 in 3ms (compile: 722µs, render: 2ms)
 POST /api/tasks 201 in 2ms (compile: 547µs, render: 1630µs)
 GET /api/tasks 200 in 6ms (compile: 2ms, render: 4ms)
 DELETE /api/tasks/ca74ecee-465e-4deb-bbaa-2bbb9a332da4 200 in 9ms (compile: 5ms, render: 5ms)
 DELETE /api/tasks/7ff3300d-f908-4935-a27b-6aaba13ab9b5 200 in 5ms (compile: 1412µs, render: 4ms)
 POST /api/tasks 201 in 5ms (compile: 1266µs, render: 4ms)
 POST /api/tasks 201 in 4ms (compile: 1349µs, render: 3ms)
 GET /api/tasks 200 in 6ms (compile: 2ms, render: 4ms)
 DELETE /api/tasks/067cd599-17a1-42e0-8701-53ce82b44843 200 in 10ms (compile: 5ms, render: 5ms)
 DELETE /api/tasks/a32f1c51-6777-4dd6-8827-2dd7a54f2949 200 in 5ms (compile: 1401µs, render: 3ms)
 POST /api/tasks 201 in 5ms (compile: 1241µs, render: 4ms)
 POST /api/tasks 201 in 4ms (compile: 1197µs, render: 3ms)
 GET /api/tasks 200 in 6ms (compile: 2ms, render: 4ms)
 DELETE /api/tasks/c11c0357-d3e5-4f9b-bbce-b254a60e03a9 200 in 11ms (compile: 6ms, render: 4ms)
 DELETE /api/tasks/8553455b-85bf-4919-bca8-fa81b157129e 200 in 5ms (compile: 1501µs, render: 4ms)
 POST /api/tasks 201 in 5ms (compile: 1359µs, render: 4ms)
 POST /api/tasks 201 in 3ms (compile: 766µs, render: 2ms)
 GET /api/tasks 200 in 6ms (compile: 2ms, render: 4ms)
 DELETE /api/tasks/bc8ec78c-42e1-4efa-9050-9959d9e8d9aa 200 in 9ms (compile: 4ms, render: 5ms)
 DELETE /api/tasks/f726dfe5-d728-4de9-a94d-a47b837b9f2c 200 in 5ms (compile: 1452µs, render: 3ms)
 POST /api/tasks 201 in 6ms (compile: 1461µs, render: 4ms)
 POST /api/tasks 201 in 4ms (compile: 1169µs, render: 3ms)
 GET /api/tasks 200 in 6ms (compile: 2ms, render: 4ms)
 DELETE /api/tasks/1fc3da37-3420-4b08-893b-bb89d64a4679 200 in 10ms (compile: 5ms, render: 5ms)
 DELETE /api/tasks/edcfe17d-e436-4600-ae20-150ab87e6680 200 in 5ms (compile: 1567µs, render: 4ms)
 POST /api/tasks 201 in 6ms (compile: 1503µs, render: 4ms)
 POST /api/tasks 201 in 4ms (compile: 1135µs, render: 3ms)
 GET /api/tasks 200 in 6ms (compile: 2ms, render: 4ms)
 DELETE /api/tasks/68cabcbf-cf79-4201-811a-af0cde401b2f 200 in 11ms (compile: 5ms, render: 5ms)
 DELETE /api/tasks/0c212d16-30bf-419c-81bc-f497392a4bda 200 in 6ms (compile: 1674µs, render: 4ms)
 POST /api/tasks 201 in 6ms (compile: 2ms, render: 4ms)
 POST /api/tasks 201 in 4ms (compile: 1284µs, render: 3ms)
 GET /api/tasks 200 in 6ms (compile: 2ms, render: 4ms)
 DELETE /api/tasks/9250acae-6809-4962-8f45-fec3317db069 200 in 11ms (compile: 6ms, render: 5ms)
 DELETE /api/tasks/1463470f-1616-434b-a4ab-ffbafb325652 200 in 5ms (compile: 1263µs, render: 4ms)
 POST /api/tasks 201 in 6ms (compile: 1538µs, render: 4ms)
 POST /api/tasks 201 in 4ms (compile: 1097µs, render: 3ms)
 GET /api/tasks 200 in 6ms (compile: 2ms, render: 4ms)
 DELETE /api/tasks/de17c387-be60-431b-8657-f738a64e1769 200 in 10ms (compile: 5ms, render: 5ms)
 DELETE /api/tasks/3366c6da-3d19-477c-ab43-a5ca9984d560 200 in 5ms (compile: 1456µs, render: 4ms)
 POST /api/tasks 201 in 5ms (compile: 1469µs, render: 4ms)
 POST /api/tasks 201 in 4ms (compile: 1147µs, render: 3ms)
 GET /api/tasks 200 in 6ms (compile: 2ms, render: 4ms)
 DELETE /api/tasks/7c4a5a72-8fd0-4aa5-97fc-c84ea0467040 200 in 9ms (compile: 5ms, render: 4ms)
 DELETE /api/tasks/976de6ab-57e1-484a-8888-b048dd9a9de4 200 in 5ms (compile: 1399µs, render: 3ms)
 POST /api/tasks 201 in 5ms (compile: 1394µs, render: 3ms)
 POST /api/tasks 201 in 3ms (compile: 833µs, render: 1716µs)
 GET /api/tasks 200 in 6ms (compile: 2ms, render: 4ms)
 DELETE /api/tasks/bf0f686f-1419-4168-8884-4d1e7448d0f2 200 in 8ms (compile: 4ms, render: 4ms)
 DELETE /api/tasks/85b838be-a54f-4e07-9176-7da095728e3a 200 in 5ms (compile: 1436µs, render: 3ms)
 POST /api/tasks 201 in 5ms (compile: 1510µs, render: 3ms)
 POST /api/tasks 201 in 2ms (compile: 624µs, render: 1731µs)
 GET /api/tasks 200 in 5ms (compile: 1831µs, render: 4ms)
 DELETE /api/tasks/7d83ae82-b3af-4b2c-b82a-5efcd1d3fe74 200 in 10ms (compile: 5ms, render: 4ms)
 DELETE /api/tasks/b4769813-d4dd-492b-a381-5585336dd03d 200 in 5ms (compile: 1463µs, render: 4ms)
 POST /api/tasks 201 in 6ms (compile: 1367µs, render: 4ms)
 POST /api/tasks 201 in 4ms (compile: 1261µs, render: 3ms)
 GET /api/tasks 200 in 6ms (compile: 2ms, render: 4ms)
 DELETE /api/tasks/c0b520ee-370b-4c77-be94-400508079c87 200 in 8ms (compile: 4ms, render: 4ms)
 DELETE /api/tasks/cc56d1a2-61f6-4fd1-b4ea-83b56e490839 200 in 5ms (compile: 1397µs, render: 3ms)
 POST /api/tasks 201 in 5ms (compile: 1464µs, render: 3ms)
 POST /api/tasks 201 in 3ms (compile: 875µs, render: 1941µs)
 GET /api/tasks 200 in 6ms (compile: 2ms, render: 4ms)
 DELETE /api/tasks/6344a429-5366-4701-8d34-bc0d7a0d16ec 200 in 11ms (compile: 5ms, render: 6ms)
 DELETE /api/tasks/ef5c2420-b9fd-4f5e-9bd6-89c8589199ef 200 in 12ms (compile: 10ms, render: 2ms)
 POST /api/tasks 201 in 3ms (compile: 765µs, render: 2ms)
 POST /api/tasks 201 in 3ms (compile: 706µs, render: 2ms)
 GET /api/tasks 200 in 6ms (compile: 2ms, render: 4ms)
 DELETE /api/tasks/b25e7653-48d0-48e3-9cd6-f702a0436334 200 in 9ms (compile: 4ms, render: 5ms)
 DELETE /api/tasks/17e85033-3d8c-4de2-a9ee-22da693e6d76 200 in 5ms (compile: 1407µs, render: 3ms)
 POST /api/tasks 201 in 5ms (compile: 1246µs, render: 4ms)
 POST /api/tasks 201 in 5ms (compile: 1385µs, render: 3ms)
 GET /api/tasks 200 in 6ms (compile: 2ms, render: 4ms)
 DELETE /api/tasks/5a2def3d-d000-42e5-8b7b-f5fd47e78623 200 in 9ms (compile: 4ms, render: 5ms)
 DELETE /api/tasks/50f67571-7ab9-4458-ab75-0d7395059f8d 200 in 5ms (compile: 1381µs, render: 3ms)
 POST /api/tasks 201 in 5ms (compile: 1255µs, render: 4ms)
 POST /api/tasks 201 in 4ms (compile: 1208µs, render: 3ms)
 GET /api/tasks 200 in 3ms (compile: 1180µs, render: 2ms)
 DELETE /api/tasks/a08b1cd6-8e8e-4134-8233-96edae8fc866 200 in 7ms (compile: 4ms, render: 4ms)
 DELETE /api/tasks/bd85bec0-557e-4df2-bd62-cfa9bb969d58 200 in 4ms (compile: 1097µs, render: 3ms)
 POST /api/tasks 201 in 4ms (compile: 1109µs, render: 3ms)
 POST /api/tasks 201 in 4ms (compile: 864µs, render: 3ms)
 GET /api/tasks 200 in 6ms (compile: 2ms, render: 4ms)
 DELETE /api/tasks/2a005c0c-b336-4280-a984-b47e86e67f78 200 in 10ms (compile: 5ms, render: 5ms)
 DELETE /api/tasks/ad759d4b-000e-4831-98a5-772df61a3a55 200 in 6ms (compile: 1850µs, render: 4ms)
 POST /api/tasks 201 in 6ms (compile: 1600µs, render: 4ms)
 POST /api/tasks 201 in 4ms (compile: 1103µs, render: 3ms)
 GET /api/tasks 200 in 6ms (compile: 2ms, render: 4ms)
 DELETE /api/tasks/f9979dd5-83ee-49c7-bf42-859139c9e1a9 200 in 10ms (compile: 5ms, render: 5ms)
 DELETE /api/tasks/b4400c71-5e92-4214-994d-0de7f7cafa75 200 in 5ms (compile: 1660µs, render: 4ms)
 POST /api/tasks 201 in 6ms (compile: 1499µs, render: 4ms)
 POST /api/tasks 201 in 4ms (compile: 1122µs, render: 3ms)
 GET /api/tasks 200 in 6ms (compile: 2ms, render: 4ms)
 DELETE /api/tasks/b1b82b54-1f6c-4f24-bf8e-0c0d943ae459 200 in 10ms (compile: 5ms, render: 5ms)
 DELETE /api/tasks/ef2d9f47-06b6-473e-944b-79a36863b9d4 200 in 5ms (compile: 1550µs, render: 3ms)
 POST /api/tasks 201 in 5ms (compile: 1616µs, render: 4ms)
 POST /api/tasks 201 in 4ms (compile: 1121µs, render: 2ms)
 GET /api/tasks 200 in 6ms (compile: 2ms, render: 4ms)
 DELETE /api/tasks/868218d3-50f8-4315-8328-61dc26435f57 200 in 10ms (compile: 5ms, render: 5ms)
 DELETE /api/tasks/67dff7b0-aed8-434c-8264-45473a7df7d0 200 in 5ms (compile: 1404µs, render: 4ms)
 POST /api/tasks 201 in 4ms (compile: 1145µs, render: 3ms)
 POST /api/tasks 201 in 3ms (compile: 1015µs, render: 2ms)
 GET /api/tasks 200 in 6ms (compile: 2ms, render: 4ms)
 DELETE /api/tasks/b0e24b03-1568-4143-9791-a52b2b4f3ce3 200 in 10ms (compile: 5ms, render: 5ms)
 DELETE /api/tasks/6fb5d554-473e-4629-9406-b0b68dbb1ede 200 in 5ms (compile: 1740µs, render: 3ms)
 POST /api/tasks 201 in 6ms (compile: 1246µs, render: 4ms)
 POST /api/tasks 201 in 4ms (compile: 1142µs, render: 3ms)
 GET /api/tasks 200 in 6ms (compile: 2ms, render: 4ms)
 DELETE /api/tasks/37236396-5bca-42a8-9e2e-bce2d38c1eef 200 in 9ms (compile: 5ms, render: 5ms)
 DELETE /api/tasks/8eb1e579-6f83-41bc-8cd0-1561153b4fe8 200 in 5ms (compile: 1393µs, render: 4ms)
 POST /api/tasks 201 in 5ms (compile: 1233µs, render: 4ms)
 POST /api/tasks 201 in 4ms (compile: 1157µs, render: 3ms)
 GET /api/tasks 200 in 6ms (compile: 2ms, render: 4ms)
 DELETE /api/tasks/2ddd96df-2932-4ab0-9d33-104e6f6142b8 200 in 10ms (compile: 6ms, render: 5ms)
 DELETE /api/tasks/776ee6c3-4527-41d7-98c6-0038e49b9a45 200 in 5ms (compile: 1470µs, render: 3ms)
 POST /api/tasks 201 in 5ms (compile: 1370µs, render: 4ms)
 POST /api/tasks 201 in 4ms (compile: 991µs, render: 3ms)
 GET /api/tasks 200 in 6ms (compile: 2ms, render: 4ms)
 DELETE /api/tasks/a9a45f72-1e60-4eca-aa95-b899f5e58f5f 200 in 10ms (compile: 5ms, render: 5ms)
 DELETE /api/tasks/3091afef-a9ea-4e1b-9b0d-a24122d3ea73 200 in 5ms (compile: 1583µs, render: 4ms)
 POST /api/tasks 201 in 5ms (compile: 1374µs, render: 4ms)
 POST /api/tasks 201 in 5ms (compile: 1409µs, render: 3ms)
 GET /api/tasks 200 in 6ms (compile: 2ms, render: 4ms)
 DELETE /api/tasks/853bcd4f-6dc1-4c27-8953-65946d094380 200 in 10ms (compile: 5ms, render: 5ms)
 DELETE /api/tasks/f521c01c-26ed-491d-9d91-8c5e1805910f 200 in 6ms (compile: 1669µs, render: 4ms)
 POST /api/tasks 201 in 6ms (compile: 1638µs, render: 4ms)
 POST /api/tasks 201 in 4ms (compile: 1141µs, render: 3ms)
 GET /api/tasks 200 in 5ms (compile: 2ms, render: 3ms)
 DELETE /api/tasks/efb6fd09-889e-4299-8fdc-aeca2896246a 200 in 11ms (compile: 5ms, render: 6ms)
 DELETE /api/tasks/e650fae7-c53e-409f-aa97-6b30611e2ab3 200 in 3ms (compile: 956µs, render: 2ms)
 POST /api/tasks 201 in 3ms (compile: 705µs, render: 2ms)
 POST /api/tasks 201 in 2ms (compile: 673µs, render: 1777µs)
 GET /api/tasks 200 in 6ms (compile: 2ms, render: 4ms)
 DELETE /api/tasks/f7401a44-d81f-4ce4-a168-34cc6dc15349 200 in 9ms (compile: 5ms, render: 4ms)
 DELETE /api/tasks/7f0ff643-3504-423c-8b33-98b73d3d398c 200 in 5ms (compile: 1462µs, render: 4ms)
 POST /api/tasks 201 in 5ms (compile: 1317µs, render: 4ms)
 POST /api/tasks 201 in 4ms (compile: 1324µs, render: 3ms)
 GET /api/tasks 200 in 6ms (compile: 2ms, render: 4ms)
 DELETE /api/tasks/cc150f10-af38-4d2b-b8a1-4d6b84034c7c 200 in 10ms (compile: 5ms, render: 4ms)
 DELETE /api/tasks/0f8a099f-fc63-4d22-998b-7473484243e5 200 in 5ms (compile: 1437µs, render: 4ms)
 POST /api/tasks 201 in 5ms (compile: 1266µs, render: 4ms)
 POST /api/tasks 201 in 4ms (compile: 1264µs, render: 3ms)
 GET /api/tasks 200 in 6ms (compile: 2ms, render: 4ms)
 DELETE /api/tasks/aee47c24-7d48-4f74-a7ab-f2d8c9456fd8 200 in 9ms (compile: 4ms, render: 4ms)
 DELETE /api/tasks/a75921e0-a133-4efb-a3bf-fb25d96197b0 200 in 5ms (compile: 1582µs, render: 3ms)
 POST /api/tasks 201 in 5ms (compile: 1297µs, render: 4ms)
 POST /api/tasks 201 in 4ms (compile: 1158µs, render: 3ms)
 GET /api/tasks 200 in 6ms (compile: 2ms, render: 4ms)
 DELETE /api/tasks/5d8304d4-f768-4123-8798-f56ffeb566c5 200 in 9ms (compile: 5ms, render: 4ms)
 DELETE /api/tasks/7e586c73-c975-410a-8c9a-6dbbf2b8f886 200 in 5ms (compile: 1369µs, render: 3ms)
 POST /api/tasks 201 in 5ms (compile: 1488µs, render: 4ms)
 POST /api/tasks 201 in 4ms (compile: 1034µs, render: 3ms)
 GET /api/tasks 200 in 6ms (compile: 2ms, render: 4ms)
 DELETE /api/tasks/b6a5d882-2f57-45e0-9677-b3170d1ad4ac 200 in 10ms (compile: 5ms, render: 5ms)
 DELETE /api/tasks/d258acef-e6af-4c40-b4f9-1e1c340ed062 200 in 5ms (compile: 1569µs, render: 4ms)
 POST /api/tasks 201 in 6ms (compile: 1375µs, render: 4ms)
 POST /api/tasks 201 in 3ms (compile: 908µs, render: 2ms)
 GET /api/tasks 200 in 5ms (compile: 1485µs, render: 3ms)
 DELETE /api/tasks/3b13605d-8c27-4d52-903d-1623d2df6896 200 in 9ms (compile: 5ms, render: 5ms)
 DELETE /api/tasks/797e544f-1af0-4cb6-be99-59971bf39d69 200 in 5ms (compile: 1440µs, render: 4ms)
 POST /api/tasks 201 in 6ms (compile: 1750µs, render: 4ms)
 POST /api/tasks 201 in 4ms (compile: 1387µs, render: 3ms)
 GET /api/tasks 200 in 6ms (compile: 1795µs, render: 4ms)
 DELETE /api/tasks/68e7beeb-f237-41d9-8d66-3230d7ec9f41 200 in 9ms (compile: 5ms, render: 5ms)
 DELETE /api/tasks/06dfaf01-fdc7-40fc-8e79-1417a3c415fb 200 in 5ms (compile: 1219µs, render: 4ms)
 POST /api/tasks 201 in 5ms (compile: 1167µs, render: 4ms)
 POST /api/tasks 201 in 3ms (compile: 840µs, render: 2ms)
 GET /api/tasks 200 in 5ms (compile: 1915µs, render: 3ms)
 DELETE /api/tasks/af7b61cc-c5e0-4131-acc5-37817d0449da 200 in 9ms (compile: 4ms, render: 5ms)
 DELETE /api/tasks/5d358837-eb12-41d2-9d06-b9fd88f18f1d 200 in 5ms (compile: 1573µs, render: 4ms)
 POST /api/tasks 201 in 6ms (compile: 1608µs, render: 4ms)
 POST /api/tasks 201 in 4ms (compile: 995µs, render: 3ms)
 GET /api/tasks 200 in 5ms (compile: 1420µs, render: 3ms)
 DELETE /api/tasks/4c1e0f48-4da0-4004-a445-870bb17861d0 200 in 10ms (compile: 5ms, render: 4ms)
 DELETE /api/tasks/d496d511-ee82-4f31-b2fa-b5f61cb20b1f 200 in 5ms (compile: 1618µs, render: 4ms)
 POST /api/tasks 201 in 6ms (compile: 1558µs, render: 5ms)
 POST /api/tasks 201 in 3ms (compile: 906µs, render: 2ms)
 GET /api/tasks 200 in 6ms (compile: 2ms, render: 4ms)
 DELETE /api/tasks/f006b5ab-e61c-4cc1-868f-4bed5956036d 200 in 9ms (compile: 5ms, render: 5ms)
 DELETE /api/tasks/92c26839-fa99-48a7-8d56-c06aea5ec720 200 in 5ms (compile: 1453µs, render: 4ms)
 POST /api/tasks 201 in 5ms (compile: 1252µs, render: 4ms)
 POST /api/tasks 201 in 4ms (compile: 960µs, render: 3ms)
 GET /api/tasks 200 in 6ms (compile: 2ms, render: 4ms)
 DELETE /api/tasks/71f3592b-c238-41de-9e60-91f434694060 200 in 9ms (compile: 4ms, render: 5ms)
 DELETE /api/tasks/a7038b4a-b6e2-4be6-9da2-107283a16a86 200 in 5ms (compile: 1552µs, render: 3ms)
 POST /api/tasks 201 in 5ms (compile: 1292µs, render: 4ms)
 POST /api/tasks 201 in 4ms (compile: 1114µs, render: 3ms)
 GET /api/tasks 200 in 6ms (compile: 2ms, render: 4ms)
 DELETE /api/tasks/e55d2e68-11ce-4ca2-a295-a0bd64ab8bef 200 in 9ms (compile: 4ms, render: 4ms)
 DELETE /api/tasks/9a23cbae-57d9-4938-8384-c5dc64890d10 200 in 5ms (compile: 1449µs, render: 3ms)
 POST /api/tasks 201 in 5ms (compile: 1273µs, render: 4ms)
 POST /api/tasks 201 in 4ms (compile: 1140µs, render: 3ms)
 GET /api/tasks 200 in 6ms (compile: 2ms, render: 4ms)
 DELETE /api/tasks/d61a016c-ab66-4c94-bc7c-d199a7c43b10 200 in 14ms (compile: 6ms, render: 8ms)
 DELETE /api/tasks/a167cb30-aa9a-4508-b63e-720d04778036 200 in 4ms (compile: 1087µs, render: 2ms)
 POST /api/tasks 201 in 3ms (compile: 612µs, render: 2ms)
 POST /api/tasks 201 in 3ms (compile: 684µs, render: 1846µs)
 GET /api/tasks 200 in 6ms (compile: 2ms, render: 4ms)
 DELETE /api/tasks/8010fd89-f8a2-4c9a-bf45-723abb33f365 200 in 10ms (compile: 5ms, render: 5ms)
 DELETE /api/tasks/c3a75b62-91dc-4c6a-b91e-1946dc24601f 200 in 5ms (compile: 1601µs, render: 4ms)
 POST /api/tasks 201 in 6ms (compile: 1465µs, render: 4ms)
 POST /api/tasks 201 in 4ms (compile: 1198µs, render: 3ms)
 GET /api/tasks 200 in 6ms (compile: 2ms, render: 4ms)
 DELETE /api/tasks/2b1cd4e2-62f3-4cb0-a6a6-999b849ae10c 200 in 9ms (compile: 5ms, render: 5ms)
 DELETE /api/tasks/534bed32-3ea9-4a23-a01f-2e07eaedcbfe 200 in 5ms (compile: 1456µs, render: 4ms)
 POST /api/tasks 201 in 6ms (compile: 1746µs, render: 4ms)
 POST /api/tasks 201 in 4ms (compile: 1035µs, render: 3ms)
 GET /api/tasks 200 in 6ms (compile: 2ms, render: 4ms)
 DELETE /api/tasks/044b6350-0346-4057-86d8-05117560c0cb 200 in 9ms (compile: 5ms, render: 4ms)
 DELETE /api/tasks/cae27b90-686e-41cd-83f4-af2dd141fb33 200 in 5ms (compile: 1564µs, render: 4ms)
 POST /api/tasks 201 in 5ms (compile: 1657µs, render: 4ms)
 POST /api/tasks 201 in 3ms (compile: 670µs, render: 2ms)
 GET /api/tasks 200 in 6ms (compile: 2ms, render: 4ms)
 DELETE /api/tasks/985b0860-99c3-47f7-8f55-0f8fbc950b33 200 in 9ms (compile: 4ms, render: 5ms)
 DELETE /api/tasks/213fff11-57e9-4925-89ec-12fbbac060a5 200 in 5ms (compile: 1589µs, render: 4ms)
 POST /api/tasks 201 in 6ms (compile: 1421µs, render: 4ms)
 POST /api/tasks 201 in 4ms (compile: 1246µs, render: 3ms)
 GET /api/tasks 200 in 6ms (compile: 2ms, render: 4ms)
 DELETE /api/tasks/c3c23b16-24ff-4e3f-960b-8c74c91b2f64 200 in 9ms (compile: 5ms, render: 5ms)
 DELETE /api/tasks/e948a39f-319c-4523-822e-2e4b980c39dd 200 in 5ms (compile: 1478µs, render: 4ms)
 POST /api/tasks 201 in 5ms (compile: 1220µs, render: 4ms)
 POST /api/tasks 201 in 3ms (compile: 785µs, render: 2ms)
 GET /api/tasks 200 in 4ms (compile: 1592µs, render: 2ms)
 DELETE /api/tasks/128bdea3-dc37-4c27-97bc-717d9daa5637 200 in 6ms (compile: 3ms, render: 3ms)
 DELETE /api/tasks/c34a6fe3-8f39-44ca-afb6-e6de5a13536e 200 in 4ms (compile: 1382µs, render: 3ms)
 POST /api/tasks 201 in 12ms (compile: 10ms, render: 3ms)
 POST /api/tasks 201 in 3ms (compile: 841µs, render: 2ms)
 GET /api/tasks 200 in 6ms (compile: 2ms, render: 4ms)
 DELETE /api/tasks/bafa5e24-42e3-42a3-a368-70fbd55c2d0d 200 in 9ms (compile: 5ms, render: 5ms)
 DELETE /api/tasks/4f219f95-e30c-4adc-909e-94ba19d353d8 200 in 5ms (compile: 1486µs, render: 3ms)
 POST /api/tasks 201 in 5ms (compile: 1313µs, render: 4ms)
 POST /api/tasks 201 in 5ms (compile: 1256µs, render: 3ms)
 GET /api/tasks 200 in 6ms (compile: 2ms, render: 4ms)
 DELETE /api/tasks/f3009603-6f77-4914-ae65-7f222dbde231 200 in 9ms (compile: 4ms, render: 5ms)
 DELETE /api/tasks/569f6b0d-938d-4c23-93de-160f0be1f56f 200 in 5ms (compile: 1414µs, render: 3ms)
 POST /api/tasks 201 in 5ms (compile: 1541µs, render: 4ms)
 POST /api/tasks 201 in 3ms (compile: 802µs, render: 2ms)
 GET /api/tasks 200 in 6ms (compile: 2ms, render: 4ms)
 DELETE /api/tasks/111b5628-9a27-4247-9992-0cbab59c4fbc 200 in 10ms (compile: 5ms, render: 5ms)
 DELETE /api/tasks/a7cb1836-0353-4cfe-8a40-e9fea8c48d64 200 in 5ms (compile: 1509µs, render: 4ms)
 POST /api/tasks 201 in 5ms (compile: 1321µs, render: 4ms)
 POST /api/tasks 201 in 5ms (compile: 1451µs, render: 4ms)
 GET /api/tasks 200 in 6ms (compile: 2ms, render: 4ms)
 DELETE /api/tasks/5bb1b754-77d3-458c-9a50-9fa287f90d13 200 in 10ms (compile: 5ms, render: 5ms)
 DELETE /api/tasks/9cae855a-e30e-4da5-ab5f-a2119e1dbdc4 200 in 5ms (compile: 1497µs, render: 4ms)
 POST /api/tasks 201 in 5ms (compile: 1386µs, render: 4ms)
 POST /api/tasks 201 in 4ms (compile: 1264µs, render: 3ms)
 GET /api/tasks 200 in 6ms (compile: 2ms, render: 4ms)
 DELETE /api/tasks/958806b5-fc41-423d-ae84-0e170a30a2c0 200 in 10ms (compile: 5ms, render: 5ms)
 DELETE /api/tasks/f11cb37e-d8f6-4872-8244-afe69e21eaaa 200 in 5ms (compile: 1483µs, render: 3ms)
 POST /api/tasks 201 in 6ms (compile: 1326µs, render: 4ms)
 POST /api/tasks 201 in 4ms (compile: 1195µs, render: 3ms)
 GET /api/tasks 200 in 6ms (compile: 2ms, render: 4ms)
 DELETE /api/tasks/036b7ce7-3538-4071-9f8c-2c2780b05852 200 in 9ms (compile: 4ms, render: 5ms)
 DELETE /api/tasks/56b118e9-7e55-4d0c-a8ae-5046a1db016e 200 in 5ms (compile: 1939µs, render: 3ms)
 POST /api/tasks 201 in 6ms (compile: 1392µs, render: 4ms)
 POST /api/tasks 201 in 4ms (compile: 1077µs, render: 3ms)
 GET /api/tasks 200 in 6ms (compile: 2ms, render: 4ms)
 DELETE /api/tasks/fba1bfa5-95fc-4379-ad6d-da8bf7222254 200 in 9ms (compile: 5ms, render: 4ms)
 DELETE /api/tasks/b29e9fee-2162-44f9-90f4-add70f23b0e8 200 in 5ms (compile: 1348µs, render: 3ms)
 POST /api/tasks 201 in 5ms (compile: 1217µs, render: 4ms)
 POST /api/tasks 201 in 4ms (compile: 972µs, render: 3ms)
 GET /api/tasks 200 in 6ms (compile: 2ms, render: 4ms)
 DELETE /api/tasks/288e2598-7950-41c6-bd77-6dda6d3ef6ca 200 in 9ms (compile: 4ms, render: 5ms)
 DELETE /api/tasks/d05e1f49-ce21-4530-abc4-4442794de7dd 200 in 5ms (compile: 1448µs, render: 4ms)
 POST /api/tasks 201 in 6ms (compile: 1464µs, render: 4ms)
 POST /api/tasks 201 in 4ms (compile: 1083µs, render: 3ms)
 GET /api/tasks 200 in 6ms (compile: 2ms, render: 4ms)
 DELETE /api/tasks/40f50724-6152-491d-b9a5-73e1503416d3 200 in 10ms (compile: 5ms, render: 5ms)
 DELETE /api/tasks/9d7fb277-ac95-4444-9ed0-39fd006acdd9 200 in 5ms (compile: 1487µs, render: 4ms)
 POST /api/tasks 201 in 5ms (compile: 1259µs, render: 4ms)
 POST /api/tasks 201 in 5ms (compile: 1279µs, render: 3ms)
 GET /api/tasks 200 in 6ms (compile: 2ms, render: 4ms)
 DELETE /api/tasks/e4417bdc-0a41-4d82-a604-8958e16aa8bb 200 in 9ms (compile: 5ms, render: 5ms)
 DELETE /api/tasks/6a791ced-dd87-47dc-9048-e173722df72e 200 in 5ms (compile: 1464µs, render: 3ms)
 POST /api/tasks 201 in 5ms (compile: 1283µs, render: 4ms)
 POST /api/tasks 201 in 4ms (compile: 1175µs, render: 3ms)
 GET /api/tasks 200 in 6ms (compile: 2ms, render: 4ms)
 DELETE /api/tasks/baf61ad2-ce8b-484d-b0ba-057ff89e9acb 200 in 9ms (compile: 4ms, render: 4ms)
 DELETE /api/tasks/b19ee9d0-08a4-432b-b8af-2784c9c3ef03 200 in 5ms (compile: 1612µs, render: 4ms)
 POST /api/tasks 201 in 6ms (compile: 1507µs, render: 4ms)
 POST /api/tasks 201 in 4ms (compile: 1113µs, render: 3ms)
 GET /api/tasks 200 in 6ms (compile: 2ms, render: 4ms)
 DELETE /api/tasks/b14858cd-ca9c-49d1-a111-6e3ea522d4f9 200 in 9ms (compile: 5ms, render: 4ms)
 DELETE /api/tasks/8d35eff6-b098-44bf-b465-683670e000db 200 in 5ms (compile: 1394µs, render: 4ms)
 POST /api/tasks 201 in 5ms (compile: 1283µs, render: 4ms)
 POST /api/tasks 201 in 4ms (compile: 983µs, render: 3ms)
 GET /api/tasks 200 in 6ms (compile: 2ms, render: 4ms)
 DELETE /api/tasks/2f2c289e-cf56-49ad-a96c-7018463dfcb7 200 in 10ms (compile: 5ms, render: 5ms)
 DELETE /api/tasks/4161a62e-7c84-4641-9a21-5ad1a3505839 200 in 5ms (compile: 1432µs, render: 3ms)
 POST /api/tasks 201 in 5ms (compile: 1253µs, render: 4ms)
 POST /api/tasks 201 in 4ms (compile: 1124µs, render: 3ms)
 GET /api/tasks 200 in 6ms (compile: 2ms, render: 4ms)
 DELETE /api/tasks/ae854a07-cb7f-46c0-a86b-504a2b06ac91 200 in 9ms (compile: 5ms, render: 4ms)
 DELETE /api/tasks/d3017eb3-bbb9-4147-8539-c8d58eefe267 200 in 5ms (compile: 1414µs, render: 4ms)
 POST /api/tasks 201 in 6ms (compile: 1828µs, render: 4ms)
 POST /api/tasks 201 in 3ms (compile: 1044µs, render: 2ms)
 GET /api/tasks 200 in 6ms (compile: 2ms, render: 4ms)
 DELETE /api/tasks/b0aec32c-a89c-41d2-b567-1ef96c474a64 200 in 9ms (compile: 5ms, render: 4ms)
 DELETE /api/tasks/ecb50d3a-59bb-447e-b9e7-c5a6316a0715 200 in 5ms (compile: 1433µs, render: 3ms)
 POST /api/tasks 201 in 5ms (compile: 1251µs, render: 4ms)
 POST /api/tasks 201 in 3ms (compile: 880µs, render: 2ms)
 GET /api/tasks 200 in 6ms (compile: 2ms, render: 4ms)
 DELETE /api/tasks/e303172a-723a-4942-8841-b39f1a0bf02f 200 in 9ms (compile: 5ms, render: 5ms)
 DELETE /api/tasks/f5dd3bae-16dc-4fae-938f-209b4d00b5bd 200 in 5ms (compile: 1529µs, render: 4ms)
 POST /api/tasks 201 in 5ms (compile: 1292µs, render: 4ms)
 POST /api/tasks 201 in 4ms (compile: 1227µs, render: 3ms)
 GET /api/tasks 200 in 6ms (compile: 2ms, render: 4ms)
 DELETE /api/tasks/86e94245-04c7-4d46-a7ff-4de758555e16 200 in 9ms (compile: 4ms, render: 5ms)
 DELETE /api/tasks/aad54c08-640e-4b51-afd7-58d40a4ca15e 200 in 5ms (compile: 1472µs, render: 3ms)
 POST /api/tasks 201 in 6ms (compile: 1437µs, render: 5ms)
 POST /api/tasks 201 in 4ms (compile: 1221µs, render: 3ms)
 GET /api/tasks 200 in 6ms (compile: 2ms, render: 4ms)
 DELETE /api/tasks/34f48dbb-e34e-41ff-8c8e-870f21a7072e 200 in 10ms (compile: 6ms, render: 5ms)
 DELETE /api/tasks/e63934b1-a72b-4f41-a32c-8a8d954732d4 200 in 5ms (compile: 1518µs, render: 4ms)
 POST /api/tasks 201 in 5ms (compile: 1268µs, render: 4ms)
 POST /api/tasks 201 in 5ms (compile: 1277µs, render: 3ms)
 GET /api/tasks 200 in 7ms (compile: 2ms, render: 4ms)
 DELETE /api/tasks/b12ea906-831f-4217-ad52-23399e9a387e 200 in 10ms (compile: 5ms, render: 5ms)
 DELETE /api/tasks/49e76512-7846-4020-b1da-5022472147b0 200 in 5ms (compile: 1256µs, render: 4ms)
 POST /api/tasks 201 in 5ms (compile: 1609µs, render: 3ms)
 POST /api/tasks 201 in 3ms (compile: 798µs, render: 2ms)
 GET /api/tasks 200 in 6ms (compile: 2ms, render: 4ms)
 DELETE /api/tasks/66d60e0c-f141-4332-a938-39a52dbf4882 200 in 9ms (compile: 5ms, render: 5ms)
 DELETE /api/tasks/7e2b9501-033d-45ab-aa51-12f880019f83 200 in 5ms (compile: 1452µs, render: 4ms)
 POST /api/tasks 201 in 5ms (compile: 1818µs, render: 4ms)
 POST /api/tasks 201 in 4ms (compile: 1070µs, render: 3ms)
 GET /api/tasks 200 in 6ms (compile: 2ms, render: 4ms)
 DELETE /api/tasks/d39c6aa0-f950-44db-b076-ab5c524f6352 200 in 9ms (compile: 5ms, render: 4ms)
 DELETE /api/tasks/03f5d593-a48a-41e9-8771-02a0616fa253 200 in 5ms (compile: 1509µs, render: 4ms)
 POST /api/tasks 201 in 6ms (compile: 1332µs, render: 4ms)
 POST /api/tasks 201 in 4ms (compile: 1121µs, render: 2ms)
 GET /api/tasks 200 in 6ms (compile: 1868µs, render: 4ms)
 DELETE /api/tasks/04a295cd-7da3-43a7-8f1a-35d8c7352f55 200 in 9ms (compile: 5ms, render: 4ms)
 DELETE /api/tasks/29427bd2-5627-48d4-8a1d-3daf3e4b0aaf 200 in 5ms (compile: 1602µs, render: 4ms)
 POST /api/tasks 201 in 5ms (compile: 1486µs, render: 4ms)
 POST /api/tasks 201 in 3ms (compile: 744µs, render: 2ms)
 GET /api/tasks 200 in 6ms (compile: 2ms, render: 4ms)
 DELETE /api/tasks/edc4bf52-1229-403f-8721-9e12af88324c 200 in 9ms (compile: 5ms, render: 4ms)
 DELETE /api/tasks/d07299be-30b2-49cd-a483-b01826ad5678 200 in 5ms (compile: 1430µs, render: 3ms)
 POST /api/tasks 201 in 5ms (compile: 1302µs, render: 4ms)
 POST /api/tasks 201 in 3ms (compile: 1000µs, render: 2ms)
 GET /api/tasks 200 in 6ms (compile: 2ms, render: 4ms)
 DELETE /api/tasks/f0c1a2fc-d3f3-4a7b-a1d2-a6f28ab7c4d3 200 in 9ms (compile: 5ms, render: 4ms)
 DELETE /api/tasks/53f40538-6de9-4d65-b484-e9841f14b979 200 in 5ms (compile: 1414µs, render: 3ms)
 POST /api/tasks 201 in 5ms (compile: 1258µs, render: 4ms)
 POST /api/tasks 201 in 4ms (compile: 1145µs, render: 3ms)
 GET /api/tasks 200 in 6ms (compile: 2ms, render: 4ms)
 DELETE /api/tasks/42285fbd-ee4e-427f-ade9-7d29224a79ae 200 in 10ms (compile: 5ms, render: 4ms)
 DELETE /api/tasks/97c1cd1f-6830-419f-b01d-e58154c8118a 200 in 5ms (compile: 1458µs, render: 4ms)
 POST /api/tasks 201 in 6ms (compile: 1288µs, render: 4ms)
 POST /api/tasks 201 in 4ms (compile: 1125µs, render: 3ms)
 GET /api/tasks 200 in 6ms (compile: 2ms, render: 4ms)
 DELETE /api/tasks/cecbacb9-47c9-44fb-b85a-bf5efe1c712f 200 in 9ms (compile: 4ms, render: 4ms)
 DELETE /api/tasks/e43241fd-2810-4630-a2ab-4b92fb38b845 200 in 5ms (compile: 1436µs, render: 4ms)
 POST /api/tasks 201 in 6ms (compile: 1426µs, render: 4ms)
 POST /api/tasks 201 in 4ms (compile: 1084µs, render: 3ms)
 GET /api/tasks 200 in 6ms (compile: 2ms, render: 4ms)
 DELETE /api/tasks/a368e116-c247-4519-822b-bf42baeed098 200 in 10ms (compile: 5ms, render: 5ms)
 DELETE /api/tasks/023e4f85-30e9-46d5-b999-29b7757977bc 200 in 5ms (compile: 1480µs, render: 3ms)
 POST /api/tasks 201 in 5ms (compile: 1321µs, render: 4ms)
 POST /api/tasks 201 in 4ms (compile: 1220µs, render: 3ms)
 GET /api/tasks 200 in 6ms (compile: 2ms, render: 4ms)
 DELETE /api/tasks/c54c7a4d-d7f8-4fdc-8222-f272248acfae 200 in 9ms (compile: 4ms, render: 5ms)
 DELETE /api/tasks/dc9e7368-13bc-4d6b-ab89-53d81de00c65 200 in 5ms (compile: 1481µs, render: 4ms)
 POST /api/tasks 201 in 5ms (compile: 1285µs, render: 4ms)
 POST /api/tasks 201 in 3ms (compile: 783µs, render: 2ms)
 GET /api/tasks 200 in 6ms (compile: 1638µs, render: 4ms)
 DELETE /api/tasks/31f1fadf-600b-41f0-85cd-c99809195fa1 200 in 7ms (compile: 4ms, render: 4ms)
 DELETE /api/tasks/d984a8d5-64ef-44ff-9a33-b4693911ee09 200 in 4ms (compile: 1039µs, render: 3ms)
 POST /api/tasks 201 in 3ms (compile: 834µs, render: 3ms)
 POST /api/tasks 201 in 4ms (compile: 946µs, render: 3ms)
 GET /api/tasks 200 in 6ms (compile: 2ms, render: 4ms)
 DELETE /api/tasks/4c644a90-6281-4e73-ab50-7b3be000c03d 200 in 10ms (compile: 5ms, render: 4ms)
 DELETE /api/tasks/ea0be4d8-f844-4441-b4f4-b2dfde6252d1 200 in 5ms (compile: 1467µs, render: 4ms)
 POST /api/tasks 201 in 6ms (compile: 1435µs, render: 4ms)
 POST /api/tasks 201 in 5ms (compile: 1225µs, render: 3ms)
 GET /api/tasks 200 in 6ms (compile: 2ms, render: 4ms)
 DELETE /api/tasks/38416fa1-94cd-4477-82a2-a16682b9668b 200 in 11ms (compile: 5ms, render: 6ms)
 DELETE /api/tasks/5893a985-2731-4bce-8164-8639cbd667fb 200 in 3ms (compile: 951µs, render: 2ms)
 POST /api/tasks 201 in 3ms (compile: 677µs, render: 2ms)
 POST /api/tasks 201 in 2ms (compile: 545µs, render: 1618µs)
 GET /api/tasks 200 in 6ms (compile: 2ms, render: 4ms)
 DELETE /api/tasks/89a48495-3ce1-47dd-a148-5560b4819523 200 in 9ms (compile: 5ms, render: 4ms)
 DELETE /api/tasks/5e95bb70-30b1-46a3-ab31-c261f1ed26df 200 in 5ms (compile: 1434µs, render: 3ms)
 POST /api/tasks 201 in 5ms (compile: 1280µs, render: 4ms)
 POST /api/tasks 201 in 4ms (compile: 1172µs, render: 3ms)
 GET /api/tasks 200 in 6ms (compile: 2ms, render: 4ms)
 DELETE /api/tasks/17b75dbc-7444-42e5-9f89-f79f69160510 200 in 9ms (compile: 5ms, render: 4ms)
 DELETE /api/tasks/47a291f3-930c-4542-9f5a-c7b331d5c204 200 in 5ms (compile: 1454µs, render: 3ms)
 POST /api/tasks 201 in 5ms (compile: 1466µs, render: 4ms)
 POST /api/tasks 201 in 3ms (compile: 901µs, render: 2ms)
 GET /api/tasks 200 in 6ms (compile: 2ms, render: 4ms)
 DELETE /api/tasks/b3bae6e3-1667-4474-8639-2133038a3e2e 200 in 9ms (compile: 5ms, render: 4ms)
 DELETE /api/tasks/cd441159-ade1-4081-bcdf-760282e7e214 200 in 5ms (compile: 1407µs, render: 3ms)
 POST /api/tasks 201 in 5ms (compile: 1298µs, render: 4ms)
 POST /api/tasks 201 in 3ms (compile: 1138µs, render: 1969µs)
 GET /api/tasks 200 in 6ms (compile: 2ms, render: 4ms)
 DELETE /api/tasks/0a0d67f7-de8e-400e-8a82-61e2b0582693 200 in 10ms (compile: 5ms, render: 5ms)
 DELETE /api/tasks/4043c5d7-9cd8-4219-9f49-283af0ab47fa 200 in 5ms (compile: 1494µs, render: 3ms)
 POST /api/tasks 201 in 5ms (compile: 1531µs, render: 4ms)
 POST /api/tasks 201 in 4ms (compile: 1070µs, render: 3ms)
 GET /api/tasks 200 in 6ms (compile: 2ms, render: 4ms)
 DELETE /api/tasks/a6e0cfb6-ef18-46fd-b270-5c4fc7843d4a 200 in 10ms (compile: 5ms, render: 5ms)
 DELETE /api/tasks/c10b0e52-2f6e-496d-b435-33565990c02d 200 in 5ms (compile: 1518µs, render: 4ms)
 POST /api/tasks 201 in 6ms (compile: 1601µs, render: 4ms)
 POST /api/tasks 201 in 4ms (compile: 1251µs, render: 3ms)
 GET /api/tasks 200 in 6ms (compile: 2ms, render: 4ms)
 DELETE /api/tasks/93b8d628-a80b-43a9-b129-3ddc883b7a31 200 in 9ms (compile: 4ms, render: 5ms)
 DELETE /api/tasks/2d57bcb6-7068-4dbc-891a-ba9b8c9d16f1 200 in 5ms (compile: 1482µs, render: 4ms)
 POST /api/tasks 201 in 5ms (compile: 1760µs, render: 3ms)
 POST /api/tasks 201 in 4ms (compile: 1127µs, render: 3ms)
 GET /api/tasks 200 in 6ms (compile: 2ms, render: 4ms)
 DELETE /api/tasks/9059dfba-b11d-490f-a44a-293b55aee02c 200 in 10ms (compile: 5ms, render: 5ms)
 DELETE /api/tasks/9f3fc0bd-7cf7-4f8c-9d6d-395b6f24ed48 200 in 5ms (compile: 1307µs, render: 4ms)
 POST /api/tasks 201 in 5ms (compile: 1400µs, render: 4ms)
 POST /api/tasks 201 in 4ms (compile: 1130µs, render: 3ms)
 GET /api/tasks 200 in 6ms (compile: 1974µs, render: 4ms)
 DELETE /api/tasks/e0181f2a-fc6f-43e8-8351-42638f717a4c 200 in 10ms (compile: 5ms, render: 5ms)
 DELETE /api/tasks/b6f6e93a-2b48-41b9-bad3-8fe53fb4dbe4 200 in 5ms (compile: 1431µs, render: 3ms)
 POST /api/tasks 201 in 5ms (compile: 1229µs, render: 4ms)
 POST /api/tasks 201 in 4ms (compile: 1135µs, render: 3ms)
 GET /api/tasks 200 in 6ms (compile: 2ms, render: 4ms)
 DELETE /api/tasks/d5d311e5-a4ce-4145-9b7e-e4342b99aa66 200 in 10ms (compile: 5ms, render: 4ms)
 DELETE /api/tasks/b05a420d-cb95-44a8-8f63-a628e7c8ac36 200 in 5ms (compile: 1458µs, render: 4ms)
 POST /api/tasks 201 in 5ms (compile: 1432µs, render: 3ms)
 POST /api/tasks 201 in 3ms (compile: 667µs, render: 2ms)
 GET /api/tasks 200 in 6ms (compile: 2ms, render: 4ms)
 DELETE /api/tasks/8855b125-6369-415f-8b74-125f268d49c3 200 in 10ms (compile: 5ms, render: 5ms)
 DELETE /api/tasks/d21b00f3-6183-4296-8919-0f110033cf42 200 in 5ms (compile: 1561µs, render: 4ms)
 POST /api/tasks 201 in 6ms (compile: 1868µs, render: 4ms)
 POST /api/tasks 201 in 4ms (compile: 1098µs, render: 3ms)
 GET /api/tasks 200 in 6ms (compile: 2ms, render: 4ms)
 DELETE /api/tasks/4c15e5c5-0fa5-4034-b7da-fe36bad74124 200 in 9ms (compile: 5ms, render: 5ms)
 DELETE /api/tasks/f8faf70f-3bce-4891-9af8-c011237158ba 200 in 5ms (compile: 1665µs, render: 4ms)
 POST /api/tasks 201 in 6ms (compile: 1376µs, render: 4ms)
 POST /api/tasks 201 in 4ms (compile: 1049µs, render: 3ms)
 GET /api/tasks 200 in 6ms (compile: 2ms, render: 4ms)
 DELETE /api/tasks/7a4c808a-d464-4ef0-9d0d-470c15b0153b 200 in 10ms (compile: 5ms, render: 5ms)
 DELETE /api/tasks/2ec69506-0546-4435-9ab5-cebd0d8c2869 200 in 6ms (compile: 1697µs, render: 4ms)
 POST /api/tasks 201 in 5ms (compile: 1527µs, render: 3ms)
 POST /api/tasks 201 in 3ms (compile: 827µs, render: 2ms)
 GET /api/tasks 200 in 6ms (compile: 2ms, render: 4ms)
 DELETE /api/tasks/1cb9982e-d0a6-4511-a4b6-d52925b52fb3 200 in 12ms (compile: 6ms, render: 6ms)
 DELETE /api/tasks/6bc432b9-7873-4e68-be6f-7eef1a2f4adf 200 in 3ms (compile: 934µs, render: 2ms)
 POST /api/tasks 201 in 3ms (compile: 725µs, render: 2ms)
 POST /api/tasks 201 in 1978µs (compile: 492µs, render: 1486µs)
 GET /api/tasks 200 in 5ms (compile: 1994µs, render: 3ms)
 DELETE /api/tasks/5e499134-6f06-4db1-aaec-9b084c90ef8e 200 in 9ms (compile: 5ms, render: 4ms)
 DELETE /api/tasks/af073071-8fc3-4a21-9f38-a9328d927e7f 200 in 5ms (compile: 1473µs, render: 4ms)
 POST /api/tasks 201 in 5ms (compile: 1300µs, render: 4ms)
 POST /api/tasks 201 in 3ms (compile: 832µs, render: 2ms)
 GET /api/tasks 200 in 6ms (compile: 2ms, render: 4ms)
 DELETE /api/tasks/d852be6b-2908-4b31-b06c-05de5d766935 200 in 9ms (compile: 5ms, render: 4ms)
 DELETE /api/tasks/3bd7203a-4e50-4254-a551-785b87a45ffc 200 in 5ms (compile: 1381µs, render: 4ms)
 POST /api/tasks 201 in 5ms (compile: 1865µs, render: 4ms)
 POST /api/tasks 201 in 3ms (compile: 766µs, render: 2ms)
 GET /api/tasks 200 in 5ms (compile: 1826µs, render: 3ms)
 DELETE /api/tasks/a2500114-0780-4491-bec6-8d9965512fd1 200 in 8ms (compile: 4ms, render: 4ms)
 DELETE /api/tasks/d3612fce-587c-4ffb-ba92-8d9822258175 200 in 5ms (compile: 1609µs, render: 4ms)
 POST /api/tasks 201 in 6ms (compile: 1524µs, render: 5ms)
 POST /api/tasks 201 in 5ms (compile: 1286µs, render: 3ms)
 GET /api/tasks 200 in 6ms (compile: 2ms, render: 4ms)
 DELETE /api/tasks/f1d737f8-7e3e-43c0-8c96-57ea23da2b46 200 in 9ms (compile: 4ms, render: 4ms)
 DELETE /api/tasks/f47ed72e-1f24-4de6-b2e5-272919fb4282 200 in 5ms (compile: 1423µs, render: 3ms)
 POST /api/tasks 201 in 5ms (compile: 1503µs, render: 3ms)
 POST /api/tasks 201 in 3ms (compile: 910µs, render: 2ms)
 GET /api/tasks 200 in 6ms (compile: 2ms, render: 4ms)
 DELETE /api/tasks/91dbd699-778b-469c-9c0e-30f024085bdf 200 in 9ms (compile: 5ms, render: 4ms)
 DELETE /api/tasks/4b6961cb-f07c-420a-a28c-62982a859d38 200 in 5ms (compile: 1546µs, render: 4ms)
 POST /api/tasks 201 in 5ms (compile: 1269µs, render: 4ms)
 POST /api/tasks 201 in 4ms (compile: 1181µs, render: 3ms)
 GET /api/tasks 200 in 6ms (compile: 2ms, render: 4ms)
 DELETE /api/tasks/6b19633f-0f6f-4899-84a9-f8c136955a0f 200 in 9ms (compile: 4ms, render: 4ms)
 DELETE /api/tasks/8096b65e-ac7d-4956-81c8-6c0ddb7dcd56 200 in 5ms (compile: 1514µs, render: 3ms)
 POST /api/tasks 201 in 5ms (compile: 1802µs, render: 4ms)
 POST /api/tasks 201 in 4ms (compile: 1053µs, render: 3ms)
 GET /api/tasks 200 in 6ms (compile: 2ms, render: 4ms)
 DELETE /api/tasks/d1b53714-201c-40a1-9654-70062c5b5237 200 in 9ms (compile: 5ms, render: 5ms)
 DELETE /api/tasks/d06c4637-e8cd-4f03-b678-1e6132eae822 200 in 5ms (compile: 1427µs, render: 3ms)
 POST /api/tasks 201 in 6ms (compile: 1273µs, render: 4ms)
 POST /api/tasks 201 in 4ms (compile: 1083µs, render: 3ms)
 GET /api/tasks 200 in 6ms (compile: 2ms, render: 4ms)
 DELETE /api/tasks/2cedafe1-7640-4f56-b1dc-7ce28b59a172 200 in 10ms (compile: 5ms, render: 5ms)
 DELETE /api/tasks/fa2e3806-a1af-486d-a275-60022c3f0572 200 in 6ms (compile: 1594µs, render: 4ms)
 POST /api/tasks 201 in 6ms (compile: 1676µs, render: 4ms)
 POST /api/tasks 201 in 4ms (compile: 1256µs, render: 3ms)
 GET /api/tasks 200 in 6ms (compile: 2ms, render: 4ms)
 DELETE /api/tasks/3d5cbfeb-e011-4dd5-9ba9-32f4f9f45684 200 in 9ms (compile: 5ms, render: 4ms)
 DELETE /api/tasks/a31ecdf3-bb48-4fdb-96b2-7057f6c7a174 200 in 5ms (compile: 1482µs, render: 3ms)
 POST /api/tasks 201 in 6ms (compile: 1509µs, render: 4ms)
 POST /api/tasks 201 in 4ms (compile: 1030µs, render: 3ms)
 GET /api/tasks 200 in 6ms (compile: 2ms, render: 4ms)
 DELETE /api/tasks/30571963-951a-4d87-9622-60db0a879ffe 200 in 9ms (compile: 5ms, render: 4ms)
 DELETE /api/tasks/625a470a-3b54-48e4-99c7-46ad9ce03c07 200 in 5ms (compile: 1483µs, render: 3ms)
 POST /api/tasks 201 in 6ms (compile: 1409µs, render: 4ms)
 POST /api/tasks 201 in 4ms (compile: 1156µs, render: 3ms)
 GET /api/tasks 200 in 6ms (compile: 2ms, render: 4ms)
 DELETE /api/tasks/5bb2679e-0b96-4701-aa54-3876b1fff6fb 200 in 9ms (compile: 5ms, render: 4ms)
 DELETE /api/tasks/7ce2b4d5-d1b3-4c0b-8a34-cf722668becc 200 in 5ms (compile: 1495µs, render: 3ms)
 POST /api/tasks 201 in 5ms (compile: 1288µs, render: 4ms)
 POST /api/tasks 201 in 4ms (compile: 1061µs, render: 3ms)
 GET /api/tasks 200 in 6ms (compile: 2ms, render: 4ms)
 DELETE /api/tasks/10d6192c-a184-462b-ae3c-dbb846eb584f 200 in 10ms (compile: 5ms, render: 5ms)
 DELETE /api/tasks/4ef132fb-3650-46e9-9d17-ec840752b32a 200 in 5ms (compile: 1474µs, render: 3ms)
 POST /api/tasks 201 in 6ms (compile: 1487µs, render: 4ms)
 POST /api/tasks 201 in 4ms (compile: 1116µs, render: 3ms)
 GET /api/tasks 200 in 9ms (compile: 2ms, render: 7ms)
 DELETE /api/tasks/0fc74fab-7f5b-421c-aa9e-8d3c0d2196c3 200 in 10ms (compile: 5ms, render: 5ms)
 DELETE /api/tasks/fd16004e-8070-4217-addf-79becfcf27f4 200 in 5ms (compile: 2ms, render: 3ms)
 POST /api/tasks 201 in 3ms (compile: 921µs, render: 2ms)
 POST /api/tasks 201 in 2ms (compile: 537µs, render: 1645µs)
 GET /api/tasks 200 in 6ms (compile: 2ms, render: 4ms)
 DELETE /api/tasks/dba533b6-0e1e-4139-9154-7e657a857700 200 in 9ms (compile: 5ms, render: 4ms)
 DELETE /api/tasks/6010246d-9446-4ef2-90c0-e7a50b59093e 200 in 5ms (compile: 1423µs, render: 4ms)
 POST /api/tasks 201 in 6ms (compile: 1113µs, render: 5ms)
 POST /api/tasks 201 in 3ms (compile: 853µs, render: 2ms)
 GET /api/tasks 200 in 5ms (compile: 1648µs, render: 4ms)
 DELETE /api/tasks/4d507a1a-4eaf-4f9c-a84d-2f886dbd24f5 200 in 10ms (compile: 5ms, render: 4ms)
 DELETE /api/tasks/50f6d78e-2c66-49b5-9d57-d8743a60e807 200 in 5ms (compile: 1422µs, render: 3ms)
 POST /api/tasks 201 in 6ms (compile: 1659µs, render: 4ms)
 POST /api/tasks 201 in 3ms (compile: 1075µs, render: 2ms)
 GET /api/tasks 200 in 6ms (compile: 2ms, render: 4ms)
 DELETE /api/tasks/90999a2e-b6b1-4f72-b069-000cf88bf78e 200 in 10ms (compile: 5ms, render: 5ms)
 DELETE /api/tasks/91f41d4c-bcac-4138-835c-dcb753c4e5cc 200 in 5ms (compile: 1319µs, render: 4ms)
 POST /api/tasks 201 in 5ms (compile: 1505µs, render: 4ms)
 POST /api/tasks 201 in 4ms (compile: 1014µs, render: 3ms)
 GET /api/tasks 200 in 6ms (compile: 2ms, render: 4ms)
 DELETE /api/tasks/05a33d12-38ff-4cd1-938e-72f989623e86 200 in 9ms (compile: 5ms, render: 4ms)
 DELETE /api/tasks/07002de4-8067-4d5f-a056-672e8f613b97 200 in 5ms (compile: 1569µs, render: 4ms)
 POST /api/tasks 201 in 5ms (compile: 1470µs, render: 3ms)
 POST /api/tasks 201 in 3ms (compile: 798µs, render: 3ms)
 GET /api/tasks 200 in 6ms (compile: 2ms, render: 4ms)
 DELETE /api/tasks/d094ce77-40c2-4959-84f2-21d66e868981 200 in 9ms (compile: 4ms, render: 4ms)
 DELETE /api/tasks/74e9ec6b-2c07-48fb-932b-f1069c7ff32e 200 in 5ms (compile: 1425µs, render: 4ms)
 POST /api/tasks 201 in 5ms (compile: 1349µs, render: 4ms)
 POST /api/tasks 201 in 3ms (compile: 808µs, render: 2ms)
 GET /api/tasks 200 in 6ms (compile: 2ms, render: 4ms)
 DELETE /api/tasks/8c9c7a99-d809-4df1-a1d4-7973125eac01 200 in 9ms (compile: 5ms, render: 4ms)
 DELETE /api/tasks/f7f8973c-9593-4587-b623-4a7576f5c30d 200 in 5ms (compile: 1549µs, render: 4ms)
 POST /api/tasks 201 in 5ms (compile: 1385µs, render: 3ms)
 POST /api/tasks 201 in 3ms (compile: 891µs, render: 2ms)
 GET /api/tasks 200 in 6ms (compile: 2ms, render: 4ms)
 DELETE /api/tasks/a4b5d70b-200e-41ff-9bc7-a64e409b1a25 200 in 9ms (compile: 4ms, render: 5ms)
 DELETE /api/tasks/969a1b9a-d374-4bc9-8057-f5446f3767f1 200 in 5ms (compile: 1444µs, render: 3ms)
 POST /api/tasks 201 in 5ms (compile: 1330µs, render: 4ms)
 POST /api/tasks 201 in 4ms (compile: 1188µs, render: 3ms)
 GET /api/tasks 200 in 6ms (compile: 2ms, render: 4ms)
 DELETE /api/tasks/75156e8a-d744-4cb6-8eab-43209c82b6e9 200 in 10ms (compile: 5ms, render: 5ms)
 DELETE /api/tasks/1ba53388-864f-4e52-aab1-4325223dd832 200 in 5ms (compile: 1830µs, render: 4ms)
 POST /api/tasks 201 in 6ms (compile: 1593µs, render: 4ms)
 POST /api/tasks 201 in 4ms (compile: 1139µs, render: 3ms)
 GET /api/tasks 200 in 6ms (compile: 2ms, render: 4ms)
 DELETE /api/tasks/04ad6f29-6cf6-4ff0-a62c-0e95561d858e 200 in 9ms (compile: 5ms, render: 4ms)
 DELETE /api/tasks/bc022fbc-eeb6-4651-a6ad-9748eb50b2b8 200 in 6ms (compile: 1440µs, render: 4ms)
 POST /api/tasks 201 in 5ms (compile: 1347µs, render: 4ms)
 POST /api/tasks 201 in 3ms (compile: 892µs, render: 2ms)
 GET /api/tasks 200 in 5ms (compile: 1445µs, render: 3ms)
 DELETE /api/tasks/a1cd58a6-0f59-4226-94de-dc9a2b43e34b 200 in 9ms (compile: 5ms, render: 4ms)
 DELETE /api/tasks/c67e6971-6e2b-4ea6-a66e-801c6554622a 200 in 5ms (compile: 1550µs, render: 4ms)
 POST /api/tasks 201 in 5ms (compile: 1568µs, render: 4ms)
 POST /api/tasks 201 in 3ms (compile: 776µs, render: 3ms)
 GET /api/tasks 200 in 6ms (compile: 2ms, render: 4ms)
 DELETE /api/tasks/414189ce-eeea-43fb-8dc1-d81cbab30ad7 200 in 10ms (compile: 5ms, render: 5ms)
 DELETE /api/tasks/bfbb1a6a-5608-4ebe-ba4d-cee181ceb4a3 200 in 5ms (compile: 1671µs, render: 3ms)
 POST /api/tasks 201 in 6ms (compile: 1770µs, render: 4ms)
 POST /api/tasks 201 in 4ms (compile: 1120µs, render: 3ms)
 GET /api/tasks 200 in 6ms (compile: 2ms, render: 4ms)
 DELETE /api/tasks/c4ff8649-b270-4916-abab-b802b0739dd3 200 in 9ms (compile: 4ms, render: 5ms)
 DELETE /api/tasks/5f514e77-fe33-41a9-8ca7-cb31c4f9b1d4 200 in 5ms (compile: 1667µs, render: 4ms)
 POST /api/tasks 201 in 5ms (compile: 1467µs, render: 4ms)
 POST /api/tasks 201 in 4ms (compile: 1300µs, render: 2ms)
 GET /api/tasks 200 in 6ms (compile: 2ms, render: 4ms)
 DELETE /api/tasks/f49fb7a0-967c-4bba-80ce-9f8957c2ff0c 200 in 10ms (compile: 5ms, render: 5ms)
 DELETE /api/tasks/a62d0f36-fd8f-4eb6-a91e-725d74469f3e 200 in 5ms (compile: 1506µs, render: 3ms)
 POST /api/tasks 201 in 5ms (compile: 1395µs, render: 4ms)
 POST /api/tasks 201 in 3ms (compile: 1001µs, render: 2ms)
 GET /api/tasks 200 in 6ms (compile: 1995µs, render: 4ms)
 DELETE /api/tasks/125638ff-2840-4f21-9416-47534a13def9 200 in 9ms (compile: 5ms, render: 5ms)
 DELETE /api/tasks/a5c73582-ccff-4ac5-8d83-b12b4ff8116d 200 in 5ms (compile: 1827µs, render: 3ms)
 POST /api/tasks 201 in 5ms (compile: 1382µs, render: 4ms)
 POST /api/tasks 201 in 3ms (compile: 1025µs, render: 2ms)
 GET /api/tasks 200 in 6ms (compile: 2ms, render: 4ms)
 DELETE /api/tasks/9185d4ec-55e7-4bc7-ae1c-86438fd9e054 200 in 9ms (compile: 5ms, render: 4ms)
 DELETE /api/tasks/660796c4-64b0-475a-9301-8482bf6d903a 200 in 5ms (compile: 1362µs, render: 3ms)
 POST /api/tasks 201 in 5ms (compile: 1257µs, render: 4ms)
 POST /api/tasks 201 in 4ms (compile: 1129µs, render: 3ms)
 GET /api/tasks 200 in 6ms (compile: 2ms, render: 4ms)
 DELETE /api/tasks/4b6c0e8a-5b25-4443-8654-c2561474960b 200 in 11ms (compile: 6ms, render: 5ms)
 DELETE /api/tasks/9e9a8872-b716-4d4c-b582-595b32e0c13d 200 in 6ms (compile: 1695µs, render: 5ms)
 POST /api/tasks 201 in 5ms (compile: 1495µs, render: 4ms)
 POST /api/tasks 201 in 4ms (compile: 943µs, render: 3ms)
 GET /api/tasks 200 in 6ms (compile: 2ms, render: 4ms)
 DELETE /api/tasks/e335b401-d7c7-42e2-994b-4aca0e763f07 200 in 9ms (compile: 4ms, render: 5ms)
 DELETE /api/tasks/3be59da6-6eb6-491e-b709-32cbaba25d68 200 in 5ms (compile: 1489µs, render: 3ms)
 POST /api/tasks 201 in 6ms (compile: 1360µs, render: 4ms)
 POST /api/tasks 201 in 4ms (compile: 1247µs, render: 3ms)
 GET /api/tasks 200 in 6ms (compile: 2ms, render: 4ms)
 DELETE /api/tasks/fd008a92-b91c-4678-ba8b-893f8a9c117c 200 in 9ms (compile: 4ms, render: 5ms)
 DELETE /api/tasks/bda03aaa-4f53-485a-9826-6cf0190f0866 200 in 5ms (compile: 1669µs, render: 4ms)
 POST /api/tasks 201 in 6ms (compile: 1379µs, render: 4ms)
 POST /api/tasks 201 in 4ms (compile: 1184µs, render: 3ms)
 GET /api/tasks 200 in 6ms (compile: 2ms, render: 4ms)
 DELETE /api/tasks/e224a540-623a-4390-b81c-c721a5cbb938 200 in 10ms (compile: 5ms, render: 6ms)
 DELETE /api/tasks/fed7fffc-e365-4ddb-a3dd-9f486b648b38 200 in 4ms (compile: 987µs, render: 3ms)
 POST /api/tasks 201 in 3ms (compile: 815µs, render: 3ms)
 POST /api/tasks 201 in 3ms (compile: 1039µs, render: 2ms)
 GET /api/tasks 200 in 4ms (compile: 1901µs, render: 2ms)
 DELETE /api/tasks/6031828f-21fe-44ac-bf32-6f323bd37382 200 in 7ms (compile: 4ms, render: 3ms)
 DELETE /api/tasks/7721c1a2-8801-47a3-b07d-05ef7cf44f66 200 in 4ms (compile: 1016µs, render: 3ms)
 POST /api/tasks 201 in 4ms (compile: 880µs, render: 3ms)
 POST /api/tasks 201 in 3ms (compile: 986µs, render: 3ms)
 GET /api/tasks 200 in 6ms (compile: 2ms, render: 4ms)
 DELETE /api/tasks/77bff414-775e-406e-912c-0898979a6b74 200 in 9ms (compile: 5ms, render: 5ms)
 DELETE /api/tasks/8d9d8d70-ee6a-45ee-9df4-2b0e6434be1a 200 in 5ms (compile: 1474µs, render: 3ms)
 POST /api/tasks 201 in 5ms (compile: 1250µs, render: 4ms)
 POST /api/tasks 201 in 4ms (compile: 1190µs, render: 3ms)
 GET /api/tasks 200 in 6ms (compile: 2ms, render: 4ms)
 DELETE /api/tasks/48af6678-376a-4772-ace1-266845fca991 200 in 9ms (compile: 5ms, render: 5ms)
 DELETE /api/tasks/1f6dbd60-c887-4f18-a95b-ea2c39122596 200 in 5ms (compile: 1428µs, render: 3ms)
 POST /api/tasks 201 in 5ms (compile: 1306µs, render: 4ms)
 POST /api/tasks 201 in 4ms (compile: 1025µs, render: 3ms)
 GET /api/tasks 200 in 6ms (compile: 2ms, render: 4ms)
 DELETE /api/tasks/7db5600d-72df-41ea-885a-494239161784 200 in 9ms (compile: 5ms, render: 4ms)
 DELETE /api/tasks/d0426534-7f94-46c4-ad03-b94c590eca35 200 in 5ms (compile: 1403µs, render: 4ms)
 POST /api/tasks 201 in 5ms (compile: 1343µs, render: 3ms)
 POST /api/tasks 201 in 4ms (compile: 906µs, render: 3ms)
 GET /api/tasks 200 in 6ms (compile: 2ms, render: 4ms)
 DELETE /api/tasks/55623694-f422-4ee2-99de-63f056f28393 200 in 9ms (compile: 5ms, render: 5ms)
 DELETE /api/tasks/f036db72-510a-4f4f-a114-4eb50bff1912 200 in 5ms (compile: 1568µs, render: 4ms)
 POST /api/tasks 201 in 6ms (compile: 1372µs, render: 4ms)
 POST /api/tasks 201 in 4ms (compile: 1158µs, render: 3ms)
 GET /api/tasks 200 in 6ms (compile: 2ms, render: 4ms)
 DELETE /api/tasks/b4e42fc5-f77d-45a0-a811-11c2d75ebda6 200 in 9ms (compile: 4ms, render: 5ms)
 DELETE /api/tasks/82bbfb10-5b19-44ab-8e98-c6490f31ae28 200 in 6ms (compile: 1689µs, render: 4ms)
 POST /api/tasks 201 in 6ms (compile: 3ms, render: 4ms)
 POST /api/tasks 201 in 4ms (compile: 1007µs, render: 3ms)
 GET /api/tasks 200 in 6ms (compile: 2ms, render: 4ms)
 DELETE /api/tasks/f16aae14-be45-43b9-9941-ecc1dbf5756e 200 in 10ms (compile: 5ms, render: 5ms)
 DELETE /api/tasks/02a54f62-c8c3-48f2-90b5-d5a3ea53f1f5 200 in 5ms (compile: 1603µs, render: 4ms)
 POST /api/tasks 201 in 6ms (compile: 1636µs, render: 4ms)
 POST /api/tasks 201 in 4ms (compile: 1033µs, render: 3ms)
 GET /api/tasks 200 in 6ms (compile: 2ms, render: 4ms)
 DELETE /api/tasks/92504e5f-c59b-4a25-a5a3-f082bb174772 200 in 9ms (compile: 4ms, render: 5ms)
 DELETE /api/tasks/12da6167-3305-4912-96e1-158cf419e9f7 200 in 6ms (compile: 1656µs, render: 4ms)
 POST /api/tasks 201 in 6ms (compile: 1451µs, render: 4ms)
 POST /api/tasks 201 in 4ms (compile: 1101µs, render: 3ms)
 GET /api/tasks 200 in 6ms (compile: 2ms, render: 4ms)
 DELETE /api/tasks/05c19c30-af2f-4da8-b995-42790bc43888 200 in 10ms (compile: 5ms, render: 5ms)
 DELETE /api/tasks/023c2414-77b3-4b9b-9100-f2a739a29fc4 200 in 7ms (compile: 1899µs, render: 5ms)
 POST /api/tasks 201 in 5ms (compile: 1486µs, render: 3ms)
 POST /api/tasks 201 in 3ms (compile: 521µs, render: 2ms)
 GET /api/tasks 200 in 5ms (compile: 2ms, render: 3ms)
 DELETE /api/tasks/07858bad-f0ed-4328-8a2f-932f2afd9066 200 in 10ms (compile: 5ms, render: 4ms)
 DELETE /api/tasks/7d2f0144-646d-4769-a273-d974d1b20449 200 in 5ms (compile: 1388µs, render: 3ms)
 POST /api/tasks 201 in 5ms (compile: 1378µs, render: 4ms)
 POST /api/tasks 201 in 4ms (compile: 1061µs, render: 2ms)
 GET /api/tasks 200 in 6ms (compile: 2ms, render: 4ms)
 DELETE /api/tasks/6093a2c4-c0e3-41ed-91b7-75c34a989f8d 200 in 9ms (compile: 4ms, render: 5ms)
 DELETE /api/tasks/5e739c59-c1bd-49c0-a29a-52dc88c6ede2 200 in 5ms (compile: 1497µs, render: 3ms)
 POST /api/tasks 201 in 5ms (compile: 1333µs, render: 4ms)
 POST /api/tasks 201 in 4ms (compile: 1153µs, render: 3ms)
 GET /api/tasks 200 in 6ms (compile: 2ms, render: 4ms)
 DELETE /api/tasks/99289ad7-50d4-4b19-88aa-e7b3942b7d34 200 in 9ms (compile: 4ms, render: 4ms)
 DELETE /api/tasks/e9ca90e0-c368-457c-8d4d-e6c47e525762 200 in 5ms (compile: 1450µs, render: 3ms)
 POST /api/tasks 201 in 5ms (compile: 1498µs, render: 4ms)
 POST /api/tasks 201 in 3ms (compile: 944µs, render: 2ms)
 GET /api/tasks 200 in 6ms (compile: 2ms, render: 3ms)
 DELETE /api/tasks/9da7ffca-7b59-4be1-9f00-fd4a7d860a0b 200 in 12ms (compile: 6ms, render: 6ms)
 DELETE /api/tasks/854bfd4b-add6-4c7a-933d-0ff93924dd5d 200 in 3ms (compile: 938µs, render: 2ms)
 POST /api/tasks 201 in 3ms (compile: 717µs, render: 2ms)
 POST /api/tasks 201 in 2ms (compile: 605µs, render: 1793µs)
 GET /api/tasks 200 in 6ms (compile: 2ms, render: 4ms)
 DELETE /api/tasks/97d79e3a-f76d-4da9-b6e4-f0b25539cab9 200 in 9ms (compile: 4ms, render: 5ms)
 DELETE /api/tasks/8c7baa04-7860-4d20-9d3d-2b4e0fb06121 200 in 5ms (compile: 1660µs, render: 3ms)
 POST /api/tasks 201 in 4ms (compile: 1412µs, render: 3ms)
 POST /api/tasks 201 in 3ms (compile: 737µs, render: 1898µs)
 GET /api/tasks 200 in 5ms (compile: 1526µs, render: 3ms)
 DELETE /api/tasks/f55af4ef-7b03-4cf2-80b8-134d44e73608 200 in 10ms (compile: 5ms, render: 5ms)
 DELETE /api/tasks/e7d892fc-18b3-4835-ad55-e5d1bdb6a525 200 in 5ms (compile: 1553µs, render: 3ms)
 POST /api/tasks 201 in 6ms (compile: 1531µs, render: 4ms)
 POST /api/tasks 201 in 4ms (compile: 896µs, render: 3ms)
 GET /api/tasks 200 in 6ms (compile: 2ms, render: 4ms)
 DELETE /api/tasks/6822c92e-b9b4-4f93-8dec-fa7f1815b701 200 in 9ms (compile: 4ms, render: 4ms)
 DELETE /api/tasks/00e6552d-cdc0-4bed-bcd0-e5054bdfae69 200 in 5ms (compile: 1467µs, render: 3ms)
 POST /api/tasks 201 in 6ms (compile: 1705µs, render: 4ms)
 POST /api/tasks 201 in 4ms (compile: 1133µs, render: 2ms)
 GET /api/tasks 200 in 6ms (compile: 2ms, render: 4ms)
 DELETE /api/tasks/72e6ded1-0592-42e1-bffc-45cd5134b74d 200 in 10ms (compile: 5ms, render: 5ms)
 DELETE /api/tasks/bdf6d6e0-2948-4a39-af2f-2ef03e3887a4 200 in 6ms (compile: 1833µs, render: 4ms)
 POST /api/tasks 201 in 5ms (compile: 1752µs, render: 4ms)
 POST /api/tasks 201 in 4ms (compile: 939µs, render: 3ms)
 GET /api/tasks 200 in 6ms (compile: 2ms, render: 4ms)
 DELETE /api/tasks/ad96f150-1293-4d4a-af6f-b744946b34c6 200 in 10ms (compile: 5ms, render: 5ms)
 DELETE /api/tasks/04b8afd5-ada3-4b26-9779-cf7a912271f8 200 in 5ms (compile: 1567µs, render: 4ms)
 POST /api/tasks 201 in 5ms (compile: 1508µs, render: 3ms)
 POST /api/tasks 201 in 3ms (compile: 814µs, render: 2ms)
 GET /api/tasks 200 in 6ms (compile: 2ms, render: 4ms)
 DELETE /api/tasks/5a8e8078-bfaf-41e7-9011-69530dc73b53 200 in 10ms (compile: 5ms, render: 5ms)
 DELETE /api/tasks/3f8dcd1c-fac1-478c-9b36-d44fc1ada4c6 200 in 5ms (compile: 1588µs, render: 4ms)
 POST /api/tasks 201 in 5ms (compile: 1740µs, render: 3ms)
 POST /api/tasks 201 in 3ms (compile: 875µs, render: 2ms)
 GET /api/tasks 200 in 6ms (compile: 2ms, render: 4ms)
 DELETE /api/tasks/d7535442-c0f2-422b-af8f-88a86f53701a 200 in 9ms (compile: 5ms, render: 5ms)
 DELETE /api/tasks/1853bcd0-70d2-4684-ae1c-466e6e569d67 200 in 5ms (compile: 1385µs, render: 3ms)
 POST /api/tasks 201 in 5ms (compile: 1207µs, render: 4ms)
 POST /api/tasks 201 in 4ms (compile: 1180µs, render: 3ms)
 GET /api/tasks 200 in 6ms (compile: 2ms, render: 4ms)
 DELETE /api/tasks/c02c39fa-c955-4642-a7e2-8dccf41df5dd 200 in 11ms (compile: 5ms, render: 6ms)
 DELETE /api/tasks/3b771394-262b-4071-8124-63120c03b11f 200 in 5ms (compile: 1472µs, render: 4ms)
 POST /api/tasks 201 in 5ms (compile: 1590µs, render: 4ms)
 POST /api/tasks 201 in 3ms (compile: 1006µs, render: 2ms)
 GET /api/tasks 200 in 6ms (compile: 2ms, render: 4ms)
 DELETE /api/tasks/5405b603-9bac-4ff9-af85-2816d0a57014 200 in 9ms (compile: 4ms, render: 5ms)
 DELETE /api/tasks/0ef0899f-d36f-4851-bbb7-71b7b2631fca 200 in 5ms (compile: 1494µs, render: 4ms)
 POST /api/tasks 201 in 6ms (compile: 1322µs, render: 4ms)
 POST /api/tasks 201 in 4ms (compile: 1205µs, render: 3ms)
 GET /api/tasks 200 in 6ms (compile: 2ms, render: 4ms)
 DELETE /api/tasks/023f9856-58ac-4655-93de-90369ee764d7 200 in 9ms (compile: 5ms, render: 5ms)
 DELETE /api/tasks/f211e505-2b9a-4f84-b8bb-eff861df4ccb 200 in 5ms (compile: 1458µs, render: 3ms)
 POST /api/tasks 201 in 5ms (compile: 1328µs, render: 4ms)
 POST /api/tasks 201 in 4ms (compile: 1176µs, render: 3ms)
 GET /api/tasks 200 in 6ms (compile: 2ms, render: 4ms)
 DELETE /api/tasks/faae958f-6634-4b60-bf43-6b9f0a41252d 200 in 9ms (compile: 5ms, render: 5ms)
 DELETE /api/tasks/f7a26ce8-fa1d-4fdd-ba0b-0377ab618d94 200 in 5ms (compile: 1453µs, render: 3ms)
 POST /api/tasks 201 in 5ms (compile: 1329µs, render: 4ms)
 POST /api/tasks 201 in 4ms (compile: 1076µs, render: 3ms)
 GET /api/tasks 200 in 8ms (compile: 3ms, render: 5ms)
 DELETE /api/tasks/7a73df6c-b4a6-4c7a-86c8-997f32333301 200 in 8ms (compile: 4ms, render: 4ms)
 DELETE /api/tasks/c99d4dcf-6bcc-4cae-8370-3f860066caf9 200 in 4ms (compile: 1254µs, render: 3ms)
 POST /api/tasks 201 in 5ms (compile: 1170µs, render: 3ms)
 POST /api/tasks 201 in 4ms (compile: 1117µs, render: 3ms)
 GET /api/tasks 200 in 5ms (compile: 1669µs, render: 4ms)
 DELETE /api/tasks/0c6f5d60-0eed-413c-ac7c-70f744ef57d5 200 in 12ms (compile: 5ms, render: 7ms)
 DELETE /api/tasks/98c0ef3b-aa05-4a65-9626-fa71da0920c2 200 in 12ms (compile: 9ms, render: 3ms)
 POST /api/tasks 201 in 3ms (compile: 803µs, render: 2ms)
 POST /api/tasks 201 in 3ms (compile: 643µs, render: 1912µs)
 GET /api/tasks 200 in 6ms (compile: 2ms, render: 4ms)
 DELETE /api/tasks/7398f6f6-30d4-4de8-9c82-2162d80b47ed 200 in 9ms (compile: 5ms, render: 4ms)
 DELETE /api/tasks/1e55c608-3216-42cd-a37a-551667b18cea 200 in 5ms (compile: 1395µs, render: 3ms)
 POST /api/tasks 201 in 5ms (compile: 1288µs, render: 4ms)
 POST /api/tasks 201 in 4ms (compile: 1064µs, render: 3ms)
 GET /api/tasks 200 in 5ms (compile: 1993µs, render: 3ms)
 DELETE /api/tasks/ac5d8a48-d765-487f-87c0-6b633d3763f7 200 in 7ms (compile: 4ms, render: 3ms)
 DELETE /api/tasks/03ef680c-4bd7-4007-8f69-c24de6835847 200 in 6ms (compile: 1602µs, render: 4ms)
 POST /api/tasks 201 in 6ms (compile: 1136µs, render: 5ms)
 POST /api/tasks 201 in 3ms (compile: 975µs, render: 2ms)
 GET /api/tasks 200 in 6ms (compile: 2ms, render: 4ms)
 DELETE /api/tasks/43380291-2c9c-43e2-8d7c-5c3ba1343f87 200 in 9ms (compile: 4ms, render: 5ms)
 DELETE /api/tasks/3303d69c-d501-4bde-b2ef-16e719505632 200 in 5ms (compile: 1464µs, render: 4ms)
 POST /api/tasks 201 in 6ms (compile: 1271µs, render: 4ms)
 POST /api/tasks 201 in 4ms (compile: 1220µs, render: 3ms)
 GET /api/tasks 200 in 3ms (compile: 1259µs, render: 2ms)
 DELETE /api/tasks/6fa1c386-2459-42b4-ad18-87265c5806e7 200 in 7ms (compile: 4ms, render: 4ms)
 DELETE /api/tasks/42f466fe-cfbc-4edc-95f6-99aaf121478b 200 in 3ms (compile: 976µs, render: 2ms)
 POST /api/tasks 201 in 3ms (compile: 783µs, render: 3ms)
 POST /api/tasks 201 in 4ms (compile: 890µs, render: 3ms)
 GET /api/tasks 200 in 6ms (compile: 2ms, render: 4ms)
 DELETE /api/tasks/4ee51388-1a73-4875-ae63-79270dfd4ef3 200 in 9ms (compile: 5ms, render: 5ms)
 DELETE /api/tasks/7c8f64a1-9918-4eae-b71d-43dc795b48d1 200 in 6ms (compile: 2ms, render: 4ms)
 POST /api/tasks 201 in 5ms (compile: 1622µs, render: 3ms)
 POST /api/tasks 201 in 4ms (compile: 1037µs, render: 3ms)
 GET /api/tasks 200 in 6ms (compile: 2ms, render: 4ms)
 DELETE /api/tasks/0d21ea67-bc50-4f0f-81e1-b3c0325c51ae 200 in 9ms (compile: 5ms, render: 5ms)
 DELETE /api/tasks/7962a4eb-0084-4cff-949b-10048716208f 200 in 5ms (compile: 1636µs, render: 4ms)
 POST /api/tasks 201 in 5ms (compile: 1428µs, render: 4ms)
 POST /api/tasks 201 in 4ms (compile: 1144µs, render: 3ms)
 GET /api/tasks 200 in 6ms (compile: 2ms, render: 4ms)
 DELETE /api/tasks/1ac85b4a-d1cc-4498-83c3-141216a3338e 200 in 10ms (compile: 5ms, render: 5ms)
 DELETE /api/tasks/2d236dca-ff7f-447c-85c6-e7696c0a768d 200 in 6ms (compile: 1667µs, render: 4ms)
 POST /api/tasks 201 in 4ms (compile: 1208µs, render: 3ms)
 POST /api/tasks 201 in 3ms (compile: 676µs, render: 1941µs)
 GET /api/tasks 200 in 6ms (compile: 2ms, render: 4ms)
 DELETE /api/tasks/5f00caf3-76e9-446a-a00e-fc7342c77a98 200 in 10ms (compile: 5ms, render: 5ms)
 DELETE /api/tasks/c07a13d1-a57e-41c6-8ba1-db056399353b 200 in 6ms (compile: 1723µs, render: 4ms)
 POST /api/tasks 201 in 5ms (compile: 1383µs, render: 4ms)
 POST /api/tasks 201 in 3ms (compile: 960µs, render: 2ms)
 GET /api/tasks 200 in 6ms (compile: 2ms, render: 4ms)
 DELETE /api/tasks/d0b144f5-d52a-4e9f-ad4b-34adde3ca40b 200 in 9ms (compile: 5ms, render: 4ms)
 DELETE /api/tasks/80d36f47-7c98-4eb0-b837-ab9d7c4f9d4d 200 in 5ms (compile: 1416µs, render: 4ms)
 POST /api/tasks 201 in 5ms (compile: 1521µs, render: 4ms)
 POST /api/tasks 201 in 3ms (compile: 907µs, render: 2ms)
 GET /api/tasks 200 in 6ms (compile: 3ms, render: 3ms)
 DELETE /api/tasks/e90dcc4d-5fc7-42ee-929a-c0de86fe6c9c 200 in 11ms (compile: 6ms, render: 4ms)
 DELETE /api/tasks/7092d619-fd05-4fb3-8c3b-f454134292a8 200 in 5ms (compile: 1477µs, render: 4ms)
 POST /api/tasks 201 in 5ms (compile: 1549µs, render: 4ms)
 POST /api/tasks 201 in 3ms (compile: 914µs, render: 2ms)
 GET /api/tasks 200 in 6ms (compile: 2ms, render: 3ms)
 DELETE /api/tasks/e4d2afdd-ae69-48d2-807a-0e3c50b75e3b 200 in 9ms (compile: 5ms, render: 4ms)
 DELETE /api/tasks/fe36dac5-f9d2-4dc7-ad83-69acf6bdb790 200 in 5ms (compile: 1489µs, render: 3ms)
 POST /api/tasks 201 in 6ms (compile: 1500µs, render: 4ms)
 POST /api/tasks 201 in 4ms (compile: 1237µs, render: 3ms)
 GET /api/tasks 200 in 6ms (compile: 2ms, render: 4ms)
 DELETE /api/tasks/d0cfe17a-5f0c-442b-8c0e-e72fd49cd9b6 200 in 10ms (compile: 5ms, render: 5ms)
 DELETE /api/tasks/508f4589-6b2e-4add-8d3b-80327d9901c2 200 in 5ms (compile: 1577µs, render: 4ms)
 POST /api/tasks 201 in 5ms (compile: 1511µs, render: 3ms)
 POST /api/tasks 201 in 3ms (compile: 819µs, render: 2ms)
 GET /api/tasks 200 in 6ms (compile: 2ms, render: 4ms)
 DELETE /api/tasks/515123d8-2ad5-4c52-918a-671f731a840d 200 in 11ms (compile: 5ms, render: 6ms)
 DELETE /api/tasks/363113d7-39a7-425d-a6b4-29d359a09bcb 200 in 3ms (compile: 734µs, render: 2ms)
 POST /api/tasks 201 in 3ms (compile: 742µs, render: 2ms)
 POST /api/tasks 201 in 1967µs (compile: 500µs, render: 1466µs)
 GET /api/tasks 200 in 6ms (compile: 2ms, render: 3ms)
 DELETE /api/tasks/5fdbad0f-f141-425a-9d06-9614b297a04d 200 in 10ms (compile: 5ms, render: 5ms)
 DELETE /api/tasks/77f29e01-5fda-46aa-9450-4d59f5a4f70c 200 in 6ms (compile: 1391µs, render: 4ms)
 POST /api/tasks 201 in 5ms (compile: 1519µs, render: 4ms)
 POST /api/tasks 201 in 3ms (compile: 1115µs, render: 2ms)
 GET /api/tasks 200 in 6ms (compile: 2ms, render: 4ms)
 DELETE /api/tasks/bbf268c3-0fa8-4f15-9aea-82af989de30b 200 in 9ms (compile: 5ms, render: 4ms)
 DELETE /api/tasks/448b8ee4-e24c-47f6-a66d-ec006038411e 200 in 5ms (compile: 1654µs, render: 4ms)
 POST /api/tasks 201 in 5ms (compile: 1358µs, render: 4ms)
 POST /api/tasks 201 in 4ms (compile: 1125µs, render: 3ms)
 GET /api/tasks 200 in 6ms (compile: 2ms, render: 4ms)
 DELETE /api/tasks/a19cc9a8-191c-4e97-beba-481526c166bd 200 in 10ms (compile: 5ms, render: 5ms)
 DELETE /api/tasks/d02590a5-32f0-46cc-9d8d-a9dd2638616c 200 in 5ms (compile: 1623µs, render: 4ms)
 POST /api/tasks 201 in 5ms (compile: 1410µs, render: 4ms)
 POST /api/tasks 201 in 4ms (compile: 1084µs, render: 3ms)
 GET /api/tasks 200 in 5ms (compile: 2ms, render: 3ms)
 DELETE /api/tasks/327f1bba-572f-45b6-9364-85c52a1c727e 200 in 10ms (compile: 5ms, render: 5ms)
 DELETE /api/tasks/a1ab60b8-483e-408b-807a-6350b1907bb0 200 in 5ms (compile: 1516µs, render: 4ms)
 POST /api/tasks 201 in 5ms (compile: 1365µs, render: 4ms)
 POST /api/tasks 201 in 3ms (compile: 1032µs, render: 2ms)
 GET /api/tasks 200 in 6ms (compile: 2ms, render: 4ms)
 DELETE /api/tasks/907528b2-3759-497c-8a29-08ed459d3ed0 200 in 9ms (compile: 5ms, render: 4ms)
 DELETE /api/tasks/2a3218e0-7d7e-43b6-8d09-e8aa05c38bbd 200 in 5ms (compile: 1493µs, render: 4ms)
 POST /api/tasks 201 in 6ms (compile: 1515µs, render: 4ms)
 POST /api/tasks 201 in 4ms (compile: 1238µs, render: 3ms)
 GET /api/tasks 200 in 6ms (compile: 2ms, render: 4ms)
 DELETE /api/tasks/fabd7d6a-54f3-47ac-aafe-ba5e11267c29 200 in 10ms (compile: 5ms, render: 5ms)
 DELETE /api/tasks/97aa5e2c-be2e-4f56-8d64-ecdad27dcbf2 200 in 5ms (compile: 1494µs, render: 3ms)
 POST /api/tasks 201 in 6ms (compile: 1821µs, render: 4ms)
 POST /api/tasks 201 in 4ms (compile: 1035µs, render: 3ms)
 GET /api/tasks 200 in 6ms (compile: 2ms, render: 4ms)
 DELETE /api/tasks/bf13184a-8253-4f1f-b548-9d11b1d31543 200 in 9ms (compile: 4ms, render: 5ms)
 DELETE /api/tasks/fbf66b99-a89a-44e6-b3f8-9e7bae95657f 200 in 5ms (compile: 1471µs, render: 4ms)
 POST /api/tasks 201 in 6ms (compile: 1210µs, render: 5ms)
 POST /api/tasks 201 in 4ms (compile: 1066µs, render: 3ms)
 GET /api/tasks 200 in 6ms (compile: 2ms, render: 4ms)
 DELETE /api/tasks/af43b4ed-61fd-4b91-8441-5e591fbe8a50 200 in 10ms (compile: 5ms, render: 5ms)
 DELETE /api/tasks/f19e0a3f-37bb-4b12-8e70-078306ec0125 200 in 5ms (compile: 1473µs, render: 4ms)
 POST /api/tasks 201 in 5ms (compile: 1246µs, render: 4ms)
 POST /api/tasks 201 in 4ms (compile: 1224µs, render: 3ms)
 GET /api/tasks 200 in 6ms (compile: 2ms, render: 4ms)
 DELETE /api/tasks/1c2652d3-5f9a-4be6-8f7f-455bbac0d977 200 in 9ms (compile: 5ms, render: 5ms)
 DELETE /api/tasks/ad40cdbc-fb0b-4cf8-a0b7-9560fd94fe71 200 in 5ms (compile: 1506µs, render: 3ms)
 POST /api/tasks 201 in 5ms (compile: 1298µs, render: 4ms)
 POST /api/tasks 201 in 4ms (compile: 1175µs, render: 3ms)
 GET /api/tasks 200 in 6ms (compile: 2ms, render: 4ms)
 DELETE /api/tasks/2dbeab25-6379-4da2-8506-3809f120c5b7 200 in 10ms (compile: 5ms, render: 5ms)
 DELETE /api/tasks/cf52008a-2d8f-4f31-b6a3-e5abfe884803 200 in 5ms (compile: 1477µs, render: 4ms)
 POST /api/tasks 201 in 5ms (compile: 1325µs, render: 3ms)
 POST /api/tasks 201 in 3ms (compile: 761µs, render: 2ms)
 GET /api/tasks 200 in 6ms (compile: 2ms, render: 4ms)
 DELETE /api/tasks/a0417b95-04d3-4dc5-aec7-cd140f35adde 200 in 9ms (compile: 4ms, render: 5ms)
 DELETE /api/tasks/2a6e7a95-d27f-45ca-a3bd-cdd0c1793616 200 in 7ms (compile: 1791µs, render: 5ms)
 POST /api/tasks 201 in 7ms (compile: 2ms, render: 4ms)
 POST /api/tasks 201 in 4ms (compile: 1084µs, render: 3ms)
 GET /api/tasks 200 in 6ms (compile: 2ms, render: 4ms)
 DELETE /api/tasks/82ee2ba6-5d9e-4a9a-a9a0-b28a9bdc1edb 200 in 9ms (compile: 5ms, render: 4ms)
 DELETE /api/tasks/a8756e2d-7e87-480c-bdee-285417770b9c 200 in 5ms (compile: 1430µs, render: 3ms)
 POST /api/tasks 201 in 5ms (compile: 1263µs, render: 4ms)
 POST /api/tasks 201 in 4ms (compile: 1152µs, render: 3ms)
 GET /api/tasks 200 in 6ms (compile: 2ms, render: 4ms)
 DELETE /api/tasks/a84ed3ce-2304-44c8-840c-f9844a03b380 200 in 11ms (compile: 5ms, render: 5ms)
 DELETE /api/tasks/7c78ddaf-b74d-4f31-af7b-984d462eb4b4 200 in 3ms (compile: 995µs, render: 2ms)
 POST /api/tasks 201 in 3ms (compile: 674µs, render: 2ms)
 POST /api/tasks 201 in 2ms (compile: 562µs, render: 1726µs)
 GET /api/tasks 200 in 6ms (compile: 2ms, render: 4ms)
 DELETE /api/tasks/10b11f83-9cc0-4e97-8d90-1db1c62e33de 200 in 9ms (compile: 5ms, render: 4ms)
 DELETE /api/tasks/15f74e8b-fdc5-4683-a04e-4f9cd1bce05d 200 in 5ms (compile: 1448µs, render: 4ms)
 POST /api/tasks 201 in 5ms (compile: 1623µs, render: 4ms)
 POST /api/tasks 201 in 3ms (compile: 646µs, render: 2ms)
 GET /api/tasks 200 in 6ms (compile: 2ms, render: 3ms)
 DELETE /api/tasks/482df9bf-986d-484e-935f-c1fab18113f5 200 in 9ms (compile: 5ms, render: 5ms)
 DELETE /api/tasks/29284259-b873-4cf9-8c4e-6dbc346eda4a 200 in 5ms (compile: 1476µs, render: 4ms)
 POST /api/tasks 201 in 6ms (compile: 1542µs, render: 4ms)
 POST /api/tasks 201 in 4ms (compile: 1091µs, render: 3ms)
 GET /api/tasks 200 in 6ms (compile: 2ms, render: 4ms)
 DELETE /api/tasks/232a1b59-a74c-4892-a3d6-834ebaf56f0c 200 in 10ms (compile: 5ms, render: 5ms)
 DELETE /api/tasks/6c9bf1fe-2c59-43c3-8942-79de7cf59fe4 200 in 6ms (compile: 1721µs, render: 4ms)
 POST /api/tasks 201 in 6ms (compile: 2ms, render: 4ms)
 POST /api/tasks 201 in 4ms (compile: 1106µs, render: 3ms)
 GET /api/tasks 200 in 6ms (compile: 2ms, render: 4ms)
 DELETE /api/tasks/a78bb290-5928-4b76-81b5-0b04d5900dfb 200 in 10ms (compile: 5ms, render: 4ms)
 DELETE /api/tasks/1fde18b1-0816-47d2-896b-15076e171689 200 in 5ms (compile: 1487µs, render: 4ms)
 POST /api/tasks 201 in 6ms (compile: 1417µs, render: 4ms)
 POST /api/tasks 201 in 4ms (compile: 1135µs, render: 3ms)
 GET /api/tasks 200 in 6ms (compile: 2ms, render: 3ms)
 DELETE /api/tasks/a3704bf2-998e-4bf9-b773-1221e450f224 200 in 10ms (compile: 5ms, render: 5ms)
 DELETE /api/tasks/23cb9089-45a0-4b0e-b9f7-54e80b413274 200 in 5ms (compile: 1550µs, render: 4ms)
 POST /api/tasks 201 in 5ms (compile: 1690µs, render: 3ms)
 POST /api/tasks 201 in 4ms (compile: 1069µs, render: 2ms)
 GET /api/tasks 200 in 6ms (compile: 2ms, render: 4ms)
 DELETE /api/tasks/f0cb7e82-c3fd-4bb9-9c1b-c53c3b0a00a9 200 in 9ms (compile: 5ms, render: 4ms)
 DELETE /api/tasks/39d47ec7-3fd6-4fe9-88c6-0f54cf1288b9 200 in 5ms (compile: 1558µs, render: 4ms)
 POST /api/tasks 201 in 6ms (compile: 2ms, render: 3ms)
 POST /api/tasks 201 in 4ms (compile: 1165µs, render: 2ms)
 GET /api/tasks 200 in 3ms (compile: 1220µs, render: 2ms)
 DELETE /api/tasks/65ea122f-b993-49a3-b647-46da5713df04 200 in 7ms (compile: 4ms, render: 3ms)
 DELETE /api/tasks/f6fd67a1-f18e-483e-bb78-0416982e615c 200 in 4ms (compile: 1150µs, render: 3ms)
 POST /api/tasks 201 in 3ms (compile: 902µs, render: 3ms)
 POST /api/tasks 201 in 3ms (compile: 880µs, render: 3ms)
 GET /api/tasks 200 in 6ms (compile: 2ms, render: 3ms)
 DELETE /api/tasks/e1a5cf2f-6d5c-4674-8554-240b229c1671 200 in 9ms (compile: 4ms, render: 4ms)
 DELETE /api/tasks/22d95cfc-5cb5-4abd-9751-f3c74661143e 200 in 5ms (compile: 1361µs, render: 3ms)
 POST /api/tasks 201 in 6ms (compile: 1787µs, render: 4ms)
 POST /api/tasks 201 in 4ms (compile: 1104µs, render: 3ms)
 GET /api/tasks 200 in 6ms (compile: 2ms, render: 4ms)
 DELETE /api/tasks/67377d72-6f29-495c-9adc-fff0795919b6 200 in 9ms (compile: 4ms, render: 5ms)
 DELETE /api/tasks/ebe76a60-26ef-44e6-afee-7f032df1328e 200 in 5ms (compile: 1593µs, render: 4ms)
 POST /api/tasks 201 in 5ms (compile: 1316µs, render: 4ms)
 POST /api/tasks 201 in 4ms (compile: 1055µs, render: 3ms)
 GET /api/tasks 200 in 6ms (compile: 2ms, render: 4ms)
 DELETE /api/tasks/6402df5a-96af-4766-8d3a-9b09aaae8365 200 in 9ms (compile: 5ms, render: 4ms)
 DELETE /api/tasks/96add74e-e198-4b38-807f-f06cc2031358 200 in 5ms (compile: 1437µs, render: 4ms)
 POST /api/tasks 201 in 5ms (compile: 1629µs, render: 3ms)
 POST /api/tasks 201 in 3ms (compile: 706µs, render: 2ms)
 GET /api/tasks 200 in 6ms (compile: 2ms, render: 4ms)
 DELETE /api/tasks/1e52ac02-6ddd-4c80-951a-c5a053b6b787 200 in 9ms (compile: 4ms, render: 4ms)
 DELETE /api/tasks/83b45f26-54a8-4cbf-8337-8a2b03246481 200 in 5ms (compile: 1605µs, render: 4ms)
 POST /api/tasks 201 in 6ms (compile: 1575µs, render: 4ms)
 POST /api/tasks 201 in 4ms (compile: 1098µs, render: 3ms)
 GET /api/tasks 200 in 6ms (compile: 2ms, render: 4ms)
 DELETE /api/tasks/272e8ae8-9c17-4468-8d39-4520af3de815 200 in 9ms (compile: 4ms, render: 5ms)
 DELETE /api/tasks/491a1653-e0e4-4fb7-80e7-7f42ae8b153f 200 in 6ms (compile: 1669µs, render: 4ms)
 POST /api/tasks 201 in 6ms (compile: 1560µs, render: 4ms)
 POST /api/tasks 201 in 4ms (compile: 1195µs, render: 3ms)
 GET /api/tasks 200 in 6ms (compile: 2ms, render: 4ms)
 DELETE /api/tasks/ed3b9f50-e111-48eb-8daa-0497c2e3834a 200 in 13ms (compile: 5ms, render: 7ms)
 DELETE /api/tasks/1a71b823-db9d-4491-80cc-5147e2caf903 200 in 3ms (compile: 1026µs, render: 2ms)
 POST /api/tasks 201 in 2ms (compile: 501µs, render: 1590µs)
 POST /api/tasks 201 in 1858µs (compile: 463µs, render: 1395µs)
 GET /api/tasks 200 in 6ms (compile: 1975µs, render: 4ms)
 DELETE /api/tasks/3e904409-c7bb-41ab-99d7-9f18272330c6 200 in 10ms (compile: 5ms, render: 5ms)
 DELETE /api/tasks/60344015-451e-4a12-aec7-97dcae886f70 200 in 5ms (compile: 1425µs, render: 4ms)
 POST /api/tasks 201 in 6ms (compile: 1881µs, render: 4ms)
 POST /api/tasks 201 in 4ms (compile: 1224µs, render: 3ms)
 GET /api/tasks 200 in 6ms (compile: 2ms, render: 4ms)
 DELETE /api/tasks/10f3d014-bf08-4bc1-851d-066cfcf3ef72 200 in 9ms (compile: 4ms, render: 5ms)
 DELETE /api/tasks/4445d763-3e10-4803-b39c-23df025f4bbf 200 in 5ms (compile: 1442µs, render: 4ms)
 POST /api/tasks 201 in 5ms (compile: 1335µs, render: 4ms)
 POST /api/tasks 201 in 4ms (compile: 1054µs, render: 3ms)
 GET /api/tasks 200 in 6ms (compile: 2ms, render: 4ms)
 DELETE /api/tasks/e2400a3d-aa5b-4b27-bc7d-753c607a810d 200 in 10ms (compile: 5ms, render: 5ms)
 DELETE /api/tasks/b51dfcc4-ac4a-4435-b055-6d2af147cef2 200 in 5ms (compile: 1475µs, render: 4ms)
 POST /api/tasks 201 in 6ms (compile: 1693µs, render: 4ms)
 POST /api/tasks 201 in 4ms (compile: 1031µs, render: 3ms)
 GET /api/tasks 200 in 6ms (compile: 2ms, render: 4ms)
 DELETE /api/tasks/5bf0c245-b320-4ba9-a95f-b8375407b444 200 in 9ms (compile: 4ms, render: 5ms)
 DELETE /api/tasks/8660f7ee-06fa-4b35-8947-1fccc7488648 200 in 5ms (compile: 1585µs, render: 4ms)
 POST /api/tasks 201 in 6ms (compile: 1340µs, render: 4ms)
 POST /api/tasks 201 in 4ms (compile: 1118µs, render: 3ms)
 GET /api/tasks 200 in 6ms (compile: 2ms, render: 4ms)
 DELETE /api/tasks/7da151a2-2c5c-4eba-8177-b8f77b4e4757 200 in 9ms (compile: 4ms, render: 4ms)
 DELETE /api/tasks/9644c873-a92a-4b10-9a42-f6432e0ce2a8 200 in 5ms (compile: 1502µs, render: 3ms)
 POST /api/tasks 201 in 5ms (compile: 1327µs, render: 4ms)
 POST /api/tasks 201 in 4ms (compile: 1217µs, render: 3ms)
 GET /api/tasks 200 in 6ms (compile: 2ms, render: 4ms)
 DELETE /api/tasks/d1f2ee25-49b1-4dd2-b248-dd78fe469e04 200 in 9ms (compile: 4ms, render: 5ms)
 DELETE /api/tasks/d767dcde-deb0-4e0f-9534-87fe44e2d334 200 in 5ms (compile: 1546µs, render: 4ms)
 POST /api/tasks 201 in 5ms (compile: 1740µs, render: 4ms)
 POST /api/tasks 201 in 4ms (compile: 914µs, render: 3ms)
 GET /api/tasks 200 in 6ms (compile: 2ms, render: 4ms)
 DELETE /api/tasks/c0c5498d-c914-4bef-93cb-b8ec630eafcc 200 in 10ms (compile: 5ms, render: 5ms)
 DELETE /api/tasks/0905a8cd-da60-4502-86b5-ad3958a6e6ed 200 in 5ms (compile: 1428µs, render: 4ms)
 POST /api/tasks 201 in 5ms (compile: 1308µs, render: 4ms)
 POST /api/tasks 201 in 4ms (compile: 1125µs, render: 3ms)
 GET /api/tasks 200 in 6ms (compile: 2ms, render: 4ms)
 DELETE /api/tasks/4fceb4aa-28ca-4847-b99e-c622830ce5d0 200 in 10ms (compile: 5ms, render: 5ms)
 DELETE /api/tasks/61147bed-0cdf-4426-9beb-5c5e48bc36c8 200 in 5ms (compile: 1516µs, render: 4ms)
 POST /api/tasks 201 in 5ms (compile: 1295µs, render: 4ms)
 POST /api/tasks 201 in 4ms (compile: 1168µs, render: 3ms)
 GET /api/tasks 200 in 6ms (compile: 2ms, render: 4ms)
 DELETE /api/tasks/183c617d-0565-4dca-9e65-f7a76ee584b8 200 in 9ms (compile: 5ms, render: 4ms)
 DELETE /api/tasks/3463ae62-9fc7-4929-b5f1-7d3fe6a79443 200 in 5ms (compile: 1463µs, render: 4ms)
 POST /api/tasks 201 in 6ms (compile: 1464µs, render: 5ms)
 POST /api/tasks 201 in 4ms (compile: 1226µs, render: 3ms)
 GET /api/tasks 200 in 6ms (compile: 2ms, render: 4ms)
 DELETE /api/tasks/ae74dd49-e75f-49d2-a7cb-f7c33c11f73d 200 in 9ms (compile: 5ms, render: 4ms)
 DELETE /api/tasks/6fe5f840-7339-4120-89af-3110602bb91f 200 in 5ms (compile: 1429µs, render: 4ms)
 POST /api/tasks 201 in 5ms (compile: 1428µs, render: 4ms)
 POST /api/tasks 201 in 4ms (compile: 899µs, render: 3ms)
 GET /api/tasks 200 in 6ms (compile: 2ms, render: 4ms)
 DELETE /api/tasks/2efd6531-feae-486d-b750-51e73a74b304 200 in 9ms (compile: 5ms, render: 5ms)
 DELETE /api/tasks/f94ca980-e0ea-43c6-b3cb-3c484cc36114 200 in 6ms (compile: 1433µs, render: 4ms)
 POST /api/tasks 201 in 6ms (compile: 1436µs, render: 4ms)
 POST /api/tasks 201 in 4ms (compile: 1317µs, render: 3ms)
 GET /api/tasks 200 in 6ms (compile: 2ms, render: 4ms)
 DELETE /api/tasks/3e095d6a-ef4b-4906-b638-905e12c808c7 200 in 10ms (compile: 5ms, render: 5ms)
 DELETE /api/tasks/a9451cb8-c388-4423-9b8d-925ffdd4fff7 200 in 5ms (compile: 1636µs, render: 4ms)
 POST /api/tasks 201 in 6ms (compile: 1405µs, render: 5ms)
 POST /api/tasks 201 in 4ms (compile: 1094µs, render: 3ms)
 GET /api/tasks 200 in 6ms (compile: 2ms, render: 4ms)
 DELETE /api/tasks/04ab6733-ef32-42db-9701-253c70e8a5fe 200 in 12ms (compile: 6ms, render: 6ms)
 DELETE /api/tasks/c6619c79-b724-4035-b68d-d6e8c6d488d7 200 in 3ms (compile: 835µs, render: 2ms)
 POST /api/tasks 201 in 3ms (compile: 702µs, render: 1936µs)
 POST /api/tasks 201 in 3ms (compile: 593µs, render: 1934µs)
 GET /api/tasks 200 in 5ms (compile: 1883µs, render: 4ms)
 DELETE /api/tasks/329e6cb3-3e81-4bd0-8e9b-925f8cb230a6 200 in 9ms (compile: 5ms, render: 4ms)
 DELETE /api/tasks/55831afe-cbaa-4dfe-b4fa-ff2cdd4f5875 200 in 5ms (compile: 1409µs, render: 4ms)
 POST /api/tasks 201 in 5ms (compile: 1440µs, render: 3ms)
 POST /api/tasks 201 in 4ms (compile: 1062µs, render: 3ms)
 GET /api/tasks 200 in 6ms (compile: 2ms, render: 4ms)
 DELETE /api/tasks/c897a988-e645-49dd-baf8-d338848764f7 200 in 10ms (compile: 5ms, render: 5ms)
 DELETE /api/tasks/c83f670f-74bc-4e62-83a1-bd2131afa163 200 in 5ms (compile: 1440µs, render: 4ms)
 POST /api/tasks 201 in 5ms (compile: 1594µs, render: 4ms)
 POST /api/tasks 201 in 4ms (compile: 1248µs, render: 3ms)
 GET /api/tasks 200 in 6ms (compile: 2ms, render: 4ms)
 DELETE /api/tasks/84c4eecd-fcec-45fd-9513-f9bb625ccfdd 200 in 9ms (compile: 5ms, render: 5ms)
 DELETE /api/tasks/6f296030-ae14-4b27-a256-bd93113472c3 200 in 5ms (compile: 1417µs, render: 4ms)
 POST /api/tasks 201 in 5ms (compile: 1658µs, render: 3ms)
 POST /api/tasks 201 in 3ms (compile: 768µs, render: 2ms)
 GET /api/tasks 200 in 6ms (compile: 2ms, render: 4ms)
 DELETE /api/tasks/ba1e0aae-91f5-4c11-a4a3-0b7b9505634f 200 in 9ms (compile: 5ms, render: 4ms)
 DELETE /api/tasks/fac40eff-ce04-4b5b-a0ed-fc91b648b03e 200 in 5ms (compile: 1460µs, render: 3ms)
 POST /api/tasks 201 in 5ms (compile: 1315µs, render: 4ms)
 POST /api/tasks 201 in 4ms (compile: 1112µs, render: 3ms)
 GET /api/tasks 200 in 6ms (compile: 1858µs, render: 4ms)
 DELETE /api/tasks/f5b6ac31-8f91-4f6d-a88d-97c511b9a45a 200 in 10ms (compile: 5ms, render: 5ms)
 DELETE /api/tasks/c1d06242-019d-4cbf-a70f-6e37afba1cf0 200 in 6ms (compile: 1918µs, render: 4ms)
 POST /api/tasks 201 in 4ms (compile: 958µs, render: 3ms)
 POST /api/tasks 201 in 3ms (compile: 731µs, render: 2ms)
 GET /api/tasks 200 in 6ms (compile: 2ms, render: 4ms)
 DELETE /api/tasks/791c9d4b-f827-4733-bb6f-fa51a73be864 200 in 10ms (compile: 6ms, render: 4ms)
 DELETE /api/tasks/68f643d5-6765-46c5-887c-eba0f2e94a68 200 in 5ms (compile: 1514µs, render: 4ms)
 POST /api/tasks 201 in 6ms (compile: 1900µs, render: 4ms)
 POST /api/tasks 201 in 4ms (compile: 1039µs, render: 3ms)
 GET /api/tasks 200 in 6ms (compile: 2ms, render: 4ms)
 DELETE /api/tasks/cf6cd40b-7bfe-4e35-a172-5c95b1e24eeb 200 in 9ms (compile: 5ms, render: 5ms)
 DELETE /api/tasks/b8b08293-7703-4789-b39c-dc2cabc2ea9b 200 in 5ms (compile: 1509µs, render: 4ms)
 POST /api/tasks 201 in 5ms (compile: 1508µs, render: 4ms)
 POST /api/tasks 201 in 4ms (compile: 878µs, render: 3ms)
 GET /api/tasks 200 in 6ms (compile: 2ms, render: 4ms)
 DELETE /api/tasks/e4b1c266-5a18-4a99-9370-81b05125ea72 200 in 9ms (compile: 4ms, render: 5ms)
 DELETE /api/tasks/eed3370c-3a32-4ac5-a8ff-017922a91884 200 in 5ms (compile: 1330µs, render: 3ms)
 POST /api/tasks 201 in 4ms (compile: 1484µs, render: 3ms)
 POST /api/tasks 201 in 3ms (compile: 739µs, render: 2ms)
 GET /api/tasks 200 in 6ms (compile: 2ms, render: 4ms)
 DELETE /api/tasks/3465a34a-68b9-4fe2-bddd-13cd76b8bd9f 200 in 9ms (compile: 5ms, render: 4ms)
 DELETE /api/tasks/356e1ef5-ad19-4b51-a0d7-45a7b7047342 200 in 5ms (compile: 1229µs, render: 4ms)
 POST /api/tasks 201 in 5ms (compile: 1585µs, render: 3ms)
 POST /api/tasks 201 in 3ms (compile: 721µs, render: 2ms)
 GET /api/tasks 200 in 6ms (compile: 2ms, render: 4ms)
 DELETE /api/tasks/02d8892d-212d-4184-8cb9-d3e0ca36e08c 200 in 9ms (compile: 5ms, render: 4ms)
 DELETE /api/tasks/3e4fe003-74f2-4498-b081-043d8c0b3f70 200 in 6ms (compile: 1653µs, render: 4ms)
 POST /api/tasks 201 in 5ms (compile: 1484µs, render: 4ms)
 POST /api/tasks 201 in 3ms (compile: 732µs, render: 2ms)
 GET /api/tasks 200 in 6ms (compile: 2ms, render: 4ms)
 DELETE /api/tasks/a3c99c37-33b0-43cb-abf6-88c163c243b2 200 in 9ms (compile: 5ms, render: 4ms)
 DELETE /api/tasks/63dfb6fd-df52-4c0a-bed0-a6d107933097 200 in 5ms (compile: 1525µs, render: 4ms)
 POST /api/tasks 201 in 5ms (compile: 1556µs, render: 4ms)
 POST /api/tasks 201 in 4ms (compile: 1113µs, render: 3ms)
 GET /api/tasks 200 in 6ms (compile: 2ms, render: 4ms)
 DELETE /api/tasks/19fe3525-3579-47cc-84d0-3172e4eac273 200 in 10ms (compile: 5ms, render: 5ms)
 DELETE /api/tasks/7a0cd842-4444-4298-8ae7-9dc74bb5af2b 200 in 5ms (compile: 1431µs, render: 4ms)
 POST /api/tasks 201 in 6ms (compile: 1603µs, render: 4ms)
 POST /api/tasks 201 in 4ms (compile: 1232µs, render: 3ms)
 GET /api/tasks 200 in 6ms (compile: 2ms, render: 4ms)
 DELETE /api/tasks/ddfedb36-8445-4822-b498-b6f98e8c63da 200 in 13ms (compile: 5ms, render: 7ms)
 DELETE /api/tasks/e1d68b3b-c191-44d3-b80d-acbf31256e71 200 in 3ms (compile: 994µs, render: 2ms)
 POST /api/tasks 201 in 3ms (compile: 706µs, render: 2ms)
 POST /api/tasks 201 in 2ms (compile: 608µs, render: 1706µs)
 GET /api/tasks 200 in 6ms (compile: 2ms, render: 4ms)
 DELETE /api/tasks/faf8ddb5-3873-417f-8d6a-a3391f536b44 200 in 10ms (compile: 5ms, render: 4ms)
 DELETE /api/tasks/5a63710e-38cd-4a2e-a8b9-034cf869d192 200 in 5ms (compile: 1484µs, render: 4ms)
 POST /api/tasks 201 in 5ms (compile: 1266µs, render: 4ms)
 POST /api/tasks 201 in 4ms (compile: 1339µs, render: 3ms)
 GET /api/tasks 200 in 6ms (compile: 2ms, render: 4ms)
 DELETE /api/tasks/3bd83e83-26b0-456a-8535-b2750bea8dba 200 in 10ms (compile: 5ms, render: 5ms)
 DELETE /api/tasks/38e0e984-6a58-4477-91e8-ab6a0a99a467 200 in 5ms (compile: 1609µs, render: 4ms)
 POST /api/tasks 201 in 5ms (compile: 1234µs, render: 4ms)
 POST /api/tasks 201 in 3ms (compile: 775µs, render: 2ms)
 GET /api/tasks 200 in 6ms (compile: 2ms, render: 4ms)
 DELETE /api/tasks/3eedfbd9-bded-4a49-ba8c-c07c9f68fbf0 200 in 9ms (compile: 5ms, render: 5ms)
 DELETE /api/tasks/6ea150a8-5d6a-4908-a4c1-6669dd19c5aa 200 in 5ms (compile: 1568µs, render: 4ms)
 POST /api/tasks 201 in 6ms (compile: 1431µs, render: 4ms)
 POST /api/tasks 201 in 4ms (compile: 1122µs, render: 3ms)
 GET /api/tasks 200 in 6ms (compile: 2ms, render: 4ms)
 DELETE /api/tasks/54dab700-6c40-4ecc-baa5-42ab62c19620 200 in 10ms (compile: 5ms, render: 5ms)
 DELETE /api/tasks/b2473f7d-46e3-449c-a4ad-fb1d48e4c948 200 in 5ms (compile: 1436µs, render: 3ms)
 POST /api/tasks 201 in 5ms (compile: 1283µs, render: 4ms)
 POST /api/tasks 201 in 4ms (compile: 1043µs, render: 3ms)
 GET /api/tasks 200 in 6ms (compile: 2ms, render: 4ms)
 DELETE /api/tasks/f284310c-5f99-4456-b442-86485d4688b1 200 in 9ms (compile: 5ms, render: 5ms)
 DELETE /api/tasks/6facb22a-37c6-47fe-98e7-a5c97f6ed591 200 in 5ms (compile: 1585µs, render: 4ms)
 POST /api/tasks 201 in 5ms (compile: 1380µs, render: 4ms)
 POST /api/tasks 201 in 3ms (compile: 791µs, render: 3ms)
 GET /api/tasks 200 in 6ms (compile: 2ms, render: 4ms)
 DELETE /api/tasks/85ce314c-ca39-4590-ab12-ddfcf128aac2 200 in 9ms (compile: 4ms, render: 4ms)
 DELETE /api/tasks/fb6e5dc6-b088-4af1-9892-0a7d32b667f7 200 in 5ms (compile: 1490µs, render: 4ms)
 POST /api/tasks 201 in 5ms (compile: 1767µs, render: 3ms)
 POST /api/tasks 201 in 4ms (compile: 911µs, render: 3ms)
 GET /api/tasks 200 in 6ms (compile: 2ms, render: 4ms)
 DELETE /api/tasks/0fbc42bc-e458-42d7-b3c8-eba6d2f7f967 200 in 9ms (compile: 5ms, render: 5ms)
 DELETE /api/tasks/97a83d6f-91ff-45a6-9cd6-1460ba353fc1 200 in 5ms (compile: 1334µs, render: 3ms)
 POST /api/tasks 201 in 5ms (compile: 1323µs, render: 4ms)
 POST /api/tasks 201 in 4ms (compile: 1030µs, render: 3ms)
 GET /api/tasks 200 in 6ms (compile: 2ms, render: 4ms)
 DELETE /api/tasks/5e816341-05fd-4c04-b115-b3f5ef296f8e 200 in 10ms (compile: 5ms, render: 5ms)
 DELETE /api/tasks/df4d1a3f-dec3-400d-b2c5-777a86937714 200 in 5ms (compile: 1430µs, render: 4ms)
 POST /api/tasks 201 in 5ms (compile: 1319µs, render: 4ms)
 POST /api/tasks 201 in 4ms (compile: 1085µs, render: 3ms)
 GET /api/tasks 200 in 6ms (compile: 2ms, render: 4ms)
 DELETE /api/tasks/d58d5a9a-d068-45cf-bc17-07ac3b1153de 200 in 10ms (compile: 5ms, render: 4ms)
 DELETE /api/tasks/07b50f85-bfbd-44d6-8b62-0054a3923651 200 in 5ms (compile: 1419µs, render: 4ms)
 POST /api/tasks 201 in 5ms (compile: 1294µs, render: 4ms)
 POST /api/tasks 201 in 5ms (compile: 1287µs, render: 3ms)
 GET /api/tasks 200 in 6ms (compile: 2ms, render: 4ms)
 DELETE /api/tasks/8e78b8d9-9519-4ec7-ad10-879f8ae4f750 200 in 10ms (compile: 5ms, render: 5ms)
 DELETE /api/tasks/2463235e-4401-4fd1-8d41-5c583f2e93ce 200 in 6ms (compile: 1588µs, render: 4ms)
 POST /api/tasks 201 in 5ms (compile: 1098µs, render: 4ms)
 POST /api/tasks 201 in 5ms (compile: 1679µs, render: 3ms)
 GET /api/tasks 200 in 6ms (compile: 2ms, render: 4ms)
 DELETE /api/tasks/b92dff50-6afb-4f91-9030-cee41982ec33 200 in 9ms (compile: 5ms, render: 5ms)
 DELETE /api/tasks/fdfbe529-f660-4040-93e1-78c10385a440 200 in 5ms (compile: 1500µs, render: 3ms)
 POST /api/tasks 201 in 5ms (compile: 1321µs, render: 4ms)
 POST /api/tasks 201 in 4ms (compile: 1130µs, render: 3ms)
 GET /api/tasks 200 in 6ms (compile: 2ms, render: 4ms)
 DELETE /api/tasks/410529ed-2f58-4132-b4a7-7f0f0f9bf875 200 in 9ms (compile: 5ms, render: 5ms)
 DELETE /api/tasks/5e7e8fd8-f11e-48aa-9467-86a95b843978 200 in 5ms (compile: 1461µs, render: 4ms)
 POST /api/tasks 201 in 5ms (compile: 1356µs, render: 4ms)
 POST /api/tasks 201 in 4ms (compile: 1105µs, render: 3ms)
 GET /api/tasks 200 in 6ms (compile: 2ms, render: 4ms)
 DELETE /api/tasks/d3f57d58-6e06-45e3-adc9-1b127755b6e1 200 in 13ms (compile: 6ms, render: 7ms)
 DELETE /api/tasks/545e61d5-931e-49e1-ad6b-6577f314c6c1 200 in 3ms (compile: 737µs, render: 1956µs)
 POST /api/tasks 201 in 3ms (compile: 639µs, render: 1883µs)
 POST /api/tasks 201 in 2ms (compile: 494µs, render: 1683µs)
 GET /api/tasks 200 in 6ms (compile: 2ms, render: 4ms)
 DELETE /api/tasks/07a59e14-cab7-418f-a55f-a866fd031186 200 in 10ms (compile: 5ms, render: 5ms)
 DELETE /api/tasks/8e89e094-2ec5-4e01-b719-c7cf57f4e2c6 200 in 5ms (compile: 1407µs, render: 3ms)
 POST /api/tasks 201 in 5ms (compile: 1295µs, render: 3ms)
 POST /api/tasks 201 in 4ms (compile: 980µs, render: 3ms)
 GET /api/tasks 200 in 6ms (compile: 2ms, render: 4ms)
 DELETE /api/tasks/ae131e4e-0357-4766-bf44-732dacce5c30 200 in 9ms (compile: 5ms, render: 4ms)
 DELETE /api/tasks/56e4e93f-ff79-4e21-bb4d-989d4ffcee44 200 in 5ms (compile: 1331µs, render: 3ms)
 POST /api/tasks 201 in 4ms (compile: 1253µs, render: 3ms)
 POST /api/tasks 201 in 2ms (compile: 614µs, render: 1726µs)
 GET /api/tasks 200 in 6ms (compile: 2ms, render: 4ms)
 DELETE /api/tasks/98693b8a-c26c-4562-9452-5ae431131ec9 200 in 9ms (compile: 5ms, render: 4ms)
 DELETE /api/tasks/4a04ea4c-0a1a-44f4-923b-4065fc556b49 200 in 5ms (compile: 1409µs, render: 3ms)
 POST /api/tasks 201 in 6ms (compile: 1656µs, render: 4ms)
 POST /api/tasks 201 in 4ms (compile: 1149µs, render: 3ms)
 GET /api/tasks 200 in 6ms (compile: 2ms, render: 4ms)
 DELETE /api/tasks/e4dad158-a769-4647-85e8-0c5c58963529 200 in 9ms (compile: 5ms, render: 4ms)
 DELETE /api/tasks/0c710d69-7cf6-44ee-9068-a940518f58bd 200 in 5ms (compile: 1492µs, render: 4ms)
 POST /api/tasks 201 in 5ms (compile: 1299µs, render: 4ms)
 POST /api/tasks 201 in 3ms (compile: 730µs, render: 2ms)
 GET /api/tasks 200 in 6ms (compile: 2ms, render: 4ms)
 DELETE /api/tasks/15092d02-11d9-4b74-b7fb-4b628d917185 200 in 10ms (compile: 5ms, render: 5ms)
 DELETE /api/tasks/10467d09-a71b-42a8-88b0-bf57c4f6af23 200 in 5ms (compile: 1535µs, render: 4ms)
 POST /api/tasks 201 in 6ms (compile: 1668µs, render: 4ms)
 POST /api/tasks 201 in 3ms (compile: 761µs, render: 2ms)
 GET /api/tasks 200 in 5ms (compile: 1893µs, render: 4ms)
 DELETE /api/tasks/a34ac897-ae67-4ee5-8bd9-711a1e496382 200 in 9ms (compile: 5ms, render: 4ms)
 DELETE /api/tasks/0c363784-a30d-4e41-8abf-cc4d8ca38717 200 in 5ms (compile: 1451µs, render: 3ms)
 POST /api/tasks 201 in 5ms (compile: 1682µs, render: 3ms)
 POST /api/tasks 201 in 3ms (compile: 841µs, render: 2ms)
 GET /api/tasks 200 in 6ms (compile: 2ms, render: 4ms)
 DELETE /api/tasks/f3948852-7788-4176-8354-29416b7910e0 200 in 9ms (compile: 5ms, render: 4ms)
 DELETE /api/tasks/629c3284-da6b-48b8-9027-31e838092338 200 in 5ms (compile: 1368µs, render: 3ms)
 POST /api/tasks 201 in 5ms (compile: 1387µs, render: 4ms)
 POST /api/tasks 201 in 4ms (compile: 1052µs, render: 3ms)
 GET /api/tasks 200 in 6ms (compile: 2ms, render: 4ms)
 DELETE /api/tasks/4f8e483d-4dec-44b7-818a-37673df9c40b 200 in 10ms (compile: 5ms, render: 5ms)
 DELETE /api/tasks/2ee339cf-5e91-4100-8046-0f29f66002bb 200 in 6ms (compile: 1511µs, render: 4ms)
 POST /api/tasks 201 in 6ms (compile: 1824µs, render: 4ms)
 POST /api/tasks 201 in 3ms (compile: 644µs, render: 2ms)
 GET /api/tasks 200 in 6ms (compile: 2ms, render: 4ms)
 DELETE /api/tasks/70ebd860-e66c-41b6-9c51-5e8908f28766 200 in 9ms (compile: 5ms, render: 4ms)
 DELETE /api/tasks/ce320368-2793-464f-98a6-adb8b65cec41 200 in 5ms (compile: 1467µs, render: 4ms)
 POST /api/tasks 201 in 5ms (compile: 1334µs, render: 4ms)
 POST /api/tasks 201 in 3ms (compile: 856µs, render: 2ms)
 GET /api/tasks 200 in 6ms (compile: 2ms, render: 4ms)
 DELETE /api/tasks/286bd413-7611-4643-9868-9368d3a1dbd8 200 in 9ms (compile: 4ms, render: 4ms)
 DELETE /api/tasks/e736d3fe-5a2f-46d4-9388-829a8e45dc58 200 in 5ms (compile: 1480µs, render: 3ms)
 POST /api/tasks 201 in 5ms (compile: 1251µs, render: 4ms)
 POST /api/tasks 201 in 3ms (compile: 900µs, render: 3ms)
 GET /api/tasks 200 in 6ms (compile: 2ms, render: 4ms)
 DELETE /api/tasks/629b855b-1a44-41d0-af35-8dc68e267f5a 200 in 8ms (compile: 4ms, render: 4ms)
 DELETE /api/tasks/62c89f34-677a-4130-9f95-3c729b826b2a 200 in 5ms (compile: 1477µs, render: 3ms)
 POST /api/tasks 201 in 5ms (compile: 1298µs, render: 3ms)
 POST /api/tasks 201 in 3ms (compile: 808µs, render: 2ms)
 GET /api/tasks 200 in 6ms (compile: 2ms, render: 4ms)
 DELETE /api/tasks/cded72d1-2d7d-43b8-b55c-ea6262557bde 200 in 10ms (compile: 6ms, render: 5ms)
 DELETE /api/tasks/854178cd-d900-42cf-889d-9cb938693432 200 in 5ms (compile: 1480µs, render: 3ms)
 POST /api/tasks 201 in 6ms (compile: 1431µs, render: 4ms)
 POST /api/tasks 201 in 4ms (compile: 1233µs, render: 3ms)
 GET /api/tasks 200 in 6ms (compile: 2ms, render: 4ms)
 DELETE /api/tasks/26077d3c-e3ad-4f76-aece-bbe4e8440077 200 in 11ms (compile: 5ms, render: 5ms)
 DELETE /api/tasks/74b75e8e-1431-42af-931e-00af9a12b0e4 200 in 3ms (compile: 936µs, render: 2ms)
 POST /api/tasks 201 in 2ms (compile: 574µs, render: 1894µs)
 POST /api/tasks 201 in 2ms (compile: 513µs, render: 1632µs)
 GET /api/tasks 200 in 6ms (compile: 2ms, render: 4ms)
 DELETE /api/tasks/ace67eb0-2778-4bf0-a1e4-e5394f7c3c98 200 in 10ms (compile: 5ms, render: 5ms)
 DELETE /api/tasks/081eb730-81f3-4465-82c5-c0bf4f322420 200 in 6ms (compile: 1754µs, render: 4ms)
 POST /api/tasks 201 in 6ms (compile: 1393µs, render: 4ms)
 POST /api/tasks 201 in 4ms (compile: 1289µs, render: 3ms)
 GET /api/tasks 200 in 6ms (compile: 2ms, render: 4ms)
 DELETE /api/tasks/b50f6b0f-3cc2-49ee-9c1f-d731cca2bebf 200 in 9ms (compile: 4ms, render: 4ms)
 DELETE /api/tasks/1087d7fc-1e4b-49b7-b58e-05e3eabafb6b 200 in 5ms (compile: 1435µs, render: 3ms)
 POST /api/tasks 201 in 5ms (compile: 1250µs, render: 4ms)
 POST /api/tasks 201 in 4ms (compile: 1183µs, render: 3ms)
 GET /api/tasks 200 in 6ms (compile: 2ms, render: 4ms)
 DELETE /api/tasks/4792416c-5d6e-4845-ad36-a63f7e125515 200 in 9ms (compile: 4ms, render: 5ms)
 DELETE /api/tasks/83973002-fd9a-457a-a7de-5717bc715fd0 200 in 5ms (compile: 1569µs, render: 4ms)
 POST /api/tasks 201 in 5ms (compile: 1332µs, render: 4ms)
 POST /api/tasks 201 in 3ms (compile: 731µs, render: 2ms)
 GET /api/tasks 200 in 6ms (compile: 2ms, render: 4ms)
 DELETE /api/tasks/93d6f181-e85f-4aa6-85d1-eef2eaf21a88 200 in 10ms (compile: 5ms, render: 5ms)
 DELETE /api/tasks/aef24c69-6bda-4627-a18b-ffa49d2d32f5 200 in 5ms (compile: 1434µs, render: 4ms)
 POST /api/tasks 201 in 6ms (compile: 1403µs, render: 4ms)
 POST /api/tasks 201 in 4ms (compile: 1167µs, render: 3ms)
 GET /api/tasks 200 in 6ms (compile: 2ms, render: 4ms)
 DELETE /api/tasks/cd243c42-d517-425a-a87e-537393d145f2 200 in 9ms (compile: 4ms, render: 5ms)
 DELETE /api/tasks/9f5cd2fd-0088-45c2-a804-a237559186b1 200 in 5ms (compile: 1511µs, render: 3ms)
 POST /api/tasks 201 in 5ms (compile: 1257µs, render: 4ms)
 POST /api/tasks 201 in 4ms (compile: 1187µs, render: 3ms)
 GET /api/tasks 200 in 6ms (compile: 2ms, render: 4ms)
 DELETE /api/tasks/e8e14489-9e01-4603-9014-cded92295d35 200 in 10ms (compile: 5ms, render: 5ms)
 DELETE /api/tasks/8f757904-403a-43ee-becc-ce9a9e202bd7 200 in 5ms (compile: 1484µs, render: 3ms)
 POST /api/tasks 201 in 8ms (compile: 4ms, render: 4ms)
 POST /api/tasks 201 in 4ms (compile: 1107µs, render: 3ms)
 GET /api/tasks 200 in 6ms (compile: 2ms, render: 4ms)
 DELETE /api/tasks/5ae245cc-87f8-4668-9b26-3d936e1f8b16 200 in 10ms (compile: 5ms, render: 4ms)
 DELETE /api/tasks/cb8b53a5-1456-49e5-8d4b-78e20be5c080 200 in 5ms (compile: 1411µs, render: 4ms)
 POST /api/tasks 201 in 5ms (compile: 1241µs, render: 4ms)
 POST /api/tasks 201 in 4ms (compile: 1112µs, render: 3ms)
 GET /api/tasks 200 in 5ms (compile: 1523µs, render: 3ms)
 DELETE /api/tasks/d195afd0-5ead-4df9-9b6a-52212bf6c5ca 200 in 10ms (compile: 4ms, render: 5ms)
 DELETE /api/tasks/b60917df-6883-4949-aa3f-1d781da34769 200 in 5ms (compile: 1411µs, render: 3ms)
 POST /api/tasks 201 in 5ms (compile: 1321µs, render: 4ms)
 POST /api/tasks 201 in 3ms (compile: 1024µs, render: 2ms)
 GET /api/tasks 200 in 6ms (compile: 1958µs, render: 4ms)
 DELETE /api/tasks/41a4885e-6c9d-45df-bf14-e73ed67b3191 200 in 9ms (compile: 5ms, render: 4ms)
 DELETE /api/tasks/83bdcb4b-9401-4e4c-8e01-99e6a6eda635 200 in 5ms (compile: 1363µs, render: 3ms)
 POST /api/tasks 201 in 5ms (compile: 1536µs, render: 4ms)
 POST /api/tasks 201 in 3ms (compile: 825µs, render: 3ms)
 GET /api/tasks 200 in 6ms (compile: 2ms, render: 4ms)
 DELETE /api/tasks/9a00765e-e5cb-4b14-81d1-7025d6cdc925 200 in 9ms (compile: 5ms, render: 4ms)
 DELETE /api/tasks/cf6f65bd-9a9e-44c4-ad1d-40d6ccc080cd 200 in 5ms (compile: 1459µs, render: 3ms)
 POST /api/tasks 201 in 5ms (compile: 1591µs, render: 3ms)
 POST /api/tasks 201 in 4ms (compile: 1123µs, render: 3ms)
 GET /api/tasks 200 in 6ms (compile: 2ms, render: 4ms)
 DELETE /api/tasks/b0d5ab6f-e1d2-478e-8867-607cbe6a5f0e 200 in 9ms (compile: 4ms, render: 4ms)
 DELETE /api/tasks/abaa0432-cde8-4caf-9c52-6e16a38bea9c 200 in 5ms (compile: 1533µs, render: 3ms)
 POST /api/tasks 201 in 4ms (compile: 1222µs, render: 3ms)
 POST /api/tasks 201 in 3ms (compile: 483µs, render: 2ms)
 GET /api/tasks 200 in 6ms (compile: 2ms, render: 4ms)
 DELETE /api/tasks/c12f0e75-140a-4e42-ad1e-63bf58b24f37 200 in 10ms (compile: 5ms, render: 5ms)
 DELETE /api/tasks/5cf7233b-c47b-44af-9d56-e2322acdc35a 200 in 5ms (compile: 1581µs, render: 4ms)
 POST /api/tasks 201 in 6ms (compile: 1486µs, render: 4ms)
 POST /api/tasks 201 in 4ms (compile: 1202µs, render: 3ms)
 GET /api/tasks 200 in 6ms (compile: 2ms, render: 4ms)
 DELETE /api/tasks/f1533e44-16dd-47b0-a278-63cb2424dc01 200 in 11ms (compile: 6ms, render: 6ms)
 DELETE /api/tasks/f329d301-8256-4d92-83d4-a9052f029598 200 in 4ms (compile: 1047µs, render: 3ms)
 POST /api/tasks 201 in 3ms (compile: 722µs, render: 2ms)
 POST /api/tasks 201 in 2ms (compile: 604µs, render: 1719µs)
 GET /api/tasks 200 in 6ms (compile: 2ms, render: 4ms)
 DELETE /api/tasks/1f48a94f-c3b9-441f-954f-1f6ba4aa862b 200 in 9ms (compile: 5ms, render: 4ms)
 DELETE /api/tasks/24cb2531-cc57-4ce3-ad56-7696e5cfd3c4 200 in 5ms (compile: 1409µs, render: 3ms)
 POST /api/tasks 201 in 5ms (compile: 1176µs, render: 4ms)
 POST /api/tasks 201 in 4ms (compile: 1290µs, render: 3ms)
 GET /api/tasks 200 in 6ms (compile: 2ms, render: 4ms)
 DELETE /api/tasks/525726a6-b537-4859-abec-5031389673be 200 in 9ms (compile: 4ms, render: 4ms)
 DELETE /api/tasks/98af8299-6dde-4d61-93f8-05a3c47486c1 200 in 5ms (compile: 1938µs, render: 3ms)
 POST /api/tasks 201 in 5ms (compile: 1264µs, render: 4ms)
 POST /api/tasks 201 in 3ms (compile: 1008µs, render: 2ms)
 GET /api/tasks 200 in 5ms (compile: 2ms, render: 3ms)
 DELETE /api/tasks/d7ea354d-8586-43da-bd0c-2668a3f57647 200 in 9ms (compile: 5ms, render: 4ms)
 DELETE /api/tasks/05e404db-6fa3-48c9-965e-f5ed84a34f6b 200 in 5ms (compile: 1515µs, render: 4ms)
 POST /api/tasks 201 in 5ms (compile: 1789µs, render: 4ms)
 POST /api/tasks 201 in 3ms (compile: 812µs, render: 2ms)
 GET /api/tasks 200 in 5ms (compile: 2ms, render: 3ms)
 DELETE /api/tasks/eb85c0d5-e3fd-44ca-9729-6af1c0ac06ac 200 in 10ms (compile: 5ms, render: 5ms)
 DELETE /api/tasks/19949212-a775-406e-89c6-9eb9e03a07dd 200 in 5ms (compile: 1415µs, render: 4ms)
 POST /api/tasks 201 in 6ms (compile: 1334µs, render: 4ms)
 POST /api/tasks 201 in 4ms (compile: 1083µs, render: 3ms)
 GET /api/tasks 200 in 5ms (compile: 1714µs, render: 3ms)
 DELETE /api/tasks/b7f13b90-9f1e-4fcb-b25a-74cd8940c175 200 in 9ms (compile: 4ms, render: 4ms)
 DELETE /api/tasks/46445b83-02c6-4974-941a-20d292abbbf4 200 in 5ms (compile: 1381µs, render: 3ms)
 POST /api/tasks 201 in 5ms (compile: 1546µs, render: 3ms)
 POST /api/tasks 201 in 3ms (compile: 720µs, render: 2ms)
 GET /api/tasks 200 in 5ms (compile: 1830µs, render: 4ms)
 DELETE /api/tasks/42be2103-67ad-404d-87fb-fb3b6010f504 200 in 9ms (compile: 4ms, render: 5ms)
 DELETE /api/tasks/aeb7d697-6084-47c1-9816-cb2581f5c022 200 in 5ms (compile: 1645µs, render: 3ms)
 POST /api/tasks 201 in 8ms (compile: 6ms, render: 3ms)
 POST /api/tasks 201 in 13ms (compile: 10ms, render: 3ms)
 GET /api/tasks 200 in 6ms (compile: 3ms, render: 3ms)
 DELETE /api/tasks/8e274e24-6cb0-4a3c-a7c3-64fe0969e443 200 in 9ms (compile: 4ms, render: 5ms)
 DELETE /api/tasks/fbac93d1-4db8-4863-923d-53c1b0c8b7d3 200 in 5ms (compile: 1355µs, render: 3ms)
 POST /api/tasks 201 in 6ms (compile: 1417µs, render: 4ms)
 POST /api/tasks 201 in 4ms (compile: 1126µs, render: 3ms)
 GET /api/tasks 200 in 6ms (compile: 2ms, render: 4ms)
 DELETE /api/tasks/d8318bcb-597d-4e2b-87f4-f39c3573ba78 200 in 9ms (compile: 5ms, render: 5ms)
 DELETE /api/tasks/be572b69-b307-43d9-9b23-0df75e6850d9 200 in 5ms (compile: 1562µs, render: 4ms)
 POST /api/tasks 201 in 4ms (compile: 1237µs, render: 3ms)
 POST /api/tasks 201 in 3ms (compile: 803µs, render: 2ms)
 GET /api/tasks 200 in 6ms (compile: 2ms, render: 4ms)
 DELETE /api/tasks/578fc44d-95ee-4c3c-bbc0-44a7eba17612 200 in 9ms (compile: 4ms, render: 5ms)
 DELETE /api/tasks/23ea71a8-1d5d-43f2-ade3-fbb3f58c87b9 200 in 5ms (compile: 1421µs, render: 4ms)
 POST /api/tasks 201 in 6ms (compile: 1521µs, render: 4ms)
 POST /api/tasks 201 in 4ms (compile: 1268µs, render: 3ms)
 GET /api/tasks 200 in 5ms (compile: 2ms, render: 3ms)
 DELETE /api/tasks/5387cdd5-e7ac-4221-8069-7672167110f5 200 in 8ms (compile: 3ms, render: 5ms)
 DELETE /api/tasks/fe4e8f7d-9dd1-498b-be8f-326b862bb18a 200 in 4ms (compile: 1267µs, render: 3ms)
 POST /api/tasks 201 in 5ms (compile: 1872µs, render: 3ms)
 POST /api/tasks 201 in 3ms (compile: 582µs, render: 2ms)
 GET /api/tasks 200 in 6ms (compile: 2ms, render: 4ms)
 DELETE /api/tasks/c5f2b6fc-7f7d-439c-bd15-9d7e2f65301c 200 in 9ms (compile: 4ms, render: 4ms)
 DELETE /api/tasks/3df48001-07be-45bd-8e22-c9b67bb64151 200 in 5ms (compile: 1431µs, render: 3ms)
 POST /api/tasks 201 in 5ms (compile: 1273µs, render: 4ms)
 POST /api/tasks 201 in 4ms (compile: 1133µs, render: 3ms)
 GET /api/tasks 200 in 6ms (compile: 2ms, render: 4ms)
 DELETE /api/tasks/31efc060-5891-4977-b580-0d3134021ba9 200 in 9ms (compile: 5ms, render: 4ms)
 DELETE /api/tasks/baf8aae5-e92e-454d-b117-06f7d1c7ee65 200 in 5ms (compile: 1513µs, render: 3ms)
 POST /api/tasks 201 in 5ms (compile: 1224µs, render: 3ms)
 POST /api/tasks 201 in 4ms (compile: 1069µs, render: 3ms)
 GET /api/tasks 200 in 6ms (compile: 2ms, render: 4ms)
 DELETE /api/tasks/097dcd24-23a3-4622-91ef-97b39bb021e9 200 in 9ms (compile: 5ms, render: 4ms)
 DELETE /api/tasks/f2861f02-3c85-4841-8807-6db66cfe4d17 200 in 5ms (compile: 1342µs, render: 4ms)
 POST /api/tasks 201 in 5ms (compile: 1258µs, render: 4ms)
 POST /api/tasks 201 in 3ms (compile: 1001µs, render: 2ms)
 GET /api/tasks 200 in 6ms (compile: 2ms, render: 4ms)
 DELETE /api/tasks/1bb05e52-a269-4f3e-a102-63b569603dff 200 in 10ms (compile: 5ms, render: 4ms)
 DELETE /api/tasks/86788817-4154-43b5-b5c8-259242412f75 200 in 5ms (compile: 1362µs, render: 4ms)
 POST /api/tasks 201 in 5ms (compile: 1545µs, render: 4ms)
 POST /api/tasks 201 in 3ms (compile: 970µs, render: 2ms)
 GET /api/tasks 200 in 6ms (compile: 2ms, render: 4ms)
 DELETE /api/tasks/b03fdc02-0233-4ad0-9fe3-516e7c7efe9c 200 in 10ms (compile: 5ms, render: 4ms)
 DELETE /api/tasks/0cacdc62-353e-4894-ba8e-565bc2fa15c9 200 in 5ms (compile: 1440µs, render: 3ms)
 POST /api/tasks 201 in 5ms (compile: 1506µs, render: 4ms)
 POST /api/tasks 201 in 4ms (compile: 1135µs, render: 3ms)
 GET /api/tasks 200 in 6ms (compile: 2ms, render: 4ms)
 DELETE /api/tasks/1322bd59-aef9-43e0-ba39-003d50b517c3 200 in 8ms (compile: 4ms, render: 4ms)
 DELETE /api/tasks/7dccb0a4-1b92-4afa-bd87-944871ff97ff 200 in 5ms (compile: 1361µs, render: 3ms)
 POST /api/tasks 201 in 5ms (compile: 1232µs, render: 4ms)
 POST /api/tasks 201 in 4ms (compile: 1181µs, render: 3ms)
 GET /api/tasks 200 in 6ms (compile: 2ms, render: 4ms)
 DELETE /api/tasks/9d0a9a7e-9374-4cf6-9d51-4ead0e07d0ed 200 in 9ms (compile: 4ms, render: 5ms)
 DELETE /api/tasks/6932a5ff-0750-4486-a7a4-18a25ade132f 200 in 5ms (compile: 1502µs, render: 4ms)
 POST /api/tasks 201 in 5ms (compile: 1373µs, render: 4ms)
 POST /api/tasks 201 in 5ms (compile: 1392µs, render: 3ms)
 GET /api/tasks 200 in 6ms (compile: 2ms, render: 4ms)
 DELETE /api/tasks/29c0d6fe-d311-4a19-906d-972cceecf84e 200 in 10ms (compile: 5ms, render: 5ms)
 DELETE /api/tasks/65e915ca-1c52-442b-9455-f8f9e4059ac0 200 in 5ms (compile: 1629µs, render: 4ms)
 POST /api/tasks 201 in 5ms (compile: 1525µs, render: 4ms)
 POST /api/tasks 201 in 3ms (compile: 805µs, render: 2ms)
 GET /api/tasks 200 in 6ms (compile: 2ms, render: 4ms)
 DELETE /api/tasks/e0d2210f-befa-4f1f-96df-de8560bdde68 200 in 9ms (compile: 5ms, render: 4ms)
 DELETE /api/tasks/1d200405-d2de-4128-baae-a7b31ad4d7a0 200 in 5ms (compile: 1372µs, render: 3ms)
 POST /api/tasks 201 in 5ms (compile: 1383µs, render: 4ms)
 POST /api/tasks 201 in 4ms (compile: 963µs, render: 3ms)
 GET /api/tasks 200 in 6ms (compile: 2ms, render: 4ms)
 DELETE /api/tasks/81f11961-a5b6-4457-a702-f18ea1447595 200 in 9ms (compile: 4ms, render: 4ms)
 DELETE /api/tasks/b0f33b31-30cd-454e-8d83-59d137e8dedb 200 in 5ms (compile: 1355µs, render: 3ms)
 POST /api/tasks 201 in 6ms (compile: 1526µs, render: 4ms)
 POST /api/tasks 201 in 4ms (compile: 1165µs, render: 3ms)
 GET /api/tasks 200 in 6ms (compile: 2ms, render: 4ms)
 DELETE /api/tasks/90891a72-8de9-487a-a467-a8031eec3dbf 200 in 10ms (compile: 5ms, render: 4ms)
 DELETE /api/tasks/46774500-06d8-4acb-b00d-ae79209f5872 200 in 5ms (compile: 1793µs, render: 3ms)
 POST /api/tasks 201 in 6ms (compile: 1742µs, render: 4ms)
 POST /api/tasks 201 in 4ms (compile: 1059µs, render: 3ms)
 GET /api/tasks 200 in 6ms (compile: 2ms, render: 4ms)
 DELETE /api/tasks/5f031de0-c156-435e-9bd0-346624606e86 200 in 10ms (compile: 5ms, render: 5ms)
 DELETE /api/tasks/e5674b5c-bc9d-4be3-a76e-225c6e6eaafc 200 in 5ms (compile: 1555µs, render: 4ms)
 POST /api/tasks 201 in 5ms (compile: 1171µs, render: 3ms)
 POST /api/tasks 201 in 4ms (compile: 905µs, render: 3ms)
 GET /api/tasks 200 in 6ms (compile: 2ms, render: 4ms)
 DELETE /api/tasks/bfabf6e3-425c-4de9-b109-d98fb5bcc3d8 200 in 10ms (compile: 5ms, render: 5ms)
 DELETE /api/tasks/d5a060c6-535c-48b1-8acd-3248bb36426c 200 in 5ms (compile: 1537µs, render: 4ms)
 POST /api/tasks 201 in 5ms (compile: 1313µs, render: 3ms)
 POST /api/tasks 201 in 3ms (compile: 772µs, render: 1910µs)
 GET /api/tasks 200 in 6ms (compile: 2ms, render: 4ms)
 DELETE /api/tasks/7e437e9b-6bd5-4e68-a6f4-562b97e9adfa 200 in 8ms (compile: 4ms, render: 4ms)
 DELETE /api/tasks/1c97b7f1-695f-4b00-8b1c-9c9896b4f77d 200 in 6ms (compile: 1577µs, render: 4ms)
 POST /api/tasks 201 in 6ms (compile: 1636µs, render: 4ms)
 POST /api/tasks 201 in 4ms (compile: 1070µs, render: 3ms)
 GET /api/tasks 200 in 6ms (compile: 2ms, render: 4ms)
 DELETE /api/tasks/c68d6f3d-7d69-4486-b92e-bbe9e157f5b3 200 in 9ms (compile: 5ms, render: 4ms)
 DELETE /api/tasks/20bae30e-31a3-4937-af14-e7544c966931 200 in 5ms (compile: 1504µs, render: 4ms)
 POST /api/tasks 201 in 5ms (compile: 1323µs, render: 3ms)
 POST /api/tasks 201 in 3ms (compile: 702µs, render: 2ms)
 GET /api/tasks 200 in 5ms (compile: 1961µs, render: 3ms)
 DELETE /api/tasks/756bd5e4-7cce-4de2-8272-0760916ff8d0 200 in 10ms (compile: 5ms, render: 5ms)
 DELETE /api/tasks/46a68b23-cd57-42ff-aefe-2edbe705a701 200 in 5ms (compile: 1396µs, render: 4ms)
 POST /api/tasks 201 in 5ms (compile: 1672µs, render: 4ms)
 POST /api/tasks 201 in 3ms (compile: 1156µs, render: 2ms)
 GET /api/tasks 200 in 6ms (compile: 2ms, render: 4ms)
 DELETE /api/tasks/dd8bca50-e74d-45ae-8004-0ee108edbbf9 200 in 9ms (compile: 5ms, render: 5ms)
 DELETE /api/tasks/761c7736-46ef-4a7a-a3c3-a7f934b64292 200 in 5ms (compile: 1426µs, render: 3ms)
 POST /api/tasks 201 in 5ms (compile: 1473µs, render: 3ms)
 POST /api/tasks 201 in 3ms (compile: 887µs, render: 2ms)
 GET /api/tasks 200 in 6ms (compile: 2ms, render: 4ms)
 DELETE /api/tasks/ae3c299d-f575-4a0b-8ca5-cb2eba87a269 200 in 10ms (compile: 5ms, render: 5ms)
 DELETE /api/tasks/84e74731-4d20-4f4f-92b8-9c28d774fca4 200 in 5ms (compile: 1589µs, render: 4ms)
 POST /api/tasks 201 in 5ms (compile: 1393µs, render: 3ms)
 POST /api/tasks 201 in 4ms (compile: 926µs, render: 3ms)
 GET /api/tasks 200 in 6ms (compile: 2ms, render: 4ms)
 DELETE /api/tasks/6313845e-dd1a-4d6e-917c-ae8679fd8f06 200 in 10ms (compile: 5ms, render: 5ms)
 DELETE /api/tasks/89439e1e-3cc8-44d8-a0a3-f2d9620a898c 200 in 5ms (compile: 1524µs, render: 4ms)
 POST /api/tasks 201 in 6ms (compile: 1313µs, render: 4ms)
 POST /api/tasks 201 in 4ms (compile: 1135µs, render: 3ms)
 GET /api/tasks 200 in 6ms (compile: 2ms, render: 4ms)
 DELETE /api/tasks/11b71837-c55d-4a28-ac04-3c181ce55a61 200 in 9ms (compile: 5ms, render: 4ms)
 DELETE /api/tasks/49fd0643-912c-48cd-8ec0-58b8f35075eb 200 in 5ms (compile: 1448µs, render: 3ms)
 POST /api/tasks 201 in 5ms (compile: 1429µs, render: 4ms)
 POST /api/tasks 201 in 4ms (compile: 917µs, render: 3ms)
 GET /api/tasks 200 in 6ms (compile: 2ms, render: 4ms)
 DELETE /api/tasks/5718a3df-66d1-4e98-88ec-dddf4b0854f7 200 in 10ms (compile: 5ms, render: 4ms)
 DELETE /api/tasks/69e83dbc-8a77-4a4a-9457-edf67cc742a2 200 in 5ms (compile: 1370µs, render: 3ms)
 POST /api/tasks 201 in 5ms (compile: 1361µs, render: 3ms)
 POST /api/tasks 201 in 3ms (compile: 717µs, render: 2ms)
 GET /api/tasks 200 in 6ms (compile: 2ms, render: 3ms)
 DELETE /api/tasks/5d8b58c0-f235-4d75-874f-40bc6348eac6 200 in 9ms (compile: 5ms, render: 4ms)
 DELETE /api/tasks/8e140efe-6c93-4776-b7c6-fe7dbb96f1fe 200 in 5ms (compile: 1537µs, render: 4ms)
 POST /api/tasks 201 in 6ms (compile: 1872µs, render: 4ms)
 POST /api/tasks 201 in 3ms (compile: 1062µs, render: 2ms)
 GET /api/tasks 200 in 6ms (compile: 2ms, render: 4ms)
 DELETE /api/tasks/17e3d28e-7c52-41c5-aed7-ef32f71aa80d 200 in 9ms (compile: 4ms, render: 5ms)
 DELETE /api/tasks/16b69fec-77ce-4457-a650-5f3711b67c5e 200 in 5ms (compile: 1457µs, render: 4ms)
 POST /api/tasks 201 in 5ms (compile: 1467µs, render: 3ms)
 POST /api/tasks 201 in 3ms (compile: 805µs, render: 1837µs)
 GET /api/tasks 200 in 6ms (compile: 2ms, render: 4ms)
 DELETE /api/tasks/695f9738-3177-4bd3-afab-5fd262e1e6a5 200 in 10ms (compile: 5ms, render: 5ms)
 DELETE /api/tasks/534a9193-d494-47dc-8bd9-e83f65c1a8e4 200 in 5ms (compile: 1360µs, render: 4ms)
 POST /api/tasks 201 in 4ms (compile: 1319µs, render: 3ms)
 POST /api/tasks 201 in 3ms (compile: 659µs, render: 2ms)
 GET /api/tasks 200 in 4ms (compile: 1115µs, render: 3ms)
 DELETE /api/tasks/0dbe373a-16ee-4d75-839a-c0ea261d21a6 200 in 7ms (compile: 3ms, render: 3ms)
 DELETE /api/tasks/931d4bbf-9be9-47fc-a652-5549eb9949ee 200 in 4ms (compile: 1059µs, render: 3ms)
 POST /api/tasks 201 in 4ms (compile: 823µs, render: 3ms)
 POST /api/tasks 201 in 3ms (compile: 890µs, render: 3ms)
 GET /api/tasks 200 in 6ms (compile: 2ms, render: 4ms)
 DELETE /api/tasks/2b58ee14-721d-4673-8f91-ab433a17bf11 200 in 9ms (compile: 4ms, render: 5ms)
 DELETE /api/tasks/13112f3b-ca43-46ea-80fb-d5a03841f499 200 in 5ms (compile: 1617µs, render: 4ms)
 POST /api/tasks 201 in 4ms (compile: 1226µs, render: 3ms)
 POST /api/tasks 201 in 3ms (compile: 949µs, render: 2ms)
 GET /api/tasks 200 in 6ms (compile: 2ms, render: 3ms)
 DELETE /api/tasks/5c67b964-c0cd-49ff-8ecd-a5b19dae6450 200 in 14ms (compile: 6ms, render: 8ms)
 DELETE /api/tasks/a8ea23fc-30cf-42d9-b88c-97dc45725fae 200 in 3ms (compile: 1001µs, render: 2ms)
 POST /api/tasks 201 in 3ms (compile: 918µs, render: 2ms)
 POST /api/tasks 201 in 2ms (compile: 682µs, render: 1759µs)
 GET /api/tasks 200 in 6ms (compile: 2ms, render: 4ms)
 DELETE /api/tasks/46cb199f-1729-4dee-823e-45bc9b2525b8 200 in 10ms (compile: 5ms, render: 4ms)
 DELETE /api/tasks/73be3ec0-9e4e-49fd-b2de-2e0700f1a343 200 in 5ms (compile: 1416µs, render: 3ms)
 POST /api/tasks 201 in 6ms (compile: 2ms, render: 4ms)
 POST /api/tasks 201 in 4ms (compile: 1056µs, render: 2ms)
 GET /api/tasks 200 in 6ms (compile: 2ms, render: 4ms)
 DELETE /api/tasks/e8751ea1-2ef6-4ba7-a6ef-19774a96cd72 200 in 8ms (compile: 4ms, render: 4ms)
 DELETE /api/tasks/bcc4bb78-183a-4721-b5bb-7ba743778658 200 in 5ms (compile: 1460µs, render: 3ms)
 POST /api/tasks 201 in 5ms (compile: 1350µs, render: 4ms)
 POST /api/tasks 201 in 3ms (compile: 843µs, render: 2ms)
 GET /api/tasks 200 in 6ms (compile: 2ms, render: 4ms)
 DELETE /api/tasks/9ed3b5fb-dccb-4ad0-8b12-2505c947f3e9 200 in 10ms (compile: 5ms, render: 5ms)
 DELETE /api/tasks/f79606db-d392-46a4-8f08-ed4eff71e0a6 200 in 5ms (compile: 1412µs, render: 4ms)
 POST /api/tasks 201 in 5ms (compile: 1367µs, render: 4ms)
 POST /api/tasks 201 in 3ms (compile: 980µs, render: 2ms)
 GET /api/tasks 200 in 6ms (compile: 2ms, render: 4ms)
 DELETE /api/tasks/6b76e153-0937-488a-8524-2ff1d53896a5 200 in 10ms (compile: 5ms, render: 5ms)
 DELETE /api/tasks/45315515-f991-43fa-8da9-c80c0effe55a 200 in 5ms (compile: 1486µs, render: 4ms)
 POST /api/tasks 201 in 5ms (compile: 1366µs, render: 4ms)
 POST /api/tasks 201 in 4ms (compile: 1116µs, render: 3ms)
 GET /api/tasks 200 in 6ms (compile: 2ms, render: 4ms)
 DELETE /api/tasks/ef34076e-dbc4-4248-a743-f6228749c937 200 in 9ms (compile: 4ms, render: 5ms)
 DELETE /api/tasks/4dbc5376-b192-4ea1-b2b9-7078a3c94b29 200 in 5ms (compile: 1522µs, render: 4ms)
 POST /api/tasks 201 in 5ms (compile: 1411µs, render: 4ms)
 POST /api/tasks 201 in 3ms (compile: 1051µs, render: 2ms)
 GET /api/tasks 200 in 6ms (compile: 2ms, render: 4ms)
 DELETE /api/tasks/5fc28696-80d0-427d-936a-c0c348fc03cc 200 in 10ms (compile: 5ms, render: 5ms)
 DELETE /api/tasks/2386e692-fc29-469c-aba1-0118da58a1ed 200 in 5ms (compile: 1508µs, render: 4ms)
 POST /api/tasks 201 in 6ms (compile: 1908µs, render: 4ms)
 POST /api/tasks 201 in 4ms (compile: 1045µs, render: 3ms)
 GET /api/tasks 200 in 6ms (compile: 2ms, render: 4ms)
 DELETE /api/tasks/e52f06c6-2c6f-4a99-a6e8-311921298f38 200 in 10ms (compile: 5ms, render: 4ms)
 DELETE /api/tasks/385b1f1b-84a8-4b98-990f-faf4a14aa0de 200 in 5ms (compile: 1372µs, render: 3ms)
 POST /api/tasks 201 in 6ms (compile: 1460µs, render: 4ms)
 POST /api/tasks 201 in 3ms (compile: 799µs, render: 2ms)
 GET /api/tasks 200 in 6ms (compile: 2ms, render: 4ms)
 DELETE /api/tasks/8dbc887b-826c-4e2f-b683-4a053c1ab443 200 in 11ms (compile: 5ms, render: 5ms)
 DELETE /api/tasks/77aa921e-9299-4610-9873-28ca6cea13ef 200 in 5ms (compile: 1467µs, render: 3ms)
 POST /api/tasks 201 in 5ms (compile: 1416µs, render: 4ms)
 POST /api/tasks 201 in 4ms (compile: 1077µs, render: 3ms)
 GET /api/tasks 200 in 6ms (compile: 2ms, render: 4ms)
 DELETE /api/tasks/f8a628c7-b9dc-46c9-aed2-5524ee28bfb8 200 in 10ms (compile: 6ms, render: 5ms)
 DELETE /api/tasks/0cbbfc6b-1eac-4617-8f7c-e2bdfe22014b 200 in 5ms (compile: 1526µs, render: 3ms)
 POST /api/tasks 201 in 5ms (compile: 1470µs, render: 4ms)
 POST /api/tasks 201 in 4ms (compile: 931µs, render: 3ms)
 GET /api/tasks 200 in 6ms (compile: 2ms, render: 4ms)
 DELETE /api/tasks/11e4e9a5-5c39-4e49-a7fc-c9234c1ce692 200 in 10ms (compile: 5ms, render: 4ms)
 DELETE /api/tasks/54e4a43e-873b-4b20-ab01-f9e0d216a363 200 in 6ms (compile: 1465µs, render: 4ms)
 POST /api/tasks 201 in 6ms (compile: 1798µs, render: 4ms)
 POST /api/tasks 201 in 4ms (compile: 968µs, render: 3ms)
 GET /api/tasks 200 in 6ms (compile: 2ms, render: 4ms)
 DELETE /api/tasks/447de5ef-d515-4d97-b4d1-6e1c963aecdc 200 in 10ms (compile: 5ms, render: 5ms)
 DELETE /api/tasks/09558a35-523a-447b-b4a4-c86596d96224 200 in 5ms (compile: 1470µs, render: 4ms)
 POST /api/tasks 201 in 5ms (compile: 1520µs, render: 4ms)
 POST /api/tasks 201 in 4ms (compile: 1067µs, render: 3ms)
 GET /api/tasks 200 in 6ms (compile: 2ms, render: 4ms)
 DELETE /api/tasks/9d6a0f9c-4429-40b0-9616-08c793c65a90 200 in 9ms (compile: 4ms, render: 4ms)
 DELETE /api/tasks/e90bd823-8e0a-4741-afc9-11302eda4254 200 in 7ms (compile: 1780µs, render: 5ms)
 POST /api/tasks 201 in 4ms (compile: 1011µs, render: 2ms)
 POST /api/tasks 201 in 2ms (compile: 613µs, render: 1837µs)
 GET /api/tasks 200 in 6ms (compile: 2ms, render: 4ms)
 DELETE /api/tasks/952258b2-001e-499b-9bf1-fbaed482dd34 200 in 11ms (compile: 5ms, render: 5ms)
 DELETE /api/tasks/5914c357-c8fa-475c-85d1-3c20c8588119 200 in 12ms (compile: 9ms, render: 3ms)
 POST /api/tasks 201 in 3ms (compile: 703µs, render: 2ms)
 POST /api/tasks 201 in 3ms (compile: 507µs, render: 2ms)
 GET /api/tasks 200 in 5ms (compile: 1947µs, render: 3ms)
 DELETE /api/tasks/a8169d48-ab7b-4d3f-bde4-b4549ada68c6 200 in 9ms (compile: 5ms, render: 4ms)
 DELETE /api/tasks/f10b0752-b40d-4a9e-a02c-9f9833df3f68 200 in 5ms (compile: 1385µs, render: 3ms)
 POST /api/tasks 201 in 4ms (compile: 1403µs, render: 3ms)
 POST /api/tasks 201 in 3ms (compile: 1033µs, render: 2ms)
 GET /api/tasks 200 in 5ms (compile: 1451µs, render: 4ms)
 DELETE /api/tasks/880bff2f-a308-419a-8bec-8f594d2c5ada 200 in 10ms (compile: 5ms, render: 5ms)
 DELETE /api/tasks/3f34edfa-82e6-4bba-b298-c2af0cba0bdd 200 in 5ms (compile: 1438µs, render: 4ms)
 POST /api/tasks 201 in 5ms (compile: 1643µs, render: 4ms)
 POST /api/tasks 201 in 4ms (compile: 1084µs, render: 3ms)
 GET /api/tasks 200 in 6ms (compile: 2ms, render: 4ms)
 DELETE /api/tasks/06aeacd1-1d0d-4016-bb3f-1026185bb507 200 in 10ms (compile: 5ms, render: 4ms)
 DELETE /api/tasks/7666beab-36a3-4db1-ba30-500cef74e815 200 in 5ms (compile: 1638µs, render: 4ms)
 POST /api/tasks 201 in 6ms (compile: 1752µs, render: 4ms)
 POST /api/tasks 201 in 4ms (compile: 1074µs, render: 3ms)
 GET /api/tasks 200 in 6ms (compile: 2ms, render: 4ms)
 DELETE /api/tasks/ba247d87-a69b-417f-a97d-e91199bf4f17 200 in 11ms (compile: 5ms, render: 5ms)
 DELETE /api/tasks/d11c1142-5cb1-4b4a-b45b-300e341a5556 200 in 5ms (compile: 1575µs, render: 4ms)
 POST /api/tasks 201 in 5ms (compile: 1480µs, render: 4ms)
 POST /api/tasks 201 in 3ms (compile: 1097µs, render: 2ms)
 GET /api/tasks 200 in 6ms (compile: 2ms, render: 4ms)
 DELETE /api/tasks/3570ade9-d841-442d-ac88-61b43da3a7de 200 in 10ms (compile: 5ms, render: 5ms)
 DELETE /api/tasks/cdd5eebd-7b8d-48fc-840b-fb199e1e8213 200 in 5ms (compile: 1540µs, render: 4ms)
 POST /api/tasks 201 in 4ms (compile: 1021µs, render: 3ms)
 POST /api/tasks 201 in 1877µs (compile: 387µs, render: 1490µs)
 GET /api/tasks 200 in 6ms (compile: 2ms, render: 4ms)
 DELETE /api/tasks/0614ec52-3b43-414e-863a-651a32b3a6e0 200 in 9ms (compile: 5ms, render: 4ms)
 DELETE /api/tasks/bae3e9b5-b0f6-4a1a-b59f-bbe0a0d8683f 200 in 5ms (compile: 1521µs, render: 4ms)
 POST /api/tasks 201 in 6ms (compile: 1922µs, render: 4ms)
 POST /api/tasks 201 in 4ms (compile: 906µs, render: 3ms)
 GET /api/tasks 200 in 6ms (compile: 2ms, render: 4ms)
 DELETE /api/tasks/46079507-9253-4847-9fb8-e4800413b218 200 in 9ms (compile: 5ms, render: 5ms)
 DELETE /api/tasks/e8894ddd-c1e9-47af-a460-2a915a705f78 200 in 5ms (compile: 1455µs, render: 3ms)
 POST /api/tasks 201 in 5ms (compile: 1228µs, render: 4ms)
 POST /api/tasks 201 in 5ms (compile: 1115µs, render: 3ms)
 GET /api/tasks 200 in 6ms (compile: 2ms, render: 4ms)
 DELETE /api/tasks/65cb9afa-ad90-425f-aaa3-1901f4d1c633 200 in 10ms (compile: 4ms, render: 5ms)
 DELETE /api/tasks/4b9d0e08-5e79-480c-9898-5f088d28ffe1 200 in 5ms (compile: 1386µs, render: 3ms)
 POST /api/tasks 201 in 5ms (compile: 1261µs, render: 4ms)
 POST /api/tasks 201 in 4ms (compile: 1298µs, render: 3ms)
 GET /api/tasks 200 in 6ms (compile: 2ms, render: 4ms)
 DELETE /api/tasks/56813cbe-a0cc-493b-bb3f-42af072d6323 200 in 9ms (compile: 4ms, render: 5ms)
 DELETE /api/tasks/62ee04f0-0400-4684-b1a7-c7f1c43c29d1 200 in 5ms (compile: 1456µs, render: 4ms)
 POST /api/tasks 201 in 5ms (compile: 1296µs, render: 4ms)
 POST /api/tasks 201 in 4ms (compile: 1182µs, render: 3ms)
 GET /api/tasks 200 in 6ms (compile: 2ms, render: 4ms)
 DELETE /api/tasks/b3c63d72-5ac4-4da6-b780-62883df601d0 200 in 9ms (compile: 5ms, render: 5ms)
 DELETE /api/tasks/88da321e-4f26-4c2b-9af4-16b789ae05a6 200 in 5ms (compile: 1574µs, render: 4ms)
 POST /api/tasks 201 in 5ms (compile: 1508µs, render: 4ms)
 POST /api/tasks 201 in 4ms (compile: 957µs, render: 3ms)
 GET /api/tasks 200 in 6ms (compile: 2ms, render: 4ms)
 DELETE /api/tasks/0ed442b1-adba-43d7-b6af-d55f249d439b 200 in 10ms (compile: 5ms, render: 5ms)
 DELETE /api/tasks/2cd909b4-1cd8-4bd1-80d4-55e8accf60ac 200 in 5ms (compile: 1396µs, render: 4ms)
 POST /api/tasks 201 in 5ms (compile: 1477µs, render: 4ms)
 POST /api/tasks 201 in 4ms (compile: 1059µs, render: 3ms)
 GET /api/tasks 200 in 6ms (compile: 2ms, render: 4ms)
 DELETE /api/tasks/f6b07ee5-6b15-4a29-b326-ae1c21875231 200 in 9ms (compile: 4ms, render: 5ms)
 DELETE /api/tasks/e078c116-8b38-4ca7-9b67-893cac8d46f6 200 in 5ms (compile: 1586µs, render: 4ms)
 POST /api/tasks 201 in 6ms (compile: 1986µs, render: 4ms)
 POST /api/tasks 201 in 4ms (compile: 923µs, render: 3ms)
 GET /api/tasks 200 in 6ms (compile: 2ms, render: 4ms)
 DELETE /api/tasks/044369d4-ea0a-48a3-bda2-fb057e5d8adc 200 in 11ms (compile: 5ms, render: 6ms)
 DELETE /api/tasks/9f0b96ec-56f2-47ad-a274-22867115938f 200 in 11ms (compile: 9ms, render: 2ms)
 POST /api/tasks 201 in 3ms (compile: 676µs, render: 1846µs)
 POST /api/tasks 201 in 2ms (compile: 619µs, render: 1502µs)
 GET /api/tasks 200 in 3ms (compile: 1271µs, render: 2ms)
 DELETE /api/tasks/a0c92cd2-df4e-4022-93c2-eaaaa986a1ba 200 in 7ms (compile: 3ms, render: 3ms)
 DELETE /api/tasks/e128bc6d-02fe-4a5f-9246-68b480d35cf0 200 in 4ms (compile: 1002µs, render: 3ms)
 POST /api/tasks 201 in 4ms (compile: 816µs, render: 3ms)
 POST /api/tasks 201 in 4ms (compile: 1111µs, render: 3ms)
 GET /api/tasks 200 in 5ms (compile: 2ms, render: 3ms)
 DELETE /api/tasks/18ee18f4-25fa-4600-9fa9-a9d026f36ea6 200 in 9ms (compile: 5ms, render: 4ms)
 DELETE /api/tasks/a7d38b62-b53f-4313-b3e6-10c11c111d27 200 in 6ms (compile: 1697µs, render: 4ms)
 POST /api/tasks 201 in 5ms (compile: 1449µs, render: 4ms)
 POST /api/tasks 201 in 4ms (compile: 1217µs, render: 2ms)
 GET /api/tasks 200 in 5ms (compile: 1832µs, render: 3ms)
 DELETE /api/tasks/d1f57804-1782-4c07-accd-e517323dd10b 200 in 10ms (compile: 5ms, render: 5ms)
 DELETE /api/tasks/bf8d7de6-15a4-4037-8398-780f13339f86 200 in 5ms (compile: 1504µs, render: 4ms)
 POST /api/tasks 201 in 5ms (compile: 1676µs, render: 3ms)
 POST /api/tasks 201 in 3ms (compile: 713µs, render: 2ms)
 GET /api/tasks 200 in 5ms (compile: 2ms, render: 3ms)
 DELETE /api/tasks/b2f0ac9e-5e5d-4612-883f-925a94896850 200 in 9ms (compile: 4ms, render: 5ms)
 DELETE /api/tasks/2f0b84d3-0e3b-4991-a13f-90b95995e873 200 in 5ms (compile: 1588µs, render: 4ms)
 POST /api/tasks 201 in 4ms (compile: 1360µs, render: 3ms)
 POST /api/tasks 201 in 2ms (compile: 745µs, render: 1675µs)
 GET /api/tasks 200 in 6ms (compile: 2ms, render: 4ms)
 DELETE /api/tasks/1cd681dc-d568-45c8-a1ec-f271cdd0880e 200 in 10ms (compile: 5ms, render: 5ms)
 DELETE /api/tasks/c2dcf0e8-2e8e-4a22-bdbe-5f214007fb4e 200 in 5ms (compile: 1522µs, render: 3ms)
 POST /api/tasks 201 in 4ms (compile: 1218µs, render: 3ms)
 POST /api/tasks 201 in 3ms (compile: 794µs, render: 2ms)
 GET /api/tasks 200 in 6ms (compile: 2ms, render: 4ms)
 DELETE /api/tasks/f7d9d9e3-a9d3-4547-b898-daa085f5c4ef 200 in 9ms (compile: 5ms, render: 5ms)
 DELETE /api/tasks/c5100358-9c61-4cf2-b1df-10a155ad9674 200 in 6ms (compile: 2ms, render: 4ms)
 POST /api/tasks 201 in 4ms (compile: 1569µs, render: 3ms)
 POST /api/tasks 201 in 6ms (compile: 1714µs, render: 4ms)
 GET /api/tasks 200 in 6ms (compile: 2ms, render: 4ms)
 DELETE /api/tasks/19538731-f5ac-429c-9e48-f0eb49180731 200 in 10ms (compile: 5ms, render: 4ms)
 DELETE /api/tasks/0aa3a12a-dfb4-49ae-8a51-e710476b1c21 200 in 5ms (compile: 1395µs, render: 3ms)
 POST /api/tasks 201 in 5ms (compile: 1365µs, render: 3ms)
 POST /api/tasks 201 in 3ms (compile: 947µs, render: 2ms)
 GET /api/tasks 200 in 6ms (compile: 2ms, render: 4ms)
 DELETE /api/tasks/3896a3a4-787b-476b-a1ae-b02bab61ad0f 200 in 9ms (compile: 5ms, render: 4ms)
 DELETE /api/tasks/a05d8760-b180-4119-8831-8feef528c047 200 in 5ms (compile: 1644µs, render: 4ms)
 POST /api/tasks 201 in 5ms (compile: 1432µs, render: 4ms)
 POST /api/tasks 201 in 4ms (compile: 1106µs, render: 3ms)
 GET /api/tasks 200 in 6ms (compile: 2ms, render: 4ms)
 DELETE /api/tasks/37300574-1144-46ac-b58f-f3010e8a03c9 200 in 9ms (compile: 4ms, render: 5ms)
 DELETE /api/tasks/678b5f5b-19f5-4f8d-917d-d85c202893fe 200 in 5ms (compile: 1432µs, render: 4ms)
 POST /api/tasks 201 in 5ms (compile: 1350µs, render: 4ms)
 POST /api/tasks 201 in 4ms (compile: 1609µs, render: 3ms)
 GET /api/tasks 200 in 6ms (compile: 2ms, render: 4ms)
 DELETE /api/tasks/076c8394-9fa3-4421-af92-ce694dae6a8a 200 in 9ms (compile: 5ms, render: 4ms)
 DELETE /api/tasks/0c1bbce2-2edd-4b61-ae83-4ece00104a0a 200 in 5ms (compile: 1372µs, render: 3ms)
 POST /api/tasks 201 in 5ms (compile: 1167µs, render: 4ms)
 POST /api/tasks 201 in 5ms (compile: 1389µs, render: 3ms)
 GET / 200 in 31ms (compile: 3ms, render: 28ms)
 GET /api/tasks 200 in 7ms (compile: 2ms, render: 4ms)
 DELETE /api/tasks/f116b8b9-be4a-40d7-8998-5852b1c8b8e1 200 in 9ms (compile: 5ms, render: 4ms)
 DELETE /api/tasks/6cf6dc28-c8ca-4bbe-9687-a96f0019e248 200 in 5ms (compile: 1460µs, render: 4ms)
 POST /api/tasks 201 in 5ms (compile: 1295µs, render: 3ms)
 POST /api/tasks 201 in 3ms (compile: 767µs, render: 2ms)
 GET /api/tasks 200 in 6ms (compile: 2ms, render: 4ms)
 DELETE /api/tasks/02e1fcfb-82be-498f-b6ee-1771bf0ab75c 200 in 12ms (compile: 6ms, render: 6ms)
 DELETE /api/tasks/f456b31a-71e4-4e40-87fe-c8056a13693f 200 in 3ms (compile: 926µs, render: 2ms)
 POST /api/tasks 201 in 3ms (compile: 748µs, render: 2ms)
 POST /api/tasks 201 in 3ms (compile: 729µs, render: 1782µs)
 GET /api/tasks 200 in 6ms (compile: 2ms, render: 4ms)
 DELETE /api/tasks/ac458eb8-fd46-4f76-a2be-9cc06ca0d874 200 in 9ms (compile: 5ms, render: 5ms)
 DELETE /api/tasks/dd93d35d-1d10-4794-b879-dca4a7839a8c 200 in 5ms (compile: 1473µs, render: 4ms)
 POST /api/tasks 201 in 5ms (compile: 1297µs, render: 4ms)
 POST /api/tasks 201 in 4ms (compile: 1224µs, render: 3ms)
 GET /api/tasks 200 in 6ms (compile: 2ms, render: 4ms)
 DELETE /api/tasks/8cdf9f9c-69f4-4239-a026-e46f224e61b2 200 in 9ms (compile: 4ms, render: 4ms)
 DELETE /api/tasks/9a8df1db-30ab-4f94-9eb0-a8bb863da81a 200 in 5ms (compile: 1482µs, render: 3ms)
 POST /api/tasks 201 in 5ms (compile: 1207µs, render: 3ms)
 POST /api/tasks 201 in 4ms (compile: 898µs, render: 3ms)
 GET /api/tasks 200 in 6ms (compile: 3ms, render: 3ms)
 DELETE /api/tasks/5befcd8c-3ff1-4406-acf0-0a99dcdd1f07 200 in 6ms (compile: 3ms, render: 3ms)
 DELETE /api/tasks/d4a73636-3f52-42d0-b128-37ec47ae00bd 200 in 4ms (compile: 989µs, render: 3ms)
 POST /api/tasks 201 in 4ms (compile: 914µs, render: 3ms)
 POST /api/tasks 201 in 3ms (compile: 1099µs, render: 2ms)
 GET /api/tasks 200 in 4ms (compile: 1431µs, render: 3ms)
 DELETE /api/tasks/f58d90bc-02c5-485b-8218-080232e051d8 200 in 8ms (compile: 4ms, render: 4ms)
 DELETE /api/tasks/170a9387-b13b-491f-9d4d-e4b14c2c4820 200 in 4ms (compile: 1205µs, render: 3ms)
 POST /api/tasks 201 in 4ms (compile: 981µs, render: 3ms)
 POST /api/tasks 201 in 2ms (compile: 606µs, render: 1450µs)
 GET /api/tasks 200 in 6ms (compile: 2ms, render: 4ms)
 DELETE /api/tasks/b7d8bd7a-26bd-4173-bf87-76129fcfb435 200 in 13ms (compile: 6ms, render: 7ms)
 DELETE /api/tasks/aca91d29-f1d2-411d-b9e4-60c87305d393 200 in 6ms (compile: 1444µs, render: 4ms)
 POST /api/tasks 201 in 5ms (compile: 1613µs, render: 4ms)
 POST /api/tasks 201 in 4ms (compile: 1057µs, render: 3ms)
 GET /api/tasks 200 in 7ms (compile: 2ms, render: 5ms)
 DELETE /api/tasks/f2a228b4-6e54-4f20-a23c-1651fcfe3528 200 in 9ms (compile: 5ms, render: 4ms)
 DELETE /api/tasks/27585e4b-743c-4d71-9e23-ebcd4dc5cd24 200 in 5ms (compile: 1508µs, render: 3ms)
 POST /api/tasks 201 in 4ms (compile: 855µs, render: 3ms)
 POST /api/tasks 201 in 3ms (compile: 714µs, render: 3ms)
 GET /api/tasks 200 in 6ms (compile: 2ms, render: 4ms)
 DELETE /api/tasks/7ca07407-740d-41db-b9ea-cf3bc3a310a2 200 in 10ms (compile: 6ms, render: 4ms)
 DELETE /api/tasks/8e869a66-19b9-48c3-bb60-3a02edb0db59 200 in 5ms (compile: 1452µs, render: 4ms)
 POST /api/tasks 201 in 5ms (compile: 1312µs, render: 4ms)
 POST /api/tasks 201 in 3ms (compile: 923µs, render: 1953µs)
 GET /api/tasks 200 in 6ms (compile: 2ms, render: 4ms)
 DELETE /api/tasks/fd3364fe-5732-4288-a9a8-2ecc4985d633 200 in 10ms (compile: 5ms, render: 5ms)
 DELETE /api/tasks/f8e84d4f-849e-4469-af12-6620c8c4041e 200 in 5ms (compile: 1459µs, render: 4ms)
 POST /api/tasks 201 in 6ms (compile: 1745µs, render: 4ms)
 POST /api/tasks 201 in 3ms (compile: 966µs, render: 1897µs)
 GET /api/tasks 200 in 6ms (compile: 2ms, render: 4ms)
 DELETE /api/tasks/c013652e-e5aa-44ac-84d8-5c5b86e14797 200 in 10ms (compile: 5ms, render: 5ms)
 DELETE /api/tasks/18b2e27b-533d-42de-ba17-a0da2057dc66 200 in 5ms (compile: 1559µs, render: 4ms)
 POST /api/tasks 201 in 5ms (compile: 1568µs, render: 3ms)
 POST /api/tasks 201 in 3ms (compile: 927µs, render: 1926µs)
 GET /api/tasks 200 in 6ms (compile: 2ms, render: 4ms)
 DELETE /api/tasks/d45261d2-be1e-4a05-9ea6-181ac7f9f1d5 200 in 9ms (compile: 5ms, render: 5ms)
 DELETE /api/tasks/3536dbd9-4e30-43d1-ba7d-d01bf52756c9 200 in 5ms (compile: 1506µs, render: 3ms)
 POST /api/tasks 201 in 5ms (compile: 1506µs, render: 4ms)
 POST /api/tasks 201 in 3ms (compile: 857µs, render: 1849µs)
 GET /api/tasks 200 in 6ms (compile: 2ms, render: 4ms)
 DELETE /api/tasks/e5d8448c-a1f8-4b5b-a664-f1e698eec677 200 in 10ms (compile: 5ms, render: 5ms)
 DELETE /api/tasks/ea051827-351f-49a0-984b-508a4ac29e34 200 in 5ms (compile: 1652µs, render: 4ms)
 POST /api/tasks 201 in 5ms (compile: 1372µs, render: 4ms)
 POST /api/tasks 201 in 3ms (compile: 1074µs, render: 2ms)
 GET /api/tasks 200 in 6ms (compile: 2ms, render: 4ms)
 DELETE /api/tasks/30a026cb-6a73-4924-a24d-976d52be8f71 200 in 9ms (compile: 4ms, render: 4ms)
 DELETE /api/tasks/b20c3bb9-5a39-4ec0-a6c5-30292a1b1ec2 200 in 5ms (compile: 1431µs, render: 3ms)
 POST /api/tasks 201 in 5ms (compile: 1662µs, render: 4ms)
 POST /api/tasks 201 in 3ms (compile: 892µs, render: 2ms)
 GET /api/tasks 200 in 6ms (compile: 2ms, render: 4ms)
 DELETE /api/tasks/d5fa13e6-1088-43ff-b244-bd57abae6f11 200 in 10ms (compile: 5ms, render: 6ms)
 DELETE /api/tasks/c2c43028-8fc6-4dd9-be35-f8b33d41f8d7 200 in 3ms (compile: 949µs, render: 2ms)
 POST /api/tasks 201 in 3ms (compile: 646µs, render: 1998µs)
 POST /api/tasks 201 in 2ms (compile: 572µs, render: 1782µs)
 GET /api/tasks 200 in 6ms (compile: 2ms, render: 4ms)
 DELETE /api/tasks/cac819e6-d1b7-4cbf-ac31-81000734e3e0 200 in 10ms (compile: 5ms, render: 5ms)
 DELETE /api/tasks/88091e8e-142f-48c7-a65f-ee4dbe11da50 200 in 6ms (compile: 1591µs, render: 4ms)
 POST /api/tasks 201 in 6ms (compile: 1547µs, render: 4ms)
 POST /api/tasks 201 in 4ms (compile: 1407µs, render: 3ms)
 GET /api/tasks 200 in 6ms (compile: 2ms, render: 3ms)
 DELETE /api/tasks/d0bea1a8-42bf-4094-aca4-2545f8fbe160 200 in 10ms (compile: 6ms, render: 4ms)
 DELETE /api/tasks/3461b690-85e4-44bf-925e-572794302798 200 in 5ms (compile: 1491µs, render: 3ms)
 POST /api/tasks 201 in 5ms (compile: 1433µs, render: 4ms)
 POST /api/tasks 201 in 3ms (compile: 1050µs, render: 2ms)
 GET /api/tasks 200 in 5ms (compile: 1731µs, render: 3ms)
 DELETE /api/tasks/688372b0-7888-42dd-9eb7-85f118539155 200 in 10ms (compile: 5ms, render: 5ms)
 DELETE /api/tasks/436ff030-cd41-4a8b-a32a-96f978d2d2c4 200 in 5ms (compile: 1489µs, render: 4ms)
 POST /api/tasks 201 in 5ms (compile: 1453µs, render: 4ms)
 POST /api/tasks 201 in 3ms (compile: 905µs, render: 1904µs)
 GET /api/tasks 200 in 6ms (compile: 2ms, render: 4ms)
 DELETE /api/tasks/7c0bd1e2-4600-42f7-831b-746c6e145f5f 200 in 10ms (compile: 5ms, render: 5ms)
 DELETE /api/tasks/f8254053-2f4e-4150-be0e-0b989ecf4209 200 in 5ms (compile: 1480µs, render: 4ms)
 POST /api/tasks 201 in 5ms (compile: 1399µs, render: 4ms)
 POST /api/tasks 201 in 4ms (compile: 1062µs, render: 3ms)
 GET /api/tasks 200 in 4ms (compile: 1694µs, render: 2ms)
 DELETE /api/tasks/02158eb9-9d9c-4aeb-86a5-5dd3c0f9799a 200 in 6ms (compile: 3ms, render: 4ms)
 DELETE /api/tasks/228afb77-0672-43bb-adc6-3919907b924a 200 in 4ms (compile: 1074µs, render: 3ms)
 POST /api/tasks 201 in 3ms (compile: 718µs, render: 3ms)
 POST /api/tasks 201 in 4ms (compile: 929µs, render: 3ms)
 GET /api/tasks 200 in 6ms (compile: 2ms, render: 4ms)
 DELETE /api/tasks/d4f0aee3-da70-4c59-99d8-1f90634f98d5 200 in 9ms (compile: 5ms, render: 4ms)
 DELETE /api/tasks/6b29b6f1-97d8-450a-9e05-c67ff45eb094 200 in 5ms (compile: 1439µs, render: 3ms)
 POST /api/tasks 201 in 5ms (compile: 1768µs, render: 3ms)
 POST /api/tasks 201 in 3ms (compile: 900µs, render: 3ms)
 GET /api/tasks 200 in 6ms (compile: 2ms, render: 4ms)
 DELETE /api/tasks/d841d93d-c20c-45f9-8681-d0ccf827873d 200 in 9ms (compile: 5ms, render: 4ms)
 DELETE /api/tasks/d901c398-e4d1-4c99-8272-184da1c22674 200 in 5ms (compile: 1338µs, render: 3ms)
 POST /api/tasks 201 in 5ms (compile: 1447µs, render: 3ms)
 POST /api/tasks 201 in 4ms (compile: 1084µs, render: 3ms)
 GET /api/tasks 200 in 6ms (compile: 2ms, render: 4ms)
 DELETE /api/tasks/aaca99d9-0934-4df1-8858-59a94f41c30f 200 in 9ms (compile: 4ms, render: 5ms)
 DELETE /api/tasks/61a1b826-9573-4b9f-98ba-396acf9436a4 200 in 5ms (compile: 1445µs, render: 3ms)
 POST /api/tasks 201 in 6ms (compile: 1290µs, render: 4ms)
 POST /api/tasks 201 in 4ms (compile: 1131µs, render: 3ms)
 GET /api/tasks 200 in 4ms (compile: 1434µs, render: 2ms)
 DELETE /api/tasks/b0033ee5-6c6b-4079-a2fd-582b227ffa67 200 in 8ms (compile: 4ms, render: 3ms)
 DELETE /api/tasks/5a67a49b-8c04-41b8-936b-22978b1b3dbb 200 in 4ms (compile: 1178µs, render: 3ms)
 POST /api/tasks 201 in 4ms (compile: 953µs, render: 3ms)
 POST /api/tasks 201 in 4ms (compile: 1011µs, render: 3ms)
 GET /api/tasks 200 in 4ms (compile: 1364µs, render: 3ms)
 DELETE /api/tasks/219495ad-0e12-45b7-aa1f-c923feaff987 200 in 7ms (compile: 4ms, render: 4ms)
 DELETE /api/tasks/66350c3d-e244-493b-a0c6-fa7f02e4aad6 200 in 4ms (compile: 1056µs, render: 3ms)
 POST /api/tasks 201 in 3ms (compile: 793µs, render: 3ms)
 POST /api/tasks 201 in 3ms (compile: 832µs, render: 2ms)
 GET /api/tasks 200 in 4ms (compile: 1393µs, render: 2ms)
 DELETE /api/tasks/3431e92e-83fa-48fb-a4eb-ad2c5e4c6d7a 200 in 7ms (compile: 4ms, render: 4ms)
 DELETE /api/tasks/c69c3511-107b-48d6-ac81-386b05b650b6 200 in 4ms (compile: 1097µs, render: 3ms)
 POST /api/tasks 201 in 4ms (compile: 985µs, render: 3ms)
 POST /api/tasks 201 in 3ms (compile: 949µs, render: 1611µs)
